com/mojang/blaze3d/framegraph/FramePass	0	0
net/minecraft/client/renderer/entity/state/ItemFrameRenderState	0	0
net/minecraft/client/searchtree/SuffixArray	229	215
	36	32
	37	33
	38	34
	40	35
	41	37
	42	38
	43	39
	44	40
	46	43
	47	44
	48	45
	49	46
	52	49
	54	50
	56	51
	57	52
	58	53
	60	54
	61	54
	62	54
	64	54
	67	55
	68	56
	69	57
	70	58
	71	59
	73	60
	74	61
	75	62
	77	63
	78	64
	79	65
	81	67
	83	69
	84	70
	87	73
	89	75
	90	75
	91	76
	92	77
	93	78
	94	76
	97	81
	99	83
	100	84
	101	85
	103	87
	107	75
	110	92
	111	93
	113	94
	114	95
	115	97
	116	98
	117	99
	118	100
	120	103
	121	104
	123	106
	126	109
	127	110
	129	113
	130	114
	133	117
	134	118
	136	119
	137	121
	138	122
	139	123
	141	126
	142	127
	145	131
	147	134
	152	138
	153	139
	155	141
	156	142
	157	143
	158	144
	161	147
	162	148
	163	149
	164	150
	165	153
	166	154
	170	158
	174	162
	178	163
	179	164
	181	166
	182	167
	183	168
	184	169
	185	170
	187	173
	188	174
	190	176
	194	180
	195	215
	198	181
	200	182
	201	184
	202	185
	203	186
	204	187
	205	188
	207	191
	208	192
	210	194
	214	198
	217	199
	218	201
	219	202
	222	205
	223	206
	225	207
	226	209
	227	210
	229	213
net/minecraft/client/MouseHandler	452	447
	71	59
	72	60
	73	61
	76	64
	77	65
	78	150
	81	66
	83	67
	84	68
	87	71
	89	72
	90	73
	91	74
	92	75
	93	76
	94	77
	97	80
	99	81
	100	82
	101	83
	102	86
	103	87
	104	88
	107	91
	108	92
	109	93
	110	94
	112	95
	113	96
	115	99
	116	100
	117	104
	118	105
	119	106
	120	107
	122	109
	123	110
	124	111
	125	112
	126	113
	127	114
	128	115
	132	119
	133	120
	135	122
	136	123
	137	124
	138	125
	140	126
	142	127
	143	128
	147	134
	148	135
	149	136
	150	137
	151	138
	152	139
	153	140
	156	143
	157	144
	158	145
	159	146
	162	150
	165	153
	166	154
	167	155
	168	156
	169	157
	171	159
	172	160
	173	161
	176	165
	180	172
	181	178
	182	187
	185	190
	186	191
	187	192
	188	193
	189	194
	190	195
	191	196
	193	197
	194	198
	195	199
	196	200
	197	201
	198	202
	199	203
	200	204
	201	205
	203	208
	205	209
	206	210
	207	211
	209	213
	210	214
	216	217
	217	218
	221	225
	224	228
	225	229
	226	230
	229	233
	230	234
	232	236
	235	240
	236	240
	238	241
	239	242
	240	243
	241	243
	243	244
	244	245
	245	247
	246	248
	248	251
	249	252
	250	253
	251	254
	254	258
	255	259
	256	260
	258	262
	260	264
	263	267
	264	282
	266	268
	267	269
	268	270
	269	271
	270	282
	273	273
	274	274
	275	275
	278	278
	279	279
	280	282
	284	285
	285	286
	286	287
	287	288
	288	289
	289	290
	290	291
	291	292
	293	295
	294	296
	295	297
	296	298
	299	301
	300	302
	301	303
	302	304
	303	305
	304	306
	305	307
	308	310
	309	311
	310	312
	312	315
	313	316
	314	317
	315	318
	316	319
	317	320
	318	321
	321	325
	323	328
	324	329
	327	333
	328	334
	329	335
	332	338
	336	342
	340	346
	344	350
	351	354
	352	355
	353	356
	355	359
	356	360
	357	361
	358	362
	359	363
	360	364
	361	365
	362	366
	364	367
	365	368
	367	370
	368	371
	370	372
	371	373
	374	376
	375	377
	376	378
	377	378
	378	378
	381	380
	384	383
	388	387
	392	391
	396	395
	400	399
	404	403
	405	404
	410	407
	414	411
	415	426
	417	412
	418	426
	420	413
	421	414
	423	417
	424	418
	425	419
	426	420
	427	421
	428	422
	429	423
	430	426
	433	429
	434	435
	436	430
	437	431
	438	432
	439	433
	440	435
	443	438
	444	439
	447	442
	448	443
	449	444
	450	445
	451	446
	452	447
net/minecraft/client/gui/components/debug/DebugScreenEntry	15	15
	11	11
	15	15
net/minecraft/client/color/item/Constant	28	29
	17	19
	18	18
	19	20
	23	24
	28	29
	13	13
	14	14
	15	14
net/minecraft/client/animation/definitions/NautilusAnimation	0	0
com/mojang/realmsclient/client/worldupload/package-info	0	0
net/minecraft/client/model/object/skull/package-info	0	0
com/mojang/realmsclient/exception/RealmsServiceException	14	13
	9	9
	10	10
	14	13
net/minecraft/client/model/object/statue/package-info	0	0
net/minecraft/client/renderer/item/properties/select/ComponentContents	64	50
	64	50
	33	22
	35	24
	37	25
	38	26
	43	28
	49	32
	54	40
	24	19
	25	21
	26	21
	27	21
	59	45
	29	21
	31	22
net/minecraft/client/model/monster/piglin/AdultPiglinModel	35	28
	16	14
	17	15
	35	28
	20	18
	22	19
	23	20
	24	20
	25	20
	28	21
	29	22
	30	23
net/minecraft/client/model/monster/zombie/BabyZombieVillagerModel	76	57
	64	50
	65	50
	66	50
	67	50
	70	51
	74	55
	75	56
	76	57
	16	14
	17	15
	20	18
	21	19
	23	20
	24	22
	25	23
	26	25
	27	27
	29	29
	30	30
	31	30
	32	30
	34	32
	35	33
	36	33
	37	33
	39	35
	40	35
	41	35
	42	35
	44	36
	45	36
	46	36
	47	36
	49	37
	50	39
	51	39
	52	40
	54	42
	55	44
	56	44
	57	45
	59	47
	60	48
	61	48
	62	48
net/minecraft/client/gui/screens/worldselection/InitialWorldCreationOptions	0	0
net/minecraft/client/gui/components/MultiLineLabel	101	108
	67	68
	68	69
	69	70
	71	72
	72	73
	73	75
	74	76
	76	79
	78	80
	79	81
	80	83
	81	84
	82	85
	83	86
	20	19
	84	87
	85	89
	86	91
	88	93
	25	24
	91	97
	30	29
	96	103
	35	34
	101	108
	39	38
	43	42
	47	46
	48	47
	57	56
	58	58
	59	59
	60	60
	61	61
	63	64
net/minecraft/client/gui/screens/BackupConfirmScreen	76	92
	67	83
	72	88
	73	89
	74	90
	76	92
	28	28
	29	29
	32	39
	33	40
	34	41
	35	42
	36	43
	37	44
	38	45
	42	49
	44	50
	46	51
	47	52
	48	55
	49	56
	51	60
	52	64
	53	67
	54	69
	55	71
	59	75
	60	76
	61	77
	62	78
	63	79
net/minecraft/client/renderer/entity/layers/SlimeOuterLayer	36	43
	32	34
	18	18
	34	37
	19	19
	20	20
	36	43
	24	30
	26	31
	27	43
	30	32
	31	33
net/minecraft/client/renderer/texture/SimpleTexture	15	14
	10	9
	11	10
	15	14
net/minecraft/client/gui/screens/options/MouseSettingsScreen	36	37
	32	32
	34	35
	36	37
	15	15
	16	16
	17	17
	18	18
	19	19
	20	20
	21	21
	26	26
	27	27
	31	31
net/minecraft/client/multiplayer/resolver/ResolvedServerAddress	33	33
	33	33
	18	18
	23	23
	28	28
	15	15
net/minecraft/client/input/InputQuirks	0	0
net/minecraft/client/particle/TrialSpawnerDetectionParticle	71	86
	66	72
	67	73
	71	86
	15	24
	16	25
	17	26
	18	27
	19	28
	21	29
	22	30
	23	31
	24	32
	25	33
	26	34
	28	35
	30	36
	31	37
	32	38
	33	39
	34	40
	38	44
	43	49
	48	54
	53	59
	54	60
	55	61
	59	65
net/minecraft/client/gui/screens/friends/FriendsTab	201	202
	130	125
	131	126
	132	127
	135	129
	137	130
	138	130
	139	130
	143	135
	144	136
	145	137
	148	141
	153	146
	30	27
	158	151
	31	27
	32	27
	33	27
	163	156
	164	157
	168	161
	169	162
	170	163
	174	167
	48	42
	49	43
	50	44
	51	45
	179	171
	52	46
	180	172
	53	47
	181	173
	54	48
	182	174
	55	49
	57	50
	185	177
	58	51
	186	178
	187	179
	60	52
	188	185
	61	55
	189	190
	62	56
	190	191
	63	57
	64	58
	192	193
	193	194
	194	195
	67	61
	195	196
	68	62
	196	197
	69	64
	70	65
	73	68
	201	202
	75	69
	76	70
	77	71
	79	72
	80	73
	83	76
	84	77
	85	78
	87	79
	89	80
	90	81
	91	82
	92	88
	93	93
	95	95
	96	96
	98	97
	99	98
	101	99
	102	100
	107	104
	108	105
	109	106
	112	109
	113	110
	114	119
	115	120
	116	122
	119	111
	120	112
	121	113
	122	113
	123	114
	124	115
	125	116
	126	117
	127	122
com/mojang/blaze3d/opengl/GlTexture	79	84
	66	72
	67	73
	70	76
	71	77
	74	80
	76	81
	77	82
	79	84
	21	27
	22	28
	23	29
	24	30
	28	34
	29	40
	31	35
	32	36
	33	37
	35	40
	38	43
	39	44
	41	47
	42	48
	46	52
	51	57
	56	62
	61	67
	62	68
net/minecraft/client/gui/font/FontOption	54	47
	33	27
	39	31
	40	32
	43	35
	44	36
	45	37
	48	41
	20	18
	52	45
	21	19
	53	46
	54	47
	25	22
net/minecraft/client/renderer/entity/state/ExperienceOrbRenderState	0	0
net/minecraft/client/model/animal/axolotl/BabyAxolotlModel	75	113
	64	102
	66	103
	67	104
	69	107
	70	108
	71	109
	72	110
	73	111
	74	112
	75	113
	30	27
	32	28
	33	29
	34	30
	35	31
	36	32
	37	33
	38	34
	39	35
	42	38
	43	39
	45	40
	46	41
	47	46
	48	50
	49	55
	50	58
	51	63
	52	68
	53	73
	54	78
	55	83
	56	88
	57	93
	59	98
net/minecraft/client/particle/SculkChargeParticle	49	56
	36	34
	37	35
	38	36
	43	50
	44	51
	13	14
	45	52
	14	15
	46	53
	47	54
	16	16
	48	55
	17	17
	49	56
	19	18
	21	19
	22	20
	26	24
	31	29
net/minecraft/client/renderer/debug/OctreeDebugRenderer	48	52
	34	32
	35	33
	36	34
	37	35
	38	36
	39	37
	40	38
	42	41
	43	43
	44	48
	47	51
	48	52
	23	19
	24	20
	28	26
	29	27
	30	28
	31	29
net/minecraft/client/telemetry/events/GameLoadTimesEvent	76	75
	64	63
	65	64
	66	65
	68	67
	69	68
	72	71
	73	72
	76	75
	28	25
	29	26
	32	29
	33	30
	36	33
	37	34
	40	39
	41	40
	44	43
	45	44
	46	45
	47	51
	49	47
	50	48
	52	51
	55	54
	56	55
	57	56
	58	57
	59	58
	60	59
	62	61
net/minecraft/client/renderer/blockentity/StandingSignRenderer	85	77
	66	64
	67	65
	68	65
	69	65
	74	69
	75	69
	76	69
	81	73
	85	77
	32	30
	33	31
	37	34
	42	44
	43	45
	44	46
	46	47
	47	48
	49	50
	51	52
	54	55
	55	55
	56	55
	58	56
	59	57
	62	60
	63	61
net/minecraft/client/renderer/texture/StitcherException	22	17
	18	13
	19	14
	22	17
	10	11
	13	11
	14	11
	15	11
net/minecraft/client/model/animal/rabbit/AdultRabbitModel	87	62
	14	13
	19	14
	22	17
	23	18
	25	19
	26	21
	27	21
	28	22
	30	24
	31	25
	32	25
	33	25
	35	27
	36	29
	37	29
	38	30
	40	32
	41	33
	42	33
	43	33
	45	35
	46	36
	47	36
	48	36
	50	38
	51	38
	52	38
	54	39
	55	41
	56	41
	57	42
	59	44
	60	46
	61	46
	62	47
	64	49
	65	49
	66	49
	68	50
	69	50
	70	50
	72	51
	73	53
	74	53
	75	54
	77	56
	78	56
	79	56
	81	57
	82	59
	83	59
	84	60
	87	62
net/minecraft/client/renderer/entity/PolarBearRenderer	31	28
	19	18
	24	22
	29	26
	14	14
	30	27
	15	15
	31	28
net/minecraft/client/renderer/debug/ChunkDebugRenderer	113	129
	33	34
	34	35
	38	41
	39	42
	40	43
	42	44
	44	45
	45	46
	47	48
	51	52
	52	53
	53	54
	54	56
	55	57
	56	58
	57	59
	58	60
	60	63
	61	64
	62	66
	63	68
	64	73
	68	77
	74	84
	75	86
	76	87
	77	88
	78	89
	80	90
	81	91
	82	93
	83	94
	84	95
	85	96
	86	97
	87	98
	88	99
	89	100
	91	102
	92	103
	94	106
	97	110
	98	111
	99	112
	100	113
	101	114
	103	116
	104	117
	105	119
	106	120
	107	121
	108	122
	111	126
	113	129
net/minecraft/client/renderer/state/level/CameraEntityRenderState	0	0
net/minecraft/client/resources/model/geometry/package-info	0	0
net/minecraft/client/gui/narration/package-info	0	0
net/minecraft/client/color/block/BlockColors	88	77
	65	54
	66	55
	70	59
	71	60
	73	62
	76	65
	77	66
	78	67
	80	68
	81	69
	84	71
	85	73
	86	74
	88	77
	26	21
	28	22
	30	23
	31	24
	33	25
	35	26
	36	27
	38	28
	40	37
	42	38
	45	39
	47	40
	49	41
	51	42
	53	43
	55	44
	57	45
	61	49
net/minecraft/client/data/models/ItemModelGenerators	1008	974
	80	85
	104	89
	105	90
	106	91
	109	97
	110	98
	113	104
	117	111
	118	112
	121	118
	125	127
	129	134
	130	135
	133	141
	134	142
	137	148
	139	148
	140	148
	143	149
	144	150
	149	156
	150	157
	152	158
	153	159
	155	160
	156	161
	159	167
	160	168
	161	169
	163	171
	164	172
	165	174
	166	176
	169	179
	170	180
	174	187
	176	189
	177	191
	178	192
	179	193
	180	194
	183	197
	186	204
	187	204
	190	204
	193	205
	196	211
	197	212
	198	213
	200	215
	201	217
	202	219
	205	222
	206	224
	207	226
	208	227
	209	228
	212	231
	215	237
	219	244
	223	251
	224	252
	227	260
	228	261
	229	262
	231	263
	233	265
	235	266
	236	267
	239	269
	240	270
	241	271
	243	273
	244	274
	247	277
	251	281
	252	282
	253	283
	255	285
	256	286
	259	289
	260	289
	266	290
	269	296
	271	297
	272	298
	274	299
	275	300
	277	300
	280	302
	286	303
	289	303
	291	304
	294	310
	295	311
	299	318
	300	319
	301	320
	302	321
	304	323
	305	325
	306	326
	307	327
	311	327
	312	327
	317	331
	320	337
	321	338
	322	339
	323	340
	324	341
	325	342
	327	344
	328	346
	330	348
	331	349
	332	350
	335	350
	336	350
	340	353
	341	354
	344	357
	347	365
	348	365
	354	366
	357	372
	358	373
	360	374
	361	375
	364	381
	365	382
	366	383
	367	384
	368	388
	372	392
	373	393
	374	394
	376	397
	379	403
	380	404
	382	405
	383	406
	386	412
	387	413
	389	414
	390	415
	393	421
	394	421
	398	422
	399	422
	403	423
	404	423
	406	423
	411	424
	414	430
	417	433
	422	441
	424	442
	425	443
	426	444
	429	450
	431	451
	432	451
	435	452
	436	453
	440	455
	442	456
	447	458
	448	459
	451	465
	452	466
	453	467
	455	469
	456	470
	459	476
	460	477
	463	483
	465	483
	466	483
	468	484
	469	485
	472	491
	474	491
	475	491
	477	492
	478	493
	481	499
	482	500
	483	501
	486	507
	487	508
	489	509
	491	510
	492	511
	494	513
	495	515
	496	516
	497	517
	498	518
	501	521
	504	524
	505	525
	506	526
	507	527
	508	528
	509	529
	510	530
	511	531
	512	532
	513	533
	514	534
	515	535
	516	536
	517	537
	518	538
	519	539
	520	540
	521	541
	522	542
	523	543
	524	544
	525	545
	526	546
	527	547
	528	548
	529	549
	530	550
	531	551
	532	552
	533	553
	534	554
	535	555
	536	556
	538	557
	540	558
	541	559
	542	560
	544	561
	545	562
	547	563
	548	564
	549	565
	550	566
	551	567
	552	568
	553	569
	554	570
	555	571
	556	572
	557	573
	558	574
	559	575
	560	576
	561	577
	562	578
	563	579
	564	580
	565	581
	566	582
	567	583
	568	584
	569	585
	570	586
	571	587
	572	588
	573	589
	574	590
	575	591
	576	592
	577	593
	578	594
	579	595
	580	596
	581	597
	582	598
	583	599
	584	600
	585	601
	586	602
	587	603
	588	604
	589	605
	590	606
	591	607
	592	608
	593	609
	594	610
	595	611
	596	612
	597	613
	598	614
	599	615
	600	616
	601	617
	602	618
	603	619
	604	620
	605	621
	606	622
	607	623
	608	624
	609	625
	610	626
	611	627
	612	628
	613	629
	614	630
	615	631
	616	632
	617	633
	618	634
	619	635
	620	636
	621	637
	622	638
	623	639
	624	640
	625	641
	626	642
	627	643
	628	644
	629	645
	630	646
	631	647
	632	648
	633	649
	634	650
	635	651
	636	652
	637	653
	638	654
	639	655
	640	656
	641	657
	642	658
	643	659
	644	660
	645	661
	646	662
	647	663
	648	664
	649	665
	650	666
	651	667
	652	668
	653	669
	654	670
	655	671
	656	672
	657	673
	658	674
	659	675
	660	676
	661	677
	662	678
	663	679
	664	680
	665	681
	666	682
	667	683
	668	684
	669	685
	670	686
	671	687
	672	688
	673	689
	674	690
	675	691
	676	692
	677	693
	678	694
	679	695
	680	696
	681	697
	682	698
	683	699
	684	700
	685	701
	686	702
	687	703
	688	704
	689	705
	690	706
	691	707
	692	708
	693	709
	694	710
	695	711
	696	712
	697	713
	698	714
	699	715
	700	716
	701	717
	702	718
	703	719
	704	720
	705	721
	706	722
	707	723
	708	724
	709	725
	710	726
	711	727
	712	728
	713	729
	714	730
	715	731
	716	732
	717	733
	718	734
	719	735
	720	736
	721	737
	722	738
	723	739
	724	740
	725	741
	726	742
	727	743
	728	744
	729	745
	730	746
	731	747
	732	748
	733	749
	734	750
	735	751
	736	752
	737	753
	738	754
	739	755
	740	756
	741	757
	742	758
	743	759
	744	760
	745	761
	746	762
	747	763
	748	764
	749	765
	750	766
	751	767
	752	768
	754	769
	755	770
	756	771
	757	772
	758	773
	759	774
	760	775
	761	776
	762	777
	763	778
	764	779
	765	780
	766	781
	767	782
	768	783
	769	784
	770	785
	771	786
	772	787
	774	788
	775	789
	777	790
	779	791
	780	792
	781	793
	782	794
	784	795
	785	796
	786	797
	787	798
	789	799
	790	800
	791	801
	792	802
	794	803
	795	804
	796	805
	797	806
	799	807
	800	808
	801	809
	802	810
	804	811
	805	812
	806	813
	807	814
	809	815
	810	816
	811	817
	812	818
	814	819
	816	820
	817	821
	818	822
	819	823
	820	824
	821	825
	822	826
	823	827
	824	828
	825	829
	826	830
	827	831
	828	832
	829	833
	830	834
	831	835
	832	836
	833	837
	834	838
	835	839
	836	840
	837	841
	838	842
	839	843
	840	844
	841	845
	843	846
	844	847
	846	848
	847	849
	849	850
	850	851
	851	852
	853	853
	855	854
	856	855
	857	856
	858	857
	859	858
	860	859
	861	860
	863	861
	864	862
	865	863
	866	864
	867	865
	868	866
	869	867
	871	868
	872	869
	873	870
	874	871
	878	872
	879	873
	880	874
	881	875
	884	876
	885	877
	886	878
	887	879
	890	880
	891	881
	892	882
	895	883
	896	884
	897	885
	898	886
	899	887
	900	888
	901	889
	902	890
	903	891
	904	892
	907	893
	908	894
	909	895
	910	896
	911	897
	912	898
	913	899
	914	900
	915	901
	916	902
	917	903
	918	904
	921	905
	922	906
	923	907
	924	908
	927	909
	928	910
	929	911
	932	912
	933	913
	934	914
	937	915
	938	916
	939	917
	940	918
	941	919
	942	920
	943	921
	944	922
	945	923
	946	924
	947	925
	948	926
	949	927
	950	928
	954	929
	955	930
	958	931
	959	932
	960	933
	961	934
	962	935
	963	936
	964	937
	965	938
	966	939
	967	940
	970	941
	971	942
	972	943
	973	944
	974	945
	977	946
	978	947
	979	948
	980	949
	981	950
	982	951
	983	952
	984	953
	985	954
	986	955
	989	956
	990	957
	991	958
	992	959
	994	960
	995	961
	996	962
	997	963
	998	964
	999	965
	1000	966
	1001	967
	1002	968
	1003	969
	1004	970
	1005	971
	1006	972
	1007	973
	1008	974
net/minecraft/client/renderer/feature/ShadowFeatureRenderer	68	60
	68	60
	25	22
	26	24
	27	25
	29	27
	32	30
	34	31
	36	32
	37	33
	38	34
	39	35
	40	36
	42	37
	43	38
	44	39
	45	40
	46	41
	48	42
	49	43
	50	44
	51	45
	52	46
	54	48
	57	53
	58	54
	59	55
net/minecraft/client/input/MouseButtonInfo	17	12
	17	12
com/mojang/realmsclient/gui/screens/configuration/RealmsSettingsTab	191	209
	129	139
	130	140
	131	141
	135	145
	136	152
	139	155
	140	156
	141	157
	144	160
	145	161
	146	162
	147	163
	151	167
	152	168
	156	172
	157	173
	158	174
	161	177
	162	179
	163	180
	166	183
	167	184
	168	185
	170	186
	171	189
	172	190
	173	191
	174	192
	178	196
	179	197
	54	54
	182	200
	55	55
	183	201
	56	56
	184	202
	57	57
	185	203
	58	58
	186	204
	59	59
	187	205
	188	209
	61	60
	62	61
	190	206
	63	62
	191	209
	64	63
	65	64
	66	65
	67	66
	68	71
	70	68
	71	69
	72	71
	73	72
	75	73
	76	74
	77	75
	78	76
	79	77
	81	78
	82	79
	84	80
	85	81
	86	82
	87	83
	89	84
	90	85
	92	89
	94	90
	95	94
	96	97
	97	99
	98	100
	100	102
	101	103
	102	104
	104	108
	105	109
	107	111
	108	116
	110	117
	111	118
	114	121
	115	122
	116	123
	117	124
	121	130
	122	131
	123	132
	125	134
net/minecraft/client/multiplayer/ClientCommonPacketListenerImpl	514	483
	514	413
	101	103
	102	104
	103	105
	104	106
	105	107
	106	108
	107	109
	108	110
	109	111
	110	112
	111	113
	112	114
	115	117
	120	121
	122	122
	125	123
	126	124
	128	125
	129	125
	133	126
	137	129
	138	130
	140	131
	144	135
	146	136
	148	137
	149	138
	150	139
	151	140
	152	141
	153	141
	155	141
	160	145
	161	146
	164	147
	169	151
	170	152
	174	155
	175	156
	176	157
	180	160
	181	161
	182	170
	185	162
	186	163
	187	164
	188	165
	190	167
	192	170
	198	175
	199	176
	200	177
	201	178
	202	179
	203	190
	206	181
	207	182
	209	183
	210	184
	211	187
	214	185
	216	190
	220	193
	221	194
	222	194
	223	194
	225	195
	228	198
	229	198
	231	198
	237	204
	238	205
	239	206
	240	206
	242	207
	243	208
	245	206
	250	213
	251	214
	252	215
	256	218
	257	219
	258	220
	262	223
	263	224
	264	225
	268	228
	270	229
	271	230
	273	232
	275	234
	276	235
	277	236
	278	237
	282	241
	283	242
	287	245
	288	246
	289	247
	294	252
	295	253
	299	256
	301	257
	302	258
	303	259
	305	260
	306	261
	308	263
	310	282
	314	267
	317	268
	318	269
	319	270
	321	272
	323	275
	324	276
	325	277
	327	279
	329	282
	333	285
	334	286
	335	287
	338	290
	339	291
	340	291
	341	292
	343	294
	345	295
	347	297
	352	300
	353	301
	355	302
	356	303
	359	305
	360	306
	361	307
	363	308
	364	310
	365	318
	369	321
	370	322
	373	325
	374	327
	375	328
	376	329
	377	330
	378	331
	379	332
	380	333
	383	336
	386	339
	387	340
	391	343
	392	344
	393	345
	394	346
	398	349
	399	350
	400	351
	402	352
	403	353
	404	354
	406	356
	409	360
	410	362
	411	363
	413	364
	418	369
	422	373
	423	374
	425	376
	427	378
	434	381
	435	382
	436	383
	438	385
	448	432
	449	433
	451	435
	452	436
	453	437
	454	438
	455	439
	457	442
	459	444
	460	445
	461	446
	462	447
	463	448
	467	452
	469	453
	472	456
	473	457
	475	459
	476	460
	477	462
	478	467
	479	468
	481	470
	482	471
	483	472
	486	478
	487	480
	488	481
	489	482
	490	483
	494	391
	497	397
	499	398
	500	399
	504	403
	505	404
	509	408
	510	409
net/minecraft/client/renderer/special/ShulkerBoxSpecialRenderer	62	67
	32	48
	33	50
	36	54
	37	55
	40	58
	41	59
	45	63
	50	67
	23	22
	24	23
	56	36
	25	24
	57	37
	26	25
	61	41
	29	45
	62	42
	30	47
net/minecraft/client/renderer/blockentity/state/DecoratedPotRenderState	0	0
net/minecraft/client/renderer/entity/state/MushroomCowRenderState	0	0
net/minecraft/client/ClientRecipeBook	103	108
	66	65
	67	70
	70	75
	71	76
	72	77
	75	80
	76	81
	78	83
	79	84
	80	85
	82	86
	84	87
	86	89
	87	90
	88	91
	89	92
	90	93
	92	96
	31	30
	95	100
	32	31
	35	34
	99	104
	36	35
	37	36
	103	108
	40	39
	41	40
	42	41
	45	44
	49	48
	50	49
	53	52
	54	53
	57	56
	59	57
	60	58
	62	59
	63	60
net/minecraft/client/renderer/debug/ChunkBorderRenderer	98	84
	64	57
	65	58
	66	59
	67	60
	68	61
	72	64
	73	65
	74	66
	79	70
	81	72
	82	72
	83	72
	84	72
	85	72
	86	72
	88	74
	25	23
	89	76
	26	24
	92	78
	93	79
	30	30
	94	80
	95	81
	32	31
	96	82
	33	32
	98	84
	35	33
	36	34
	37	35
	40	37
	41	38
	42	39
	47	43
	48	44
	49	45
	50	46
	54	49
	55	50
	56	51
	58	52
	62	55
	63	56
net/minecraft/client/model/monster/piglin/AdultZombifiedPiglinModel	18	17
	18	17
	9	8
	10	9
	14	13
net/minecraft/client/multiplayer/chat/ChatRestriction	97	79
	64	50
	33	28
	97	79
	34	29
	67	53
	71	57
	43	34
	75	61
	44	35
	76	62
	77	63
	80	66
	81	67
	82	68
	52	40
	53	41
	23	21
	24	22
	25	23
	92	75
	62	48
	63	49
net/minecraft/client/server/LanServerDetection	104	101
	67	27
	68	28
	69	29
	70	30
	72	31
	73	32
	74	33
	75	34
	76	35
	81	38
	83	40
	84	41
	86	44
	87	45
	88	46
	89	47
	90	48
	91	49
	27	72
	28	73
	29	74
	94	52
	30	75
	95	53
	96	54
	32	77
	100	58
	36	82
	101	59
	37	83
	38	84
	103	62
	39	101
	104	63
	42	85
	44	86
	45	88
	46	89
	47	90
	48	91
	49	92
	53	96
	54	97
	55	98
	57	101
net/minecraft/client/renderer/entity/state/EndCrystalRenderState	0	0
net/minecraft/client/renderer/entity/DolphinRenderer	37	32
	17	16
	34	29
	19	17
	35	30
	20	18
	36	31
	37	32
	24	21
	29	25
net/minecraft/client/renderer/state/gui/GuiElementRenderState	0	0
net/minecraft/client/player/LocalPlayer	1434	1238
	1025	948
	1026	949
	1027	950
	1029	951
	1030	952
	1033	955
	1038	959
	1042	963
	1043	1057
	1077	964
	1078	965
	1079	966
	1082	967
	1083	968
	1084	969
	1089	970
	1090	971
	1091	972
	1094	973
	1095	974
	1096	975
	1098	976
	1101	977
	1102	978
	1107	982
	1108	983
	1112	984
	1113	985
	1114	986
	1115	1057
	1118	987
	1123	988
	1124	989
	1125	990
	1126	1057
	1129	991
	1130	992
	1131	993
	1132	1057
	1142	994
	1143	995
	1144	996
	1145	997
	1149	1000
	1152	1004
	1153	1001
	1157	1002
	1158	1003
	1159	1004
	1163	1005
	1164	1006
	1168	1007
	1169	1008
	1172	1009
	1173	1010
	1174	1011
	1175	1012
	1178	1013
	1179	1014
	1184	1015
	1186	1017
	1187	1018
	1188	1019
	1195	1020
	1196	1021
	1197	1022
	1200	1024
	1201	1025
	1202	1026
	179	179
	1203	1028
	180	180
	1204	1029
	181	181
	1205	1030
	182	182
	1206	1031
	183	183
	184	184
	185	185
	1209	1035
	186	186
	1210	1036
	187	187
	1211	1037
	188	188
	1212	1038
	189	189
	1213	1039
	190	190
	195	193
	199	196
	1223	1047
	200	197
	1224	1057
	202	199
	206	200
	207	201
	208	202
	1232	1048
	209	203
	1233	1049
	210	206
	1234	1057
	211	207
	213	212
	1238	1050
	1239	1057
	218	217
	219	218
	1243	1060
	220	219
	1244	1061
	1245	1062
	1246	1063
	1247	1064
	224	222
	1248	1065
	1249	1066
	1250	1067
	1251	1072
	229	226
	1253	1068
	230	226
	1254	1069
	1255	1070
	232	226
	1259	1077
	237	231
	1261	1079
	1262	1080
	239	254
	1263	1081
	1264	1082
	241	232
	1265	1083
	242	233
	244	234
	245	235
	1269	1087
	246	236
	249	239
	1273	1091
	250	240
	1274	1092
	251	241
	1275	1093
	252	242
	253	243
	254	244
	1279	1097
	1280	1098
	257	247
	1281	1099
	1282	1100
	1283	1101
	260	250
	1284	1102
	261	251
	263	254
	1288	1106
	266	257
	267	258
	268	259
	1292	1110
	1293	1111
	271	263
	1295	1113
	1296	1114
	1297	1115
	1298	1116
	275	267
	1300	1118
	277	268
	1301	1119
	278	269
	1302	1120
	279	270
	280	271
	282	272
	1306	1126
	283	273
	1308	1127
	285	274
	1310	1129
	287	275
	288	276
	290	277
	1314	1132
	291	278
	292	279
	293	280
	294	281
	295	282
	1319	1136
	296	283
	1320	1137
	297	284
	1322	1138
	1323	1139
	300	287
	301	288
	302	289
	1326	1141
	303	290
	1327	1142
	304	291
	1328	1143
	306	294
	307	295
	1331	1146
	308	296
	1332	1147
	310	299
	311	300
	1335	1150
	313	301
	315	303
	1340	1155
	1341	1156
	318	306
	1342	1157
	319	307
	1343	1158
	320	308
	1344	1159
	321	309
	1345	1160
	322	310
	1347	1162
	324	312
	327	315
	328	318
	1352	1167
	329	319
	1353	1168
	330	320
	1357	1171
	335	324
	336	325
	337	326
	1362	1175
	1363	1176
	340	329
	341	330
	342	331
	1367	1179
	346	334
	347	335
	1371	1183
	348	336
	1375	1187
	352	339
	353	340
	354	341
	1379	1191
	1380	1192
	357	344
	1381	1193
	358	345
	1382	1194
	359	346
	1383	1195
	360	347
	1384	1196
	361	348
	1385	1197
	362	349
	1386	1198
	365	352
	366	353
	1390	1202
	367	354
	1391	1203
	368	355
	1392	1204
	369	356
	1394	1207
	372	359
	373	360
	375	362
	1399	1211
	1400	1212
	1402	1213
	379	365
	380	366
	1404	1214
	1405	1215
	384	369
	1408	1216
	385	370
	1409	1217
	386	371
	1410	1218
	1413	1221
	390	374
	1414	1222
	1416	1223
	1417	1224
	1418	1225
	395	378
	1420	1226
	1421	1227
	1423	1228
	400	382
	404	386
	1428	1232
	405	387
	1429	1233
	1430	1234
	1431	1235
	408	390
	1432	1236
	409	391
	1434	1238
	412	394
	416	398
	420	402
	421	403
	422	404
	424	406
	428	409
	432	413
	433	414
	434	415
	436	416
	437	416
	438	417
	441	419
	444	422
	448	426
	449	427
	450	428
	455	431
	456	432
	460	435
	461	436
	464	439
	466	440
	467	465
	470	441
	471	442
	473	443
	474	444
	476	445
	477	447
	478	448
	479	449
	480	450
	481	451
	482	452
	486	456
	488	457
	489	458
	490	459
	492	461
	495	465
	499	468
	500	469
	501	470
	505	474
	506	475
	508	478
	509	479
	510	480
	511	481
	515	484
	516	485
	518	487
	520	489
	524	492
	525	494
	526	497
	527	500
	528	503
	529	506
	530	509
	532	511
	535	514
	536	515
	539	518
	543	522
	544	523
	547	526
	552	530
	553	531
	557	534
	558	535
	559	540
	562	536
	564	537
	565	538
	566	540
	570	543
	574	547
	578	551
	583	555
	584	556
	585	557
	590	560
	595	564
	597	565
	598	566
	599	567
	601	568
	602	569
	603	570
	604	571
	607	575
	608	575
	609	576
	612	578
	615	582
	619	586
	624	590
	629	594
	630	595
	632	597
	634	599
	638	602
	639	603
	643	606
	644	607
	648	610
	649	611
	653	614
	654	615
	658	618
	659	619
	663	622
	664	623
	668	626
	669	627
	673	630
	674	631
	675	632
	677	634
	681	637
	682	638
	686	641
	687	642
	691	645
	696	649
	700	653
	705	657
	706	658
	707	659
	708	660
	709	661
	710	662
	711	663
	712	664
	713	665
	715	667
	717	669
	729	672
	730	673
	733	675
	734	676
	735	677
	738	680
	739	681
	740	682
	743	685
	747	690
	748	691
	749	692
	752	694
	753	695
	755	696
	756	697
	760	702
	761	703
	762	704
	763	705
	767	709
	771	713
	772	714
	773	715
	774	715
	775	716
	776	717
	779	715
	781	722
	782	723
	785	726
	786	727
	787	728
	791	732
	792	733
	795	736
	796	737
	797	738
	800	741
	801	742
	802	743
	804	744
	805	745
	806	746
	807	747
	808	748
	809	749
	810	749
	812	750
	813	751
	815	752
	816	753
	817	754
	818	755
	819	756
	822	759
	823	760
	824	761
	825	762
	826	763
	829	766
	830	767
	833	770
	834	771
	835	772
	836	773
	838	775
	842	779
	843	780
	847	784
	848	785
	849	786
	850	787
	852	789
	853	790
	857	794
	858	795
	859	796
	860	797
	861	798
	862	799
	863	800
	865	802
	866	803
	867	804
	868	805
	869	806
	871	807
	872	808
	874	811
	875	812
	876	813
	881	818
	882	818
	883	819
	886	822
	888	823
	889	824
	892	827
	893	828
	894	829
	895	830
	896	831
	897	832
	900	835
	902	836
	904	837
	905	838
	907	841
	908	842
	911	845
	912	846
	916	850
	917	851
	918	852
	919	853
	920	854
	922	855
	925	859
	927	860
	928	861
	929	862
	930	863
	932	864
	933	865
	934	866
	936	867
	937	868
	938	869
	940	871
	944	875
	947	878
	948	879
	949	880
	950	881
	952	883
	955	886
	956	886
	961	890
	962	890
	963	890
	967	894
	973	898
	974	899
	975	900
	977	902
	980	905
	981	906
	983	907
	984	908
	985	909
	986	910
	988	913
	991	916
	992	917
	994	920
	995	921
	996	922
	997	923
	1000	926
	1001	927
	1005	931
	1006	932
	1008	933
	1009	934
	1011	935
	1013	938
	1016	941
	1021	945
	1022	946
	1023	947
net/minecraft/client/gui/screens/multiplayer/CodeOfConductScreen	75	71
	64	62
	69	67
	71	68
	73	69
	75	71
	26	28
	27	29
	28	30
	29	31
	30	32
	31	33
	34	36
	35	37
	39	41
	40	42
	41	42
	43	43
	44	43
	46	44
	50	48
	52	49
	53	50
	54	51
	56	53
	58	56
	60	58
net/minecraft/client/model/object/cart/MinecartModel	55	45
	15	14
	16	15
	19	18
	20	19
	22	20
	23	21
	24	22
	25	23
	27	24
	28	26
	29	26
	30	27
	34	29
	35	31
	36	31
	37	32
	39	34
	40	36
	41	36
	42	37
	44	39
	45	41
	46	41
	47	42
	49	44
	50	44
	51	44
	52	44
	55	45
net/minecraft/client/animation/package-info	0	0
net/minecraft/client/gui/screens/FileFixerAbortedScreen	71	72
	67	68
	68	69
	69	70
	71	72
	22	24
	23	25
	24	26
	25	27
	29	31
	34	36
	35	37
	37	38
	39	39
	41	40
	42	41
	43	42
	45	43
	46	44
	47	45
	51	49
	52	50
	53	51
	56	54
	57	55
	58	59
	62	63
net/minecraft/client/gui/components/debug/DebugEntryNoop	30	34
	16	16
	21	25
	25	29
	11	11
	12	12
	30	34
	15	15
net/minecraft/client/model/object/skull/SkullModel	57	43
	35	27
	37	28
	38	30
	39	30
	40	30
	44	31
	48	35
	49	36
	18	15
	19	16
	20	17
	54	40
	23	20
	55	41
	24	21
	56	42
	57	43
	26	22
	27	22
	28	22
	31	23
net/minecraft/client/GameNarrator	126	126
	23	22
	24	23
	27	26
	28	27
	30	29
	33	32
	34	33
	36	35
	39	38
	40	39
	42	41
	45	44
	46	45
	47	46
	48	47
	50	49
	53	52
	54	53
	57	56
	58	57
	59	58
	60	59
	61	60
	64	63
	67	66
	68	67
	71	70
	75	74
	76	75
	78	77
	81	80
	83	81
	85	82
	86	83
	87	84
	88	85
	90	87
	93	91
	95	97
	98	100
	102	104
	103	107
	105	105
	106	107
	109	110
	110	111
	113	114
	114	117
	118	119
	121	121
	125	125
	126	126
net/minecraft/client/renderer/Lightmap	106	94
	64	56
	65	57
	68	60
	69	89
	71	61
	72	62
	73	63
	75	65
	76	66
	77	67
	78	68
	79	69
	80	70
	81	71
	82	72
	83	73
	84	74
	85	75
	86	76
	89	79
	90	80
	91	81
	92	82
	93	83
	95	86
	96	87
	97	89
	103	92
	105	93
	106	94
	48	42
	49	43
	50	44
	52	45
	53	46
	54	47
	57	50
	62	54
	63	55
net/minecraft/client/renderer/ProjectionMatrixBuffer	58	58
	32	30
	33	32
	34	35
	35	36
	36	37
	38	33
	42	42
	43	43
	44	44
	48	48
	49	49
	50	50
	52	53
	24	22
	25	23
	57	57
	26	24
	58	58
	27	25
	28	26
	29	27
net/minecraft/client/renderer/entity/layers/SkeletonClothingLayer	27	29
	19	20
	20	21
	21	22
	22	23
	26	28
	27	29
com/mojang/blaze3d/util/TransientBlockAllocator	155	158
	128	126
	129	127
	131	129
	133	130
	134	131
	135	132
	137	135
	146	149
	149	152
	24	23
	25	24
	154	157
	155	158
	28	29
	29	30
	30	31
	31	32
	32	33
	37	36
	38	37
	39	38
	42	41
	46	45
	47	46
	49	47
	50	48
	52	49
	53	50
	55	52
	56	53
	57	54
	58	55
	59	56
	63	57
	64	58
	66	61
	67	62
	68	63
	73	71
	78	78
	79	79
	81	81
	82	82
	86	87
	87	88
	89	91
	90	92
	91	93
	92	94
	99	98
	100	99
	102	100
	103	101
	105	102
	106	103
	107	104
	108	105
	109	106
	111	108
	112	109
	113	110
	115	113
	116	114
	117	116
	118	117
	119	118
	120	119
	122	120
	123	121
	124	123
	125	124
	127	125
net/minecraft/client/model/animal/ghast/HappyGhastModel	65	86
	64	85
	65	86
	27	23
	28	24
	29	26
	30	27
	32	29
	35	32
	36	33
	38	34
	39	37
	40	38
	43	45
	44	50
	45	53
	46	56
	47	59
	48	62
	49	65
	50	68
	51	71
	53	74
	58	78
	59	79
	60	80
	61	81
	62	82
net/minecraft/client/renderer/entity/state/WolfRenderState	29	30
	23	23
	24	24
	25	25
	26	26
	27	27
	29	30
net/minecraft/client/gui/components/PlayerFaceWidget	29	29
	16	16
	20	20
	21	21
	25	25
	13	13
	29	29
	14	14
	15	15
net/minecraft/client/renderer/blockentity/state/PistonHeadRenderState	0	0
net/minecraft/client/renderer/culling/package-info	0	0
net/minecraft/client/resources/DefaultPlayerSkin	52	49
	48	45
	35	33
	52	49
	40	37
	44	41
net/minecraft/client/renderer/entity/layers/PandaHoldsItemLayer	35	39
	32	35
	33	36
	34	37
	35	39
	15	14
	16	15
	20	25
	21	26
	22	39
	25	27
	26	28
	27	29
	28	30
	29	31
	31	34
net/minecraft/client/particle/GeyserEruptionParticle	66	79
	32	36
	33	37
	34	38
	66	79
	35	39
	36	40
	37	41
	38	42
	39	43
	40	44
	44	48
	46	49
	47	50
	48	51
	52	55
	53	56
	56	59
	57	60
	58	61
	61	64
	31	35
net/minecraft/client/gui/components/SelectableEntry	29	29
	17	17
	5	5
	21	21
	9	9
	25	25
	13	13
	29	29
net/minecraft/client/model/animal/feline/AdultCatModel	14	14
	13	13
	14	14
net/minecraft/client/renderer/entity/layers/SnowGolemHeadLayer	46	43
	32	31
	34	32
	36	33
	39	34
	40	35
	42	37
	13	13
	45	40
	14	14
	46	43
	18	24
	19	43
	22	25
	23	43
	26	26
	27	27
	29	28
	30	29
	31	30
net/minecraft/client/gui/components/ItemDisplayWidget	50	61
	32	41
	33	42
	35	45
	36	46
	38	49
	39	50
	41	52
	44	55
	45	56
	49	60
	50	61
	20	29
	21	30
	22	31
	23	32
	24	33
	25	34
	26	35
	27	36
	31	40
net/minecraft/client/renderer/entity/ArmadilloRenderer	36	33
	16	16
	32	29
	17	17
	33	30
	34	31
	35	32
	36	33
	21	20
	26	24
	31	28
net/minecraft/client/gui/screens/advancements/package-info	0	0
net/minecraft/client/data/models/blockstates/PropertyValueList	36	31
	16	12
	19	15
	36	31
	23	19
	27	23
	31	27
net/minecraft/client/particle/Particle	237	217
	50	44
	52	45
	53	46
	54	47
	55	48
	56	49
	58	50
	59	51
	62	54
	64	55
	65	56
	66	57
	67	58
	69	59
	70	60
	71	61
	72	62
	73	63
	76	66
	77	67
	78	68
	79	69
	83	73
	84	74
	85	75
	86	76
	89	79
	90	80
	94	84
	95	85
	98	88
	102	92
	103	93
	104	94
	106	95
	107	96
	108	113
	111	98
	112	99
	113	100
	114	101
	115	102
	117	105
	118	106
	119	107
	121	108
	122	109
	123	110
	125	113
	131	118
	135	122
	136	123
	139	126
	140	127
	141	128
	142	129
	143	130
	144	131
	145	132
	147	134
	150	137
	151	138
	152	139
	153	140
	154	141
	155	142
	156	143
	159	146
	160	175
	163	147
	164	148
	165	149
	167	150
	168	151
	169	152
	170	153
	171	154
	174	157
	175	158
	176	159
	179	162
	180	163
	183	166
	185	167
	186	168
	188	171
	189	172
	191	175
	194	178
	195	179
	196	180
	197	181
	198	182
	201	185
	202	186
	203	186
	205	186
	209	190
	213	194
	217	198
	218	199
	221	202
	228	209
	232	213
	233	214
	236	216
	237	217
net/minecraft/client/gui/screens/options/SkinCustomizationScreen	30	31
	17	16
	18	17
	22	21
	23	23
	24	24
	25	25
	28	29
	29	30
	30	31
net/minecraft/client/resources/sounds/SoundInstance	58	49
	50	45
	58	49
	46	41
net/minecraft/client/gui/screens/inventory/AbstractCommandBlockEditScreen	190	171
	129	125
	130	126
	134	130
	140	135
	141	136
	144	137
	145	138
	148	139
	149	140
	150	141
	153	143
	158	149
	159	149
	33	30
	34	31
	162	149
	38	35
	39	36
	167	154
	168	154
	41	38
	171	154
	176	159
	49	46
	178	160
	51	49
	179	161
	180	162
	54	54
	182	163
	183	164
	184	165
	57	57
	185	166
	58	58
	186	167
	59	59
	61	60
	189	170
	62	61
	190	171
	63	62
	64	63
	65	64
	67	65
	68	67
	69	68
	70	69
	71	70
	72	71
	73	72
	76	74
	77	76
	78	79
	80	81
	81	82
	82	83
	84	84
	85	85
	88	88
	92	92
	93	93
	97	97
	98	97
	100	97
	105	102
	106	103
	107	104
	109	105
	110	106
	113	109
	114	110
	117	113
	119	114
	120	115
	121	116
	123	119
	124	120
net/minecraft/client/renderer/entity/state/EntityRenderState	60	50
	58	48
	43	44
	59	49
	60	50
net/minecraft/client/gui/screens/options/controls/KeyBindsScreen	100	102
	64	64
	65	65
	67	67
	72	73
	73	74
	74	75
	76	77
	79	80
	80	81
	81	82
	82	83
	84	85
	89	91
	27	27
	91	92
	28	28
	92	94
	93	95
	94	96
	95	97
	32	32
	33	33
	99	101
	100	102
	38	37
	42	41
	43	42
	44	43
	46	46
	47	47
	48	48
	49	49
	50	50
	51	51
	55	55
	56	56
	57	57
	61	61
	62	62
	63	63
net/minecraft/client/renderer/feature/NameTagFeatureRenderer	66	66
	32	39
	33	40
	34	41
	66	66
	37	45
	38	46
	39	47
	40	48
	44	52
	45	53
	46	54
	19	18
	20	20
	21	21
	22	22
	23	23
	25	25
	28	28
	61	61
	31	42
com/mojang/blaze3d/pipeline/CompiledRenderPipeline	0	0
net/minecraft/client/renderer/Panorama	32	32
	16	15
	32	32
	17	16
	20	19
	21	20
	24	23
	25	24
	26	25
	27	26
	28	27
	30	30
	31	31
com/mojang/blaze3d/platform/GLX	109	104
	64	60
	65	63
	67	63
	68	64
	71	67
	75	71
	79	75
	80	76
	81	77
	83	79
	87	82
	28	29
	29	30
	93	86
	30	31
	94	87
	31	32
	96	90
	33	35
	97	91
	34	36
	98	92
	101	96
	38	40
	105	100
	44	44
	45	45
	109	104
	48	47
	50	50
	51	51
	53	51
	54	52
	58	55
	59	59
	61	56
com/mojang/realmsclient/dto/RealmsServerList	27	24
	17	13
	18	14
	19	19
	21	15
	22	16
	24	20
	25	21
	27	24
net/minecraft/client/resources/metadata/animation/FrameSize	0	0
net/minecraft/client/resources/sounds/SimpleSoundInstance	67	111
	64	108
	65	109
	66	110
	67	111
	13	15
	14	16
	17	19
	21	23
	25	28
	29	34
	33	40
	37	46
	41	51
	45	55
	49	68
	50	69
	53	84
	54	85
	57	101
	58	102
	59	103
	60	104
	61	105
	62	106
	63	107
net/minecraft/client/renderer/state/gui/package-info	0	0
net/minecraft/client/waypoints/package-info	0	0
net/minecraft/client/gui/font/glyphs/EmptyGlyph	31	39
	18	19
	23	26
	26	31
	13	14
	14	15
	31	39
net/minecraft/client/renderer/feature/phase/TranslucentFeatureRenderPhase	45	47
	32	31
	35	34
	36	38
	37	38
	39	41
	40	42
	45	47
	18	17
	19	18
	20	19
	24	23
	25	31
	27	24
	28	25
	30	28
	31	29
net/minecraft/client/renderer/entity/state/HitboxRenderState	19	10
	18	9
	19	10
net/minecraft/client/model/animal/armadillo/BabyArmadilloModel	90	76
	17	15
	24	21
	27	24
	28	25
	30	26
	31	28
	32	29
	33	31
	34	33
	36	35
	37	35
	38	35
	40	36
	41	38
	42	38
	43	39
	45	41
	46	41
	47	41
	49	42
	50	44
	51	44
	52	45
	54	47
	55	49
	56	49
	57	50
	59	52
	60	54
	61	54
	62	55
	64	57
	65	59
	66	59
	67	60
	69	62
	70	63
	71	63
	72	63
	74	65
	75	66
	76	66
	77	66
	79	68
	80	70
	81	70
	82	71
	84	73
	85	74
	86	74
	87	74
	90	76
net/minecraft/client/renderer/chunk/SectionRenderDispatcher	608	602
	512	507
	515	510
	520	518
	521	519
	527	526
	528	527
	529	528
	530	529
	534	533
	535	534
	538	536
	539	537
	540	569
	543	538
	544	539
	545	540
	546	541
	548	542
	549	543
	552	545
	553	546
	554	547
	557	549
	558	551
	559	552
	560	553
	561	554
	563	557
	567	558
	568	559
	59	61
	60	62
	572	563
	61	63
	62	64
	574	564
	575	565
	64	65
	66	66
	67	67
	68	68
	580	576
	581	577
	70	69
	72	70
	74	71
	75	72
	76	73
	78	74
	590	588
	79	75
	591	589
	81	77
	594	586
	595	590
	84	80
	596	591
	85	81
	89	84
	90	106
	603	598
	93	85
	94	86
	95	106
	608	602
	99	88
	100	89
	101	90
	102	91
	103	92
	105	94
	107	97
	112	98
	113	99
	115	100
	116	101
	117	102
	119	106
	122	109
	123	110
	128	114
	130	115
	131	116
	132	117
	134	119
	135	120
	136	121
	137	122
	138	123
	139	124
	140	125
	143	129
	147	135
	148	136
	151	139
	152	140
	155	143
	156	145
	161	146
	162	147
	163	148
	167	149
	172	154
	175	157
	176	161
	179	158
	180	159
	181	161
	184	164
	185	165
	189	168
	193	172
	194	173
	195	174
	197	177
	198	178
	199	179
	201	182
	203	184
	204	186
	209	190
	214	195
	219	200
	224	218
	230	219
	231	220
	237	216
	238	221
	239	222
	240	223
	243	226
	244	227
	245	227
	247	227
	251	231
	252	232
	255	235
	256	236
	259	239
	263	243
	268	248
	269	249
	270	250
	271	251
	272	252
	273	253
	274	254
	275	255
	278	258
	282	262
	283	263
	284	264
	286	267
	288	269
	289	272
	290	272
	291	273
	296	277
	301	282
	305	286
	309	290
	310	291
	311	292
	313	294
	316	297
	320	301
	324	305
	325	306
	326	307
	328	310
	329	311
	330	312
	332	314
	335	317
	336	318
	337	319
	338	320
	342	324
	343	325
	344	326
	347	329
	348	330
	349	331
	352	334
	354	335
	355	336
	356	337
	359	340
	363	344
	364	346
	365	347
	366	348
	368	350
	371	353
	372	354
	373	354
	374	354
	380	359
	381	361
	382	362
	383	363
	384	364
	385	365
	389	369
	390	370
	393	371
	395	373
	398	376
	399	377
	400	378
	403	381
	404	382
	405	383
	407	385
	410	390
	411	391
	413	394
	414	395
	415	396
	416	399
	418	401
	419	402
	420	403
	423	406
	424	407
	425	408
	426	409
	429	411
	433	415
	437	416
	440	419
	441	422
	443	422
	449	429
	450	430
	451	431
	452	432
	456	436
	457	437
	460	439
	461	440
	465	441
	466	442
	469	444
	471	451
	472	449
	473	463
	475	467
	476	468
	479	469
	480	470
	481	471
	483	474
	485	476
	486	479
	487	479
	490	481
	491	482
	492	483
	493	485
	494	486
	495	487
	496	488
	498	491
	500	493
	501	496
	502	496
	504	499
	508	502
	509	503
net/minecraft/client/resources/SkinManager	169	176
	129	128
	130	131
	138	147
	140	145
	141	148
	142	149
	143	150
	146	153
	147	154
	148	155
	149	156
	150	157
	152	160
	156	164
	157	165
	158	166
	159	167
	160	167
	164	171
	165	172
	166	173
	167	174
	169	176
	45	45
	46	46
	47	47
	48	48
	49	49
	50	50
	51	51
	52	56
	55	59
	56	60
	57	61
	58	62
	60	64
	61	65
	62	66
	64	69
	65	71
	66	72
	67	73
	68	74
	69	75
	71	78
	75	83
	80	86
	81	87
	82	88
	83	89
	86	91
	87	92
	89	93
	90	93
	91	93
	92	94
	95	96
	96	96
	97	96
	101	102
	102	103
	103	104
	106	106
	107	107
	111	112
	114	115
	115	116
	116	117
	118	119
	119	120
	120	121
	123	124
	124	125
	126	126
	127	127
net/minecraft/client/gui/components/tabs/TabNavigationBar	256	253
	256	226
	43	47
	44	48
	45	49
	46	50
	48	51
	49	52
	51	53
	52	55
	53	56
	55	59
	56	60
	60	64
	73	239
	74	240
	75	241
	76	242
	77	243
	78	244
	81	247
	82	248
	83	249
	87	253
	92	68
	96	72
	97	73
	98	74
	102	78
	103	79
	104	80
	105	81
	107	83
	108	84
	113	89
	114	90
	115	91
	117	93
	121	97
	122	98
	123	99
	125	101
	129	106
	130	107
	131	108
	132	109
	135	113
	136	113
	138	113
	143	118
	147	122
	152	127
	153	129
	154	130
	155	131
	160	136
	161	136
	162	137
	163	138
	164	139
	165	140
	166	141
	167	142
	169	144
	172	147
	173	148
	174	149
	175	150
	178	153
	182	157
	183	158
	185	160
	189	164
	194	168
	195	169
	196	170
	197	171
	199	173
	202	176
	203	177
	205	179
	208	182
	209	183
	211	185
	215	189
	216	190
	217	191
	218	192
	219	193
	222	197
	226	201
	230	205
	231	206
	233	207
	234	208
	235	208
	236	209
	237	210
	238	211
	239	211
	241	211
	245	213
	249	218
	250	219
	251	220
	255	225
net/minecraft/client/renderer/item/properties/conditional/IsSelected	21	23
	16	18
	21	23
net/minecraft/client/renderer/chunk/SectionMesh	41	39
	19	16
	37	35
	23	20
	41	39
	27	24
	15	12
	31	28
com/mojang/blaze3d/platform/cursor/package-info	0	0
net/minecraft/client/renderer/texture/SpriteContents	386	396
	259	250
	260	253
	270	262
	271	264
	272	265
	273	266
	274	267
	275	268
	283	271
	287	275
	291	279
	292	280
	293	281
	295	283
	296	284
	297	286
	298	294
	299	295
	300	297
	301	298
	303	314
	306	317
	307	318
	310	321
	314	325
	69	59
	325	342
	70	60
	327	340
	328	343
	73	70
	329	344
	74	71
	330	345
	75	72
	331	346
	76	73
	78	74
	334	349
	79	75
	335	350
	80	77
	336	351
	81	78
	337	352
	82	79
	338	353
	83	80
	339	354
	84	81
	340	355
	86	82
	342	356
	87	83
	343	357
	344	358
	91	87
	347	361
	92	88
	93	89
	350	364
	95	90
	96	91
	97	92
	98	93
	354	368
	99	94
	100	95
	102	96
	358	372
	359	373
	104	98
	360	374
	361	375
	362	376
	107	101
	364	377
	365	378
	111	105
	367	379
	368	380
	369	381
	370	382
	115	109
	371	383
	372	384
	119	115
	375	387
	120	116
	121	117
	377	388
	378	389
	123	118
	126	120
	382	392
	127	121
	383	393
	384	394
	129	123
	130	124
	386	396
	133	127
	134	128
	136	130
	137	131
	140	134
	141	135
	143	137
	144	137
	145	138
	146	139
	147	140
	148	141
	149	142
	151	145
	152	146
	153	147
	156	150
	157	151
	159	153
	161	137
	164	157
	165	158
	166	159
	170	163
	171	163
	174	163
	179	168
	184	173
	189	178
	193	182
	197	186
	201	190
	202	191
	203	192
	204	193
	207	197
	212	201
	213	202
	215	204
	219	207
	223	211
	224	212
	225	213
	226	214
	227	215
	229	218
	233	222
	234	223
	235	224
	236	225
	239	227
	240	228
	241	229
	242	230
	243	231
	244	234
	245	235
	246	237
	247	238
	248	239
	249	240
	250	241
	252	244
	254	232
net/minecraft/client/gui/components/debug/DebugEntryParticleRenderStats	12	17
	11	16
	12	17
net/minecraft/client/particle/ExplodeParticle	49	58
	36	36
	37	37
	38	38
	11	13
	12	14
	44	44
	13	15
	45	45
	14	16
	15	17
	16	18
	17	19
	49	58
	19	20
	20	21
	21	22
	22	23
	23	24
	25	25
	26	26
	27	27
	31	31
com/mojang/blaze3d/pipeline/RenderPipeline	406	407
	257	260
	258	261
	262	265
	263	266
	267	270
	268	271
	272	275
	273	276
	275	279
	276	280
	278	283
	279	284
	280	285
	282	288
	283	290
	284	291
	286	294
	287	295
	290	299
	291	300
	292	301
	294	303
	296	305
	299	306
	300	307
	303	310
	304	311
	49	49
	50	50
	51	51
	307	314
	52	52
	308	315
	53	53
	309	316
	54	54
	55	55
	56	56
	312	320
	57	57
	58	58
	314	322
	59	59
	315	323
	60	60
	316	324
	61	61
	317	325
	64	64
	321	329
	322	330
	68	68
	69	69
	325	333
	326	334
	328	336
	73	72
	331	339
	77	76
	334	342
	335	343
	81	80
	85	84
	89	89
	347	355
	348	356
	93	94
	350	357
	351	358
	97	98
	353	359
	354	360
	356	361
	101	102
	357	362
	105	107
	361	365
	362	366
	364	368
	109	111
	366	369
	367	371
	368	372
	113	115
	372	373
	117	119
	373	374
	374	375
	375	376
	376	377
	121	123
	377	378
	125	127
	383	385
	384	387
	129	131
	385	388
	389	389
	391	393
	392	394
	137	135
	139	137
	395	396
	140	138
	396	397
	397	398
	142	141
	398	399
	399	400
	400	401
	402	403
	403	404
	404	405
	406	407
	161	160
	164	163
	165	164
	169	168
	170	169
	174	173
	175	174
	179	178
	180	179
	184	183
	185	184
	189	188
	190	189
	194	193
	195	194
	197	197
	198	198
	202	202
	203	203
	205	206
	206	207
	210	211
	211	212
	213	215
	214	216
	218	220
	219	221
	221	224
	222	225
	226	229
	227	230
	231	234
	232	235
	236	239
	237	240
	238	241
	242	245
	243	246
	244	247
	248	251
	252	255
	253	256
net/minecraft/client/renderer/entity/state/EndermanRenderState	0	0
net/minecraft/client/gui/narration/NarrationElementOutput	17	17
	16	16
	17	17
	8	8
	9	9
	12	12
	13	13
net/minecraft/client/renderer/entity/state/CreakingRenderState	0	0
net/minecraft/client/model/monster/breeze/BreezeModel	138	162
	130	154
	134	158
	138	162
	42	36
	43	37
	44	38
	45	39
	46	40
	47	41
	48	42
	49	43
	51	44
	52	45
	53	46
	54	47
	55	48
	56	49
	57	50
	60	53
	61	54
	63	55
	65	56
	66	57
	67	59
	68	62
	69	64
	70	67
	71	69
	73	72
	74	75
	75	77
	77	81
	78	84
	79	86
	81	90
	82	91
	83	93
	84	96
	85	99
	86	101
	87	103
	88	107
	89	110
	90	112
	91	114
	92	118
	96	122
	97	123
	98	124
	102	128
	103	129
	104	130
	108	134
	109	135
	110	136
	115	140
	117	141
	118	142
	119	143
	120	144
	121	145
	122	146
	123	147
	126	150
net/minecraft/client/ComponentCollector	33	31
	32	30
	17	17
	33	31
	18	18
	20	20
	21	20
	23	20
	27	25
	28	26
	13	12
	14	13
net/minecraft/client/particle/TrailParticle	70	81
	67	79
	68	80
	70	81
	16	26
	18	27
	20	28
	21	29
	22	30
	24	31
	26	32
	27	33
	31	37
	36	42
	37	43
	38	44
	40	45
	41	46
	42	54
	45	48
	46	49
	48	50
	49	51
	50	52
	51	54
	55	58
	62	65
	63	66
net/minecraft/client/resources/metadata/gui/GuiSpriteScaling	124	113
	67	48
	69	49
	70	50
	71	50
	73	50
	77	52
	78	54
	79	55
	80	56
	81	57
	82	59
	86	62
	87	62
	89	62
	25	75
	94	65
	30	80
	95	65
	31	82
	32	83
	97	65
	33	85
	37	90
	42	19
	43	21
	44	22
	45	23
	46	24
	47	26
	50	31
	114	104
	51	32
	115	105
	52	33
	116	106
	54	35
	55	36
	120	109
	57	37
	124	113
	62	43
net/minecraft/client/gui/components/AbstractOptionSliderButton	12	12
	10	10
	11	11
	12	12
com/mojang/realmsclient/gui/screens/configuration/RealmsConfigurationTab	12	12
	9	9
	12	12
net/minecraft/client/renderer/state/level/CameraRenderState	0	0
net/minecraft/client/gui/screens/WinScreen	338	342
	259	265
	261	266
	263	267
	265	268
	266	269
	268	270
	270	271
	271	272
	273	273
	274	274
	276	275
	278	277
	279	278
	280	279
	281	280
	282	281
	285	285
	286	286
	287	287
	288	288
	290	290
	293	294
	295	297
	296	298
	299	301
	300	302
	304	306
	305	307
	306	308
	307	309
	308	311
	309	313
	311	315
	313	317
	317	321
	318	322
	319	323
	323	327
	69	62
	70	63
	71	64
	72	65
	328	332
	73	66
	75	68
	77	71
	333	337
	334	338
	79	72
	80	73
	338	342
	83	76
	84	77
	86	78
	91	83
	92	84
	93	85
	94	86
	95	87
	97	89
	101	93
	102	94
	103	95
	104	96
	105	97
	106	98
	108	101
	110	102
	115	107
	116	108
	118	111
	119	112
	120	113
	121	114
	123	117
	125	118
	130	123
	131	124
	134	127
	135	128
	139	132
	140	147
	143	133
	144	134
	145	135
	146	136
	147	137
	149	140
	150	141
	151	142
	154	145
	155	147
	159	151
	168	160
	169	159
	170	175
	171	176
	173	178
	176	181
	177	182
	180	185
	181	186
	184	189
	185	190
	186	191
	187	192
	189	195
	190	196
	193	199
	194	200
	196	202
	199	205
	200	205
	201	206
	202	207
	203	208
	204	209
	205	210
	206	211
	207	212
	209	214
	210	214
	211	215
	212	216
	213	217
	214	218
	215	219
	216	220
	219	223
	220	223
	221	224
	222	225
	223	226
	224	227
	225	229
	226	230
	227	231
	229	234
	230	235
	234	239
	237	242
	238	243
	239	244
	242	247
	243	248
	244	249
	245	250
	248	253
	249	254
	251	257
	252	258
	253	259
	255	261
net/minecraft/client/renderer/entity/DisplayRenderer	306	307
	256	248
	257	249
	259	250
	260	251
	261	252
	262	253
	263	254
	265	256
	266	257
	267	258
	269	260
	272	263
	274	264
	276	265
	277	266
	278	267
	280	268
	281	269
	283	270
	284	271
	285	272
	287	273
	288	274
	289	276
	290	277
	291	278
	292	279
	293	280
	296	284
	41	48
	297	286
	42	49
	298	287
	43	50
	299	288
	44	51
	300	289
	301	290
	303	293
	48	54
	304	305
	306	307
	53	58
	57	62
	58	63
	63	67
	64	68
	65	68
	67	68
	72	72
	73	73
	74	73
	76	73
	81	77
	82	78
	83	78
	85	78
	90	82
	91	83
	92	83
	94	83
	99	87
	100	88
	101	98
	103	89
	105	90
	107	91
	108	92
	109	93
	110	94
	111	95
	112	96
	113	98
	116	101
	118	102
	120	103
	122	104
	124	105
	129	113
	133	117
	137	121
	141	125
	148	133
	149	134
	150	135
	151	136
	152	137
	153	138
	154	139
	155	140
	156	141
	160	145
	161	146
	165	149
	170	153
	171	154
	172	155
	173	156
	175	158
	177	160
	181	169
	182	170
	189	177
	190	178
	191	179
	195	182
	200	186
	201	187
	202	188
	203	189
	205	191
	207	193
	211	202
	212	206
	215	203
	216	204
	217	206
	224	213
	225	214
	226	215
	230	218
	235	222
	236	223
	237	224
	238	225
	241	228
	242	229
	244	230
	245	232
	246	233
	247	234
	248	235
	251	238
net/minecraft/client/renderer/entity/layers/WingsLayer	60	75
	34	37
	35	38
	36	39
	37	60
	40	40
	41	41
	43	42
	44	43
	46	44
	48	58
	49	60
	52	64
	53	65
	54	66
	55	67
	56	70
	57	71
	26	28
	27	29
	28	30
	60	75
	29	31
	30	32
net/minecraft/client/gui/navigation/ScreenDirection	62	45
	32	31
	33	32
	42	37
	43	37
	12	11
	45	37
	15	14
	16	15
	17	16
	22	21
	54	41
	23	22
	55	41
	24	23
	25	24
	57	41
	26	25
	62	45
	31	30
net/minecraft/client/renderer/block/FluidStateModelSet	48	37
	32	27
	48	37
	33	28
	37	31
	38	32
	39	33
	31	26
com/mojang/realmsclient/client/Request	294	290
	256	283
	257	284
	258	285
	259	286
	260	287
	261	288
	262	289
	263	290
	272	240
	273	241
	274	242
	279	246
	280	247
	283	250
	284	251
	285	252
	286	253
	31	28
	287	254
	32	29
	288	255
	289	256
	34	30
	290	257
	35	31
	291	258
	292	259
	37	33
	293	260
	294	261
	40	36
	41	37
	42	38
	43	39
	44	40
	45	41
	47	43
	50	46
	51	47
	54	50
	55	51
	56	52
	58	54
	60	56
	63	59
	64	60
	65	61
	68	64
	72	68
	74	71
	75	72
	76	73
	82	79
	83	80
	84	81
	85	82
	91	88
	94	90
	95	91
	97	93
	100	96
	101	97
	102	98
	103	99
	108	104
	109	105
	111	107
	112	108
	113	110
	114	111
	117	114
	121	119
	123	122
	124	124
	127	127
	130	131
	131	132
	132	147
	135	133
	138	136
	142	143
	143	144
	146	128
	150	150
	151	151
	153	153
	154	154
	155	155
	162	162
	166	166
	170	170
	174	174
	178	178
	182	182
	186	186
	190	190
	195	195
	196	196
	197	197
	203	203
	204	204
	209	208
	210	209
	211	210
	212	211
	213	212
	214	213
	221	220
	222	221
	227	225
	228	226
	229	227
	230	228
	231	229
	232	230
	233	231
	242	270
	243	271
	244	272
	249	276
	250	277
	253	280
	254	281
	255	282
net/minecraft/client/model/monster/piglin/AbstractPiglinModel	81	82
	67	69
	72	74
	74	75
	75	76
	76	77
	77	78
	78	79
	79	80
	80	81
	81	82
	25	23
	28	24
	31	27
	35	31
	36	32
	37	33
	38	34
	39	35
	43	39
	44	40
	45	42
	46	43
	47	45
	48	47
	49	49
	53	53
	54	55
	55	55
	56	56
	58	58
	59	60
	60	60
	61	61
	63	63
net/minecraft/client/Camera	546	535
	512	501
	515	504
	516	505
	524	513
	525	514
	526	515
	527	516
	530	519
	534	523
	538	527
	542	531
	546	535
	93	87
	94	88
	95	89
	96	90
	98	93
	99	94
	102	97
	103	98
	105	99
	106	100
	107	115
	109	101
	110	102
	113	105
	115	106
	117	107
	118	108
	119	109
	121	110
	122	111
	123	112
	125	113
	126	115
	129	118
	133	122
	134	123
	135	124
	136	125
	137	126
	138	127
	140	130
	141	131
	142	132
	143	133
	144	134
	145	135
	146	136
	148	137
	149	138
	151	139
	152	140
	153	141
	154	142
	156	143
	157	144
	159	145
	160	146
	161	147
	163	149
	164	150
	165	151
	168	154
	169	155
	171	156
	172	157
	173	158
	175	160
	177	163
	178	164
	182	168
	183	169
	184	170
	185	171
	186	172
	188	174
	191	177
	192	178
	193	179
	194	180
	198	183
	199	184
	200	185
	204	195
	208	199
	209	200
	211	202
	212	203
	214	206
	215	207
	216	208
	218	210
	221	214
	225	218
	226	219
	229	222
	230	223
	233	226
	234	227
	237	229
	239	230
	243	235
	247	239
	248	240
	249	241
	252	244
	253	245
	254	246
	255	247
	257	250
	261	254
	262	256
	263	257
	266	258
	267	259
	268	260
	269	261
	271	262
	272	263
	274	265
	275	266
	277	273
	278	274
	279	275
	280	276
	282	279
	283	280
	284	281
	285	282
	286	283
	288	286
	289	287
	290	288
	291	289
	292	290
	294	293
	295	294
	296	295
	297	296
	298	297
	300	299
	303	302
	304	304
	305	305
	306	306
	307	307
	308	308
	309	309
	310	310
	311	311
	312	312
	313	313
	314	314
	318	319
	322	323
	326	327
	330	331
	331	332
	334	335
	335	336
	338	339
	339	340
	340	341
	343	344
	344	345
	346	346
	352	347
	353	348
	354	349
	356	350
	357	351
	360	354
	361	355
	364	358
	365	359
	366	360
	370	363
	374	367
	378	371
	382	375
	387	379
	391	383
	395	387
	396	388
	397	389
	398	390
	400	393
	404	397
	405	398
	406	399
	407	400
	408	401
	409	402
	410	403
	412	406
	416	411
	420	415
	421	416
	424	419
	428	423
	432	427
	436	431
	437	432
	438	433
	440	434
	441	435
	442	436
	444	437
	448	441
	449	442
	452	444
	453	445
	454	445
	455	446
	459	448
	462	450
	463	450
	464	451
	465	452
	466	453
	467	454
	468	455
	469	456
	472	459
	473	460
	474	461
	479	466
	483	472
	487	476
	491	480
	495	484
	499	488
	500	489
	501	490
	502	491
	503	492
	506	495
	507	496
	510	499
	511	500
com/mojang/blaze3d/vulkan/package-info	0	0
net/minecraft/client/multiplayer/ClientLevel	1282	1296
	1035	1196
	1036	1197
	1037	1198
	1038	1199
	1042	1202
	1047	1206
	1051	1210
	1052	1211
	1056	1214
	1057	1215
	1061	1218
	1066	1222
	1071	1226
	1076	1230
	1077	1231
	1080	1234
	1081	1235
	1084	1238
	1085	1239
	1088	1242
	1089	1242
	1092	1242
	1096	1246
	1097	1246
	1099	1246
	1105	1052
	1108	1252
	1111	1257
	1115	1260
	1119	1263
	1120	1264
	1124	1267
	1125	1268
	1129	1271
	1130	1272
	1131	1275
	1135	1280
	1139	1283
	1140	1284
	1141	1285
	1142	1288
	1146	1293
	1150	1296
	1155	1056
	1160	1060
	1161	1090
	1164	1061
	1166	1062
	1169	1063
	1170	1065
	1171	1066
	1172	1067
	1174	1068
	1175	1069
	1176	1070
	1178	1072
	1179	1073
	1180	1074
	1181	1075
	1182	1076
	1183	1077
	1185	1078
	1186	1079
	1187	1080
	1189	1081
	168	173
	169	174
	1193	1087
	170	175
	1194	1090
	171	176
	172	177
	1197	1093
	1198	1094
	1199	1129
	1202	1095
	1203	1096
	1204	1097
	1206	1098
	1208	1099
	1209	1100
	1210	1101
	187	193
	1211	1102
	188	194
	1214	1103
	191	197
	1215	1104
	192	198
	1217	1107
	1218	1108
	196	201
	1220	1111
	197	202
	1221	1112
	198	203
	1223	1115
	200	205
	1224	1116
	1226	1119
	203	208
	1227	1120
	1229	1123
	1230	1124
	207	212
	208	213
	1233	1127
	210	215
	1234	1129
	213	218
	1237	1132
	214	219
	1238	1133
	215	220
	1241	1136
	219	221
	220	222
	221	223
	1246	1140
	224	226
	1251	1144
	228	229
	1256	1148
	233	233
	234	234
	235	235
	236	236
	237	237
	1261	1166
	239	240
	241	242
	1265	1169
	1270	1173
	247	258
	1271	1174
	248	259
	1272	1175
	249	260
	250	261
	251	262
	252	263
	253	264
	1277	1180
	254	265
	1278	1181
	255	266
	256	267
	1281	1184
	258	268
	1282	1185
	260	269
	262	270
	263	271
	266	274
	268	275
	269	276
	270	277
	271	277
	273	277
	275	279
	276	279
	279	280
	283	284
	284	285
	287	288
	288	289
	289	291
	290	292
	291	293
	292	297
	297	299
	300	303
	304	307
	305	308
	306	309
	307	310
	308	311
	309	312
	312	315
	313	316
	316	319
	317	320
	318	321
	319	322
	323	338
	325	343
	326	342
	327	355
	329	359
	330	360
	331	361
	334	364
	335	365
	336	366
	337	367
	338	415
	341	368
	342	369
	344	370
	346	371
	347	372
	348	373
	349	375
	350	376
	351	377
	354	378
	355	379
	359	382
	360	383
	362	384
	367	388
	368	389
	370	390
	371	391
	372	392
	374	393
	375	394
	376	395
	378	396
	379	399
	383	405
	384	406
	385	407
	387	409
	389	411
	392	415
	395	418
	396	419
	398	421
	399	422
	403	427
	404	428
	405	440
	408	429
	409	431
	410	432
	412	433
	414	434
	415	435
	416	436
	419	440
	422	443
	423	444
	424	445
	425	446
	426	447
	428	449
	431	452
	435	456
	436	457
	437	458
	438	459
	441	462
	442	463
	445	466
	449	470
	450	471
	451	474
	453	472
	454	474
	455	475
	458	478
	463	482
	467	486
	469	487
	470	488
	471	489
	472	490
	474	492
	475	493
	477	495
	480	498
	481	499
	482	509
	485	500
	486	509
	489	501
	491	502
	492	503
	494	505
	495	506
	497	509
	500	512
	502	513
	503	514
	504	515
	505	516
	506	517
	507	518
	510	521
	511	522
	512	523
	513	524
	516	527
	517	528
	518	529
	521	532
	522	533
	526	536
	530	540
	534	544
	535	545
	536	546
	539	549
	540	550
	541	551
	542	552
	544	554
	549	557
	550	558
	552	558
	553	558
	555	559
	557	560
	562	565
	566	569
	567	570
	568	571
	571	574
	572	575
	574	576
	575	577
	576	579
	577	580
	578	581
	580	583
	583	587
	584	588
	585	589
	586	590
	587	591
	591	595
	595	607
	596	608
	597	609
	599	610
	600	611
	601	612
	603	613
	605	614
	606	615
	608	616
	609	617
	610	618
	611	619
	612	620
	616	624
	617	625
	620	628
	621	629
	622	630
	623	631
	627	637
	630	640
	631	662
	634	641
	635	642
	636	643
	637	644
	638	645
	640	647
	641	648
	642	649
	643	650
	645	652
	646	653
	647	654
	648	655
	649	656
	650	657
	654	662
	657	665
	658	667
	659	668
	660	669
	663	673
	666	676
	667	677
	671	680
	673	681
	674	683
	675	685
	676	686
	678	687
	683	701
	684	702
	686	704
	690	715
	691	716
	693	718
	697	721
	698	722
	702	725
	703	726
	705	728
	709	740
	710	741
	713	754
	714	755
	716	756
	718	757
	719	758
	721	760
	723	762
	727	767
	729	768
	730	769
	733	772
	735	774
	739	777
	740	778
	744	781
	749	785
	754	789
	759	793
	764	797
	769	801
	774	805
	779	809
	784	814
	788	818
	789	819
	793	822
	798	826
	799	827
	803	830
	804	831
	807	834
	808	835
	811	840
	812	841
	816	844
	817	861
	818	862
	819	863
	822	845
	823	846
	824	847
	827	850
	828	851
	829	852
	832	855
	833	856
	834	858
	836	866
	840	869
	841	870
	846	874
	847	875
	848	876
	849	877
	851	878
	852	879
	853	880
	854	881
	856	882
	858	884
	862	887
	863	888
	867	901
	868	902
	872	907
	873	908
	877	920
	878	921
	882	935
	883	936
	885	937
	886	938
	887	954
	890	939
	891	954
	894	940
	896	954
	899	941
	900	944
	901	945
	902	946
	904	947
	905	949
	906	951
	908	952
	910	954
	913	957
	915	958
	917	958
	918	959
	922	962
	924	962
	925	963
	929	966
	934	970
	939	974
	944	978
	948	982
	953	986
	954	987
	958	991
	963	996
	964	997
	968	1001
	969	1002
	970	1003
	973	1005
	974	1006
	975	1007
	976	1008
	978	1009
	979	1010
	980	1012
	981	1013
	982	1014
	983	1015
	984	1016
	985	1017
	988	1020
	993	1025
	994	1026
	998	1029
	1003	1033
	1008	1037
	1014	1041
	1017	1044
	1021	1048
	1022	1049
net/minecraft/client/particle/SulfurBubbleParticle	93	87
	64	52
	65	53
	66	54
	69	55
	70	56
	72	57
	73	58
	76	61
	81	66
	88	73
	89	74
	26	23
	27	24
	28	25
	29	26
	93	87
	32	27
	33	28
	35	29
	36	30
	39	31
	40	32
	41	33
	42	34
	43	35
	47	39
	50	40
	51	41
	55	44
	56	45
	60	48
	61	49
com/mojang/blaze3d/buffers/package-info	0	0
net/minecraft/client/model/monster/vex/VexModel	133	130
	128	125
	129	126
	131	128
	133	130
	29	27
	36	28
	39	31
	40	32
	42	33
	43	34
	44	35
	45	35
	47	37
	48	40
	49	42
	50	44
	52	46
	53	48
	54	49
	55	51
	56	53
	57	54
	59	56
	60	58
	61	59
	62	61
	63	63
	64	64
	66	66
	71	70
	72	71
	73	72
	74	73
	76	74
	77	75
	79	76
	80	77
	81	78
	83	80
	85	83
	86	84
	87	85
	88	86
	89	87
	90	88
	91	89
	94	92
	95	93
	96	94
	97	95
	98	96
	99	97
	100	98
	101	112
	104	100
	105	101
	106	102
	107	103
	109	106
	110	107
	111	108
	112	109
	114	112
	118	115
	119	116
	120	117
	121	118
	122	119
	123	120
	124	121
	125	122
net/minecraft/client/gui/screens/recipebook/RecipeBookComponent	675	598
	512	454
	513	455
	514	456
	517	458
	522	464
	523	465
	528	470
	529	471
	531	472
	532	473
	535	474
	536	475
	537	476
	540	478
	545	484
	546	485
	548	486
	549	487
	552	489
	553	489
	556	489
	561	495
	567	500
	571	504
	575	508
	576	509
	578	510
	579	511
	580	512
	582	514
	585	517
	586	518
	587	519
	588	520
	589	521
	590	522
	592	525
	593	526
	594	527
	595	528
	597	530
	600	533
	604	537
	605	538
	607	539
	609	540
	611	542
	614	545
	615	546
	618	549
	619	550
	620	551
	621	552
	626	557
	115	102
	627	558
	116	103
	628	559
	117	104
	629	560
	630	561
	119	105
	120	106
	632	563
	121	107
	124	110
	125	111
	126	112
	638	567
	127	113
	128	114
	130	115
	643	572
	132	116
	644	573
	133	117
	645	574
	134	118
	646	575
	136	120
	648	577
	649	578
	650	579
	139	123
	651	580
	141	124
	653	581
	142	125
	654	582
	143	126
	655	583
	145	127
	657	585
	146	128
	147	129
	149	130
	150	131
	151	132
	152	133
	153	134
	154	135
	666	589
	155	136
	667	590
	158	137
	670	593
	671	594
	161	138
	162	138
	674	597
	163	138
	675	598
	166	140
	168	141
	169	142
	170	143
	171	144
	172	145
	173	146
	174	147
	175	148
	176	149
	178	150
	180	152
	181	153
	184	156
	185	159
	187	164
	188	165
	190	168
	192	169
	193	170
	194	171
	195	172
	198	175
	202	179
	209	186
	210	187
	212	189
	215	192
	219	196
	220	197
	223	200
	227	204
	231	208
	232	209
	235	212
	236	213
	237	214
	238	215
	240	218
	241	219
	246	224
	247	225
	248	226
	250	227
	251	228
	254	231
	258	234
	259	235
	260	236
	263	239
	268	244
	270	245
	273	246
	276	247
	277	248
	278	249
	279	250
	280	251
	281	252
	286	256
	287	257
	290	260
	291	261
	294	264
	295	265
	296	266
	298	267
	299	269
	300	270
	302	271
	303	272
	304	273
	305	274
	306	275
	307	276
	310	279
	314	282
	315	283
	316	284
	319	287
	320	293
	323	288
	324	289
	325	290
	327	293
	330	296
	331	297
	332	298
	334	299
	335	300
	336	301
	339	304
	344	309
	345	326
	348	310
	349	311
	352	314
	353	315
	354	316
	356	317
	358	319
	359	320
	362	323
	364	324
	365	326
	368	329
	369	333
	372	330
	374	331
	375	333
	380	338
	381	339
	385	343
	386	385
	390	344
	391	345
	392	346
	394	347
	395	348
	396	349
	399	352
	400	353
	402	354
	403	355
	407	359
	410	361
	411	362
	412	364
	413	365
	414	366
	416	369
	420	372
	421	373
	424	375
	425	376
	426	377
	430	381
	435	391
	436	391
	438	391
	442	395
	443	396
	446	398
	447	399
	448	400
	449	401
	453	406
	454	407
	455	408
	457	410
	460	413
	461	414
	463	417
	464	418
	465	419
	468	422
	469	423
	470	424
	471	425
	474	428
	475	429
	478	431
	479	432
	481	433
	486	439
	487	440
	488	441
	491	442
	492	443
	493	444
	496	445
	497	446
	498	447
	500	448
	502	449
	505	450
	506	451
	507	452
	509	453
net/minecraft/client/gui/screens/inventory/CraftingScreen	36	36
	16	16
	32	32
	17	17
	33	33
	34	34
	35	35
	36	36
	21	21
	22	22
	23	23
	27	27
net/minecraft/client/renderer/entity/EvokerRenderer	42	51
	16	17
	18	21
	35	45
	21	32
	22	33
	24	35
	40	49
	41	50
	26	38
	42	51
	30	41
com/mojang/realmsclient/gui/screens/AddRealmPopupScreen	152	147
	128	121
	129	122
	131	126
	134	129
	138	133
	142	137
	146	141
	151	146
	152	147
	60	48
	61	49
	62	50
	63	51
	66	54
	67	55
	68	56
	72	60
	74	61
	75	62
	76	63
	77	63
	78	64
	82	69
	83	70
	84	71
	86	75
	87	77
	89	78
	90	80
	91	82
	92	83
	94	86
	95	87
	99	91
	100	92
	101	93
	102	94
	104	96
	108	100
	110	101
	111	102
	113	104
	116	107
	117	108
	118	111
	122	115
	123	116
	124	117
	125	118
	126	119
	127	120
com/mojang/realmsclient/dto/BackupList	31	30
	17	14
	19	17
	20	18
	21	19
	22	20
	23	21
	24	22
	28	26
	29	27
	31	30
com/mojang/realmsclient/dto/ServiceQuality	61	60
	34	35
	38	39
	42	43
	50	50
	51	51
	55	54
	24	23
	56	55
	25	24
	57	56
	26	25
	58	57
	59	58
	29	29
	61	60
	30	30
	31	31
net/minecraft/client/tutorial/MovementTutorialStepInstance	122	122
	37	35
	38	36
	42	40
	44	41
	45	42
	46	43
	49	46
	50	47
	51	48
	54	51
	55	52
	56	53
	57	54
	59	57
	62	60
	63	61
	64	62
	65	63
	67	66
	70	69
	71	70
	72	71
	74	73
	78	77
	79	78
	82	81
	83	82
	86	85
	87	86
	88	87
	89	88
	90	89
	91	90
	92	91
	93	92
	96	95
	100	99
	101	100
	102	101
	104	104
	105	105
	106	106
	108	108
	112	112
	113	113
	115	115
	119	119
	120	120
	122	122
net/minecraft/client/renderer/entity/layers/HorseMarkingLayer	41	71
	33	56
	34	57
	36	58
	37	71
	40	59
	41	71
	28	45
	29	46
net/minecraft/client/OptionInstance	596	627
	512	491
	513	491
	259	259
	515	491
	520	497
	521	498
	266	359
	522	499
	271	364
	527	504
	528	505
	529	506
	534	511
	535	512
	537	515
	538	516
	284	389
	285	390
	286	391
	287	392
	543	521
	288	393
	544	522
	289	394
	290	395
	291	396
	295	400
	40	38
	296	401
	297	402
	553	586
	301	406
	302	407
	558	590
	304	409
	306	411
	563	594
	309	414
	310	415
	55	52
	311	416
	567	601
	312	417
	314	419
	570	605
	59	56
	318	423
	63	60
	319	424
	575	610
	320	425
	321	426
	67	69
	323	428
	580	615
	327	432
	329	433
	585	620
	330	434
	331	435
	332	436
	77	79
	334	438
	593	627
	82	79
	338	442
	594	627
	339	443
	340	444
	596	627
	342	446
	88	90
	89	91
	346	450
	347	451
	348	452
	350	454
	351	455
	352	456
	353	457
	354	458
	99	102
	355	459
	100	103
	356	460
	101	104
	357	461
	102	105
	103	106
	104	107
	360	465
	105	108
	361	466
	106	109
	362	467
	107	110
	363	468
	364	469
	110	113
	367	473
	368	474
	369	475
	114	117
	370	476
	373	480
	118	121
	122	125
	126	131
	384	284
	130	135
	389	288
	134	139
	139	143
	396	292
	397	293
	398	295
	143	147
	399	295
	144	148
	145	149
	401	295
	147	151
	149	152
	150	159
	406	300
	407	301
	152	154
	153	155
	409	304
	154	156
	156	159
	413	310
	159	162
	416	315
	421	320
	426	325
	427	326
	429	328
	430	329
	435	335
	179	548
	436	336
	438	338
	439	339
	183	552
	444	345
	189	558
	449	350
	194	571
	457	265
	458	266
	206	224
	462	269
	211	236
	467	274
	212	237
	213	238
	214	239
	215	240
	216	241
	217	242
	474	188
	218	243
	479	193
	227	538
	228	539
	485	198
	486	201
	230	540
	487	202
	488	203
	490	204
	496	211
	242	170
	501	216
	247	175
	254	254
	510	488
	511	489
net/minecraft/client/gui/screens/telemetry/package-info	0	0
net/minecraft/client/animation/AnimationDefinition	43	38
	16	11
	33	28
	34	29
	38	33
	39	34
	25	20
	43	38
	29	24
	30	25
net/minecraft/client/animation/definitions/BabyAxolotlAnimation	0	0
net/minecraft/client/model/object/leash/package-info	0	0
net/minecraft/client/multiplayer/ClientRegistryLayer	19	17
	19	17
net/minecraft/client/gui/screens/packs/PackSelectionScreen	394	488
	258	283
	262	286
	263	288
	265	290
	266	291
	267	292
	269	294
	270	295
	272	297
	273	298
	277	302
	278	303
	279	304
	282	307
	283	308
	284	309
	287	312
	288	313
	289	316
	290	318
	291	319
	292	320
	294	323
	297	327
	298	328
	299	329
	300	330
	301	333
	304	336
	308	378
	309	347
	310	348
	311	401
	313	353
	314	355
	316	363
	317	360
	318	361
	319	394
	320	375
	321	402
	322	403
	324	404
	328	409
	336	417
	337	418
	340	421
	343	430
	344	425
	345	426
	90	87
	346	427
	91	88
	92	89
	93	90
	349	442
	94	91
	350	445
	351	446
	352	447
	98	95
	354	449
	99	96
	100	97
	358	454
	103	100
	359	455
	360	456
	105	102
	361	457
	106	103
	107	104
	110	107
	366	462
	367	463
	114	111
	370	466
	115	112
	116	113
	117	114
	118	115
	374	469
	119	116
	375	470
	120	117
	376	470
	121	118
	377	471
	122	119
	378	472
	123	120
	379	473
	380	474
	125	121
	381	475
	126	123
	127	123
	128	123
	385	480
	130	125
	132	126
	388	483
	133	127
	134	128
	135	129
	393	487
	394	488
	139	133
	140	134
	142	136
	144	138
	147	141
	148	142
	151	145
	152	146
	153	147
	156	155
	157	165
	159	156
	160	158
	161	159
	162	160
	163	161
	164	163
	165	165
	169	169
	170	170
	171	171
	173	174
	174	175
	176	177
	180	181
	182	183
	184	184
	186	186
	187	187
	188	188
	192	192
	193	192
	194	193
	197	195
	200	198
	201	199
	203	202
	204	203
	206	206
	207	207
	209	210
	210	211
	212	213
	215	216
	216	217
	217	218
	218	219
	219	220
	222	223
	223	224
	224	237
	225	229
	227	231
	228	232
	229	233
	230	234
	232	236
	233	252
	234	253
	235	254
	237	256
	238	257
	239	258
	241	260
	245	264
	246	267
	247	270
	248	271
	249	272
	250	275
	253	279
net/minecraft/client/renderer/entity/state/BoatRenderState	0	0
net/minecraft/client/renderer/entity/layers/BeeStingerLayer	21	23
	16	17
	17	19
	21	23
net/minecraft/client/gui/screens/debug/DebugOptionsScreen	324	332
	256	206
	257	207
	258	208
	259	209
	260	210
	261	211
	263	212
	264	213
	267	216
	268	217
	269	218
	273	222
	274	224
	275	225
	277	228
	278	229
	282	233
	287	238
	292	243
	293	244
	294	245
	296	246
	298	247
	299	248
	302	251
	303	252
	304	253
	306	254
	307	255
	308	256
	310	257
	311	258
	312	259
	313	260
	59	54
	60	55
	317	264
	318	265
	319	266
	64	59
	320	267
	321	268
	66	60
	322	269
	67	61
	323	270
	324	271
	69	62
	70	63
	71	64
	72	65
	73	66
	74	67
	75	68
	76	69
	78	70
	80	71
	82	72
	83	73
	84	74
	85	75
	87	76
	88	77
	89	78
	93	82
	94	83
	95	84
	99	88
	100	89
	103	92
	104	93
	105	94
	106	95
	107	97
	108	98
	110	101
	111	102
	112	103
	113	104
	114	105
	115	106
	119	110
	120	111
	121	112
	123	114
	126	117
	131	276
	132	278
	133	278
	135	278
	139	283
	140	285
	141	291
	142	292
	146	296
	147	297
	151	301
	155	305
	156	306
	159	309
	160	310
	161	311
	162	312
	163	314
	164	315
	165	316
	166	317
	167	318
	168	319
	170	322
	173	326
	174	327
	177	330
	178	331
	179	332
	189	128
	190	130
	191	131
	195	135
	196	136
	200	140
	205	147
	208	152
	213	157
	214	158
	221	164
	228	180
	235	178
	236	181
	237	182
	238	183
	239	184
	241	185
	242	186
	244	188
	247	191
	248	194
	249	195
	250	196
	251	197
	252	200
	253	201
	254	202
	255	203
net/minecraft/client/model/object/armorstand/ArmorStandModel	125	82
	29	26
	30	27
	31	28
	32	29
	33	30
	35	31
	36	32
	39	35
	40	36
	41	37
	42	37
	43	37
	44	37
	46	38
	47	38
	48	38
	51	39
	52	40
	53	40
	54	40
	56	42
	57	43
	58	43
	59	43
	61	45
	62	45
	63	45
	64	45
	66	46
	67	47
	68	47
	69	47
	71	49
	72	49
	73	49
	76	50
	77	50
	78	50
	81	51
	82	51
	83	51
	86	52
	87	53
	88	53
	89	53
	92	55
	97	60
	99	61
	101	62
	102	63
	103	64
	105	65
	106	66
	107	67
	109	68
	110	69
	111	70
	113	71
	114	72
	115	73
	116	74
	120	77
	121	78
	122	79
	123	80
	124	81
	125	82
net/minecraft/client/gui/screens/recipebook/package-info	0	0
net/minecraft/client/gui/screens/worldselection/CreateWorldCallback	0	0
net/minecraft/client/gui/font/AllMissingGlyphProvider	33	33
	16	16
	33	33
	21	21
	27	28
com/mojang/blaze3d/systems/DeviceLimits	21	14
	21	14
com/mojang/realmsclient/client/FileDownload	383	509
	259	354
	260	355
	261	356
	262	357
	265	361
	266	364
	268	365
	269	366
	271	368
	272	369
	273	370
	275	371
	276	372
	281	362
	284	378
	285	379
	287	382
	289	383
	291	384
	292	386
	293	387
	295	388
	296	389
	297	390
	300	392
	301	393
	303	395
	304	396
	305	397
	307	400
	308	403
	309	414
	312	417
	314	420
	315	421
	316	422
	318	424
	319	425
	65	95
	66	96
	322	428
	67	97
	323	429
	68	98
	326	437
	327	436
	72	102
	328	452
	73	103
	329	453
	74	104
	330	454
	331	455
	76	106
	77	107
	334	458
	336	460
	82	113
	339	465
	341	467
	86	117
	342	468
	343	469
	344	470
	345	471
	91	129
	92	127
	348	474
	93	127
	94	127
	351	479
	96	145
	97	146
	98	147
	354	481
	99	148
	356	482
	357	483
	358	484
	104	158
	360	486
	105	230
	361	487
	362	488
	108	159
	364	490
	109	204
	365	491
	366	492
	111	165
	112	166
	113	167
	369	495
	114	168
	115	169
	116	170
	118	172
	119	173
	375	501
	120	174
	376	502
	377	503
	122	177
	125	180
	381	507
	126	226
	382	508
	383	509
	129	184
	130	185
	132	187
	133	188
	134	189
	135	190
	136	191
	137	192
	139	194
	140	195
	141	196
	143	199
	147	203
	148	216
	149	220
	150	227
	151	228
	152	230
	155	233
	159	237
	160	238
	161	239
	162	240
	163	241
	164	242
	165	243
	167	246
	168	286
	171	247
	172	248
	173	286
	176	250
	178	269
	179	251
	180	254
	182	257
	183	281
	184	286
	187	289
	188	290
	189	291
	192	294
	193	295
	194	296
	195	297
	197	299
	200	302
	204	306
	208	310
	217	314
	219	316
	220	317
	221	318
	225	322
	229	326
	232	327
	234	329
	235	330
	238	333
	239	334
	242	337
	245	340
	246	341
	247	342
	248	343
	249	344
	250	345
	251	346
	252	347
	255	350
net/minecraft/client/particle/ParticleGroup	66	64
	32	32
	34	33
	66	64
	35	34
	36	35
	40	39
	44	43
	45	44
	46	45
	47	46
	48	47
	49	48
	51	49
	21	19
	53	51
	22	20
	56	54
	25	23
	57	55
	60	58
	29	27
	30	28
	31	31
net/minecraft/client/renderer/entity/NautilusRenderer	51	54
	34	40
	38	43
	43	47
	48	51
	49	52
	50	53
	19	19
	51	54
	20	19
	21	19
	22	20
	24	25
	25	26
	28	30
	30	35
	31	36
net/minecraft/client/renderer/special/ChestSpecialRenderer	95	91
	64	76
	65	77
	68	80
	69	81
	73	85
	78	89
	79	90
	81	91
	87	55
	88	56
	92	60
	93	61
	94	62
	95	63
	41	34
	42	35
	43	36
	44	37
	45	38
	48	41
	49	42
	50	42
	51	42
	56	66
	57	68
	59	69
	60	70
	61	72
net/minecraft/client/gui/components/tabs/MenuTabBar	126	145
	22	29
	23	30
	27	74
	28	75
	31	78
	32	79
	36	83
	37	84
	39	87
	44	91
	49	33
	54	38
	55	50
	56	51
	57	54
	58	55
	63	59
	64	60
	65	61
	66	63
	67	64
	69	67
	70	68
	71	69
	72	70
	90	109
	91	110
	95	114
	97	117
	98	118
	100	119
	101	120
	102	121
	104	124
	106	125
	107	126
	110	129
	111	130
	114	133
	115	134
	116	135
	117	136
	118	137
	119	138
	122	141
	123	142
	124	143
	125	144
	126	145
net/minecraft/client/model/animal/chicken/ColdChickenModel	31	28
	14	11
	15	12
	18	15
	19	17
	20	19
	21	19
	22	19
	23	20
	25	23
	26	25
	27	25
	28	25
	29	26
	31	28
net/minecraft/client/renderer/extract/LevelExtractor	534	505
	512	482
	513	483
	514	484
	515	485
	521	493
	522	494
	524	495
	529	500
	534	505
	97	90
	98	91
	99	92
	100	93
	103	96
	104	97
	107	100
	108	101
	109	102
	112	105
	113	106
	114	107
	117	110
	119	111
	121	112
	123	113
	124	114
	126	115
	127	116
	129	117
	131	118
	133	119
	134	120
	135	121
	137	122
	138	123
	139	124
	140	125
	142	126
	143	127
	144	128
	145	129
	146	130
	147	131
	148	132
	152	136
	153	137
	154	138
	155	139
	156	140
	157	141
	158	142
	160	143
	161	144
	162	145
	163	146
	165	148
	167	149
	168	150
	169	152
	170	153
	171	154
	172	157
	173	160
	178	165
	179	166
	181	167
	182	168
	184	169
	185	170
	187	171
	188	172
	190	173
	191	174
	193	175
	194	176
	195	177
	196	178
	198	181
	199	182
	201	191
	202	192
	204	193
	205	194
	206	195
	207	196
	210	199
	214	200
	215	201
	217	202
	219	203
	220	204
	221	205
	224	208
	226	209
	228	210
	229	211
	230	212
	233	215
	234	216
	235	217
	236	218
	237	219
	239	220
	241	221
	243	223
	244	224
	247	225
	248	226
	251	227
	254	228
	258	229
	259	230
	260	231
	261	232
	263	235
	264	236
	265	237
	267	242
	268	243
	271	246
	275	250
	276	251
	277	252
	278	253
	281	254
	283	256
	284	257
	285	258
	289	259
	290	260
	291	261
	293	263
	294	269
	296	264
	297	265
	298	266
	299	267
	301	272
	302	273
	303	274
	308	280
	309	283
	310	284
	311	285
	314	287
	315	288
	316	289
	319	293
	322	296
	323	297
	324	298
	325	299
	327	300
	328	302
	329	303
	330	304
	334	305
	335	306
	338	307
	339	308
	341	312
	344	315
	345	316
	346	339
	349	317
	350	339
	352	318
	353	319
	354	320
	355	321
	356	322
	357	323
	358	324
	359	325
	360	326
	361	327
	362	328
	363	329
	364	330
	366	334
	369	339
	372	342
	373	343
	374	344
	375	345
	377	348
	378	349
	381	352
	382	353
	384	355
	385	356
	386	358
	389	361
	394	365
	395	366
	398	369
	399	370
	400	371
	402	373
	403	374
	405	377
	407	378
	408	379
	411	382
	412	392
	415	383
	417	384
	418	385
	420	386
	422	387
	423	388
	424	389
	426	390
	427	392
	430	395
	431	396
	434	399
	435	400
	438	403
	439	404
	440	405
	441	406
	445	410
	448	413
	449	414
	450	415
	451	416
	455	420
	458	423
	459	424
	461	426
	464	429
	465	430
	468	435
	469	436
	470	437
	471	438
	475	442
	478	445
	479	446
	482	449
	483	450
	486	453
	490	457
	491	459
	492	460
	493	461
	496	465
	501	471
	502	472
	503	473
	505	475
	506	476
	508	477
	510	478
	511	481
net/minecraft/client/telemetry/TelemetryLogManager	66	63
	64	61
	66	63
	27	26
	28	27
	31	30
	33	32
	34	33
	35	33
	36	33
	37	34
	38	35
	39	36
	40	37
	42	39
	46	43
	47	44
	49	46
	50	47
	51	48
	52	49
	53	50
	54	51
	56	53
	58	56
	63	60
net/minecraft/client/gui/screens/friends/FriendsOverlayTabButton	65	59
	64	58
	65	59
	35	29
	39	33
	41	36
	42	37
	44	38
	45	39
	47	42
	49	43
	50	44
	53	47
	54	48
	55	49
	56	50
	57	51
	58	52
	28	28
	61	55
	62	56
	63	57
net/minecraft/client/model/object/equipment/ShieldModel	51	40
	32	30
	33	30
	34	30
	37	31
	38	31
	39	31
	43	32
	47	36
	51	40
	23	22
	24	23
	25	24
	26	25
	29	28
	30	29
net/minecraft/client/gui/layouts/FrameLayout	135	121
	64	55
	128	114
	129	115
	66	57
	130	116
	67	58
	68	59
	134	120
	71	62
	135	121
	72	63
	73	64
	76	67
	77	68
	78	69
	81	72
	85	76
	86	77
	25	17
	26	18
	90	81
	29	21
	30	22
	95	86
	96	87
	33	25
	34	26
	35	27
	100	91
	101	92
	38	30
	104	95
	105	96
	42	34
	43	35
	108	99
	109	100
	47	39
	48	40
	112	103
	113	104
	52	44
	56	48
	123	109
	124	110
	61	53
	125	111
	63	54
net/minecraft/client/model/object/equipment/package-info	0	0
net/minecraft/client/renderer/entity/DonkeyRenderer	76	60
	34	33
	38	36
	74	58
	43	40
	75	59
	76	60
	48	44
	49	45
	50	46
	20	25
	21	25
	22	25
	25	26
	26	27
	28	28
	30	30
	31	30
net/minecraft/client/model/animal/ghast/package-info	0	0
net/minecraft/client/model/monster/hoglin/HoglinModel	126	103
	29	26
	30	27
	31	28
	32	29
	33	30
	34	31
	35	32
	36	33
	37	34
	40	37
	41	38
	43	39
	44	40
	45	40
	46	40
	47	42
	48	44
	49	44
	50	45
	52	47
	53	49
	54	49
	55	50
	57	52
	58	54
	59	54
	60	55
	62	57
	63	59
	64	59
	65	60
	67	62
	68	63
	69	63
	70	63
	72	65
	73	66
	74	66
	75	66
	78	68
	79	69
	80	70
	81	71
	82	71
	83	71
	85	73
	86	74
	87	74
	88	74
	90	76
	91	77
	92	77
	93	77
	95	79
	96	80
	97	80
	98	80
	100	82
	105	86
	107	87
	108	88
	109	89
	110	90
	111	91
	114	92
	115	93
	117	94
	118	95
	119	96
	120	97
	121	98
	122	99
	125	102
	126	103
net/minecraft/client/particle/BubblePopParticle	52	60
	32	31
	33	32
	35	33
	36	35
	40	39
	11	13
	12	14
	13	15
	14	16
	15	17
	47	46
	16	18
	48	47
	17	19
	18	20
	19	21
	52	60
	23	25
	24	26
	25	27
	27	28
	28	29
	29	35
net/minecraft/client/color/item/CustomModelDataSource	37	38
	32	33
	18	15
	19	17
	20	18
	21	20
	37	38
	25	25
	26	26
	27	27
	28	28
	29	29
net/minecraft/client/gui/screens/telemetry/TelemetryEventWidget	169	162
	130	123
	141	135
	143	136
	144	137
	146	138
	147	139
	150	142
	151	143
	154	146
	155	147
	156	148
	159	152
	160	153
	161	154
	164	157
	165	158
	39	37
	168	161
	41	38
	169	162
	42	39
	43	40
	46	43
	47	44
	48	45
	51	48
	52	49
	53	50
	56	53
	57	54
	58	55
	59	57
	60	58
	61	59
	63	60
	65	61
	66	62
	69	66
	73	70
	74	71
	78	75
	79	76
	80	77
	82	79
	86	83
	91	88
	92	89
	94	90
	95	91
	96	92
	97	93
	98	94
	102	98
	103	99
	106	102
	107	102
	109	102
	113	106
	114	109
	115	110
	116	111
	118	112
	120	113
	121	114
	124	117
	125	118
	127	120
com/mojang/blaze3d/opengl/GlTransientMemory	456	465
	40	32
	41	33
	42	34
	43	35
	44	36
	48	39
	52	43
	53	45
	54	46
	58	50
	59	51
	71	59
	73	60
	77	64
	78	65
	82	69
	83	70
	89	73
	90	74
	91	75
	92	76
	96	80
	97	81
	98	82
	104	86
	105	89
	106	91
	107	92
	108	93
	109	96
	110	100
	115	105
	116	108
	117	110
	122	117
	128	124
	133	129
	134	131
	135	132
	136	133
	139	136
	141	137
	142	138
	145	139
	146	141
	147	142
	149	143
	151	144
	152	145
	154	148
	156	149
	162	154
	167	159
	168	160
	170	161
	171	162
	175	163
	176	165
	178	166
	180	168
	181	169
	182	170
	183	171
	186	172
	187	173
	188	174
	190	175
	191	176
	192	177
	193	178
	195	182
	200	183
	201	184
	202	185
	203	186
	205	187
	206	188
	208	192
	210	193
	228	420
	229	421
	230	422
	231	423
	239	207
	240	209
	241	212
	242	215
	243	217
	247	221
	248	223
	249	224
	250	225
	253	228
	257	232
	258	233
	259	234
	262	237
	263	238
	264	238
	265	238
	268	240
	269	241
	272	244
	274	245
	275	246
	276	247
	278	250
	279	251
	280	252
	281	253
	283	256
	284	257
	286	259
	287	260
	289	262
	291	265
	293	266
	295	267
	299	271
	300	272
	304	278
	305	280
	306	282
	307	283
	308	284
	313	291
	314	293
	315	295
	316	296
	321	303
	322	305
	323	307
	324	308
	325	309
	330	316
	335	323
	339	334
	340	336
	341	337
	342	338
	345	342
	346	343
	348	344
	350	345
	351	346
	352	348
	353	349
	354	350
	355	351
	356	352
	360	360
	366	365
	371	370
	375	374
	376	375
	378	376
	380	377
	381	378
	382	380
	384	381
	386	383
	387	384
	388	385
	389	386
	392	387
	394	389
	395	390
	397	391
	399	392
	400	393
	402	396
	403	397
	405	401
	410	402
	411	403
	412	405
	413	406
	414	407
	417	412
	422	434
	425	432
	426	433
	427	435
	428	436
	432	440
	433	441
	435	443
	436	444
	441	450
	442	451
	446	455
	451	460
	456	465
net/minecraft/client/gui/components/debug/DebugEntryHeightmap	63	73
	33	44
	34	73
	37	45
	38	46
	40	47
	41	49
	42	50
	43	51
	46	55
	48	56
	49	57
	50	59
	51	60
	52	61
	53	62
	54	63
	56	65
	60	70
	30	42
	62	71
	31	43
	63	73
com/mojang/blaze3d/platform/DisplayData	17	11
	17	11
	13	7
net/minecraft/client/renderer/entity/state/ZombifiedPiglinRenderState	0	0
com/mojang/realmsclient/exception/RetryCallException	18	16
	16	12
	18	16
	11	10
	13	11
	14	14
net/minecraft/client/renderer/entity/layers/IronGolemFlowerLayer	39	38
	32	31
	33	32
	34	33
	35	34
	37	35
	38	36
	39	38
	15	14
	16	15
	20	25
	21	38
	24	26
	25	27
	28	28
	29	29
	31	30
net/minecraft/client/gui/screens/worldselection/WorldOpenFlows	538	612
	513	587
	514	588
	517	591
	518	592
	519	593
	520	594
	521	595
	522	596
	524	598
	529	603
	530	605
	531	606
	532	606
	533	607
	537	611
	538	612
	91	98
	92	99
	93	100
	97	109
	98	110
	99	111
	100	139
	103	112
	105	113
	107	116
	108	117
	110	120
	111	121
	112	122
	114	124
	117	127
	122	132
	123	133
	124	134
	125	135
	126	136
	128	139
	132	143
	133	144
	134	145
	135	146
	136	147
	137	148
	138	149
	139	150
	140	151
	141	152
	147	163
	148	165
	149	169
	150	171
	153	176
	154	177
	156	180
	157	182
	158	184
	159	184
	160	184
	169	191
	171	192
	172	193
	173	194
	174	195
	176	197
	178	198
	179	203
	181	206
	182	208
	183	210
	185	212
	186	213
	187	214
	189	216
	193	220
	194	221
	195	222
	196	224
	197	226
	199	233
	206	243
	207	244
	208	245
	209	246
	210	247
	211	248
	212	249
	218	255
	219	256
	220	257
	222	259
	223	260
	226	263
	229	268
	230	269
	231	269
	232	269
	237	275
	240	280
	241	281
	242	282
	244	284
	246	286
	247	287
	248	288
	249	289
	250	291
	252	293
	253	293
	257	298
	259	300
	260	300
	263	304
	266	307
	267	308
	268	309
	269	312
	271	310
	272	312
	275	315
	279	320
	280	321
	281	322
	282	323
	283	324
	284	325
	286	327
	287	328
	289	330
	290	331
	291	332
	292	333
	294	334
	295	335
	297	336
	298	337
	299	338
	300	339
	301	340
	303	341
	305	344
	306	345
	309	350
	310	351
	311	352
	312	380
	314	362
	315	363
	316	364
	317	365
	318	366
	319	367
	320	368
	322	371
	324	372
	326	373
	327	374
	328	375
	329	375
	335	377
	337	380
	340	383
	341	384
	342	384
	343	385
	346	388
	347	389
	348	390
	349	391
	350	392
	351	393
	353	394
	354	395
	355	396
	356	397
	359	400
	360	401
	361	402
	362	418
	364	403
	365	404
	366	411
	368	406
	369	407
	371	409
	373	411
	374	411
	375	411
	377	412
	379	414
	381	416
	382	418
	383	419
	388	426
	389	427
	390	430
	391	437
	392	438
	393	439
	394	442
	395	443
	397	448
	399	450
	400	452
	401	453
	402	454
	403	456
	404	464
	405	465
	406	466
	407	467
	408	468
	409	469
	410	470
	411	471
	412	472
	413	473
	415	426
	419	478
	420	479
	424	483
	425	485
	426	486
	428	488
	429	489
	430	490
	431	491
	432	492
	433	493
	434	494
	436	496
	437	497
	439	510
	442	513
	443	514
	446	519
	447	520
	449	521
	450	522
	452	523
	453	526
	454	527
	455	528
	456	529
	457	530
	458	532
	461	524
	462	532
	465	537
	466	538
	467	538
	468	538
	469	539
	470	540
	472	541
	473	542
	474	543
	476	545
	477	546
	478	547
	479	548
	481	550
	482	550
	483	551
	484	552
	486	554
	489	563
	490	575
	492	566
	493	567
	495	569
	496	570
	497	571
	498	572
	500	574
	501	575
	502	576
	506	580
	508	582
	510	584
net/minecraft/client/renderer/fog/environment/DarknessFogEnvironment	37	37
	32	32
	17	17
	36	36
	37	37
	22	22
	23	23
	24	24
	25	25
	26	26
	27	27
	28	28
	29	29
net/minecraft/client/gui/components/AbstractButton	71	76
	64	68
	66	70
	36	34
	38	35
	70	75
	39	36
	71	76
	44	41
	45	42
	48	45
	49	54
	53	58
	54	59
	58	63
	59	64
	29	27
	61	65
	30	28
	62	66
	63	67
net/minecraft/client/renderer/entity/state/FishingHookRenderState	0	0
com/mojang/blaze3d/vulkan/checkpoints/NoopCheckpointExtension	36	35
	32	31
	20	19
	36	35
	25	24
	15	14
net/minecraft/client/model/animal/pig/package-info	0	0
net/minecraft/client/renderer/texture/DynamicTexture	81	79
	64	62
	65	63
	66	64
	70	68
	71	69
	72	70
	76	74
	77	75
	78	76
	79	77
	81	79
	22	20
	23	21
	24	22
	25	23
	28	26
	29	27
	30	28
	33	31
	34	32
	35	33
	38	36
	39	37
	40	38
	41	39
	42	40
	45	43
	46	44
	47	45
	48	46
	49	47
	52	50
	53	51
	55	53
	57	55
	60	58
net/minecraft/client/model/monster/dragon/EnderDragonModel	314	288
	48	40
	52	44
	56	48
	57	49
	58	50
	59	52
	60	53
	62	56
	63	57
	65	60
	66	61
	67	62
	68	63
	69	64
	70	65
	71	66
	72	67
	73	68
	74	69
	75	70
	76	71
	77	72
	78	73
	79	74
	80	75
	81	76
	82	77
	85	80
	86	81
	88	82
	89	83
	90	85
	91	86
	92	87
	93	88
	94	89
	95	90
	96	91
	97	92
	98	93
	99	94
	101	96
	102	96
	103	96
	104	96
	107	97
	108	98
	109	99
	110	101
	111	102
	113	105
	114	106
	117	109
	118	111
	119	112
	120	113
	121	114
	122	115
	123	116
	126	118
	127	120
	128	120
	129	120
	130	120
	131	121
	133	123
	134	125
	135	125
	136	125
	137	125
	138	126
	141	128
	142	130
	143	130
	144	131
	146	133
	147	135
	148	135
	149	136
	151	138
	152	140
	153	140
	154	141
	157	143
	158	145
	159	145
	160	146
	162	148
	163	150
	164	150
	165	151
	167	153
	168	155
	169	155
	170	156
	173	158
	174	160
	175	160
	176	160
	177	161
	179	163
	180	165
	181	165
	182	165
	183	166
	186	168
	187	170
	188	170
	189	171
	191	173
	192	175
	193	175
	194	176
	196	178
	197	180
	198	180
	199	181
	202	183
	203	185
	204	185
	205	186
	207	188
	208	190
	209	190
	210	191
	212	193
	213	195
	214	195
	215	196
	218	198
	223	202
	225	203
	226	204
	228	205
	229	206
	231	207
	232	208
	233	209
	235	210
	236	211
	237	212
	239	213
	241	214
	243	215
	244	216
	246	218
	247	219
	248	220
	249	221
	250	222
	251	223
	252	224
	254	225
	255	226
	256	227
	257	228
	258	229
	259	230
	262	233
	263	234
	264	235
	266	236
	267	237
	268	238
	269	239
	271	240
	272	241
	273	242
	274	243
	275	244
	277	245
	278	246
	279	247
	280	248
	282	249
	283	250
	285	251
	286	252
	287	253
	288	254
	289	255
	290	257
	291	258
	292	259
	293	260
	294	261
	295	262
	296	263
	297	264
	298	265
	299	266
	300	267
	301	268
	302	269
	304	271
	307	282
	308	283
	309	284
	311	285
	312	286
	313	287
	314	288
net/minecraft/client/Options	2264	2022
	2048	1807
	2052	1811
	2053	1812
	1030	1279
	2054	1813
	1033	539
	2059	1818
	1036	1283
	2060	1819
	2061	1820
	2066	1825
	2067	1826
	2068	1827
	1047	1287
	2073	1832
	2074	1833
	2075	1834
	1052	547
	1053	548
	2080	1839
	2081	1840
	2082	1841
	1061	1291
	2086	1845
	2087	1846
	2088	1847
	1065	555
	2090	1860
	2091	1861
	1069	1295
	1070	1295
	2094	1864
	2095	1865
	1072	1295
	2098	1869
	2099	1870
	1076	1299
	2101	1871
	2103	1873
	1080	1303
	2104	1873
	2106	1873
	1084	1307
	1086	1307
	2110	1878
	2111	1880
	2112	1881
	1089	1307
	1091	1308
	2115	1885
	1092	1309
	1093	1310
	1094	1311
	2119	1898
	1096	1314
	2120	1899
	1097	1315
	1098	1316
	2122	1901
	1100	1318
	2125	1904
	2126	1905
	2128	1907
	2130	1909
	2133	1912
	1112	1322
	2137	1916
	2141	1920
	1119	564
	97	972
	2145	1924
	1122	565
	2146	1925
	1123	566
	2147	1928
	1124	567
	2148	1929
	1125	568
	101	976
	102	977
	2150	1930
	103	978
	2152	1931
	105	980
	1129	1326
	2155	1934
	2156	1935
	2157	1936
	2158	1937
	1135	573
	2159	1938
	2160	1939
	2161	1940
	2162	1941
	115	983
	2163	1942
	2165	1944
	1142	1330
	2168	1948
	2169	1949
	1146	581
	1147	582
	1148	583
	2172	1952
	1149	584
	126	987
	1151	586
	2176	1956
	2177	1957
	1154	1334
	2180	1960
	2181	1961
	137	991
	2185	1965
	1162	590
	1163	591
	1164	592
	2189	1969
	1166	595
	1167	596
	2191	1973
	144	103
	1168	597
	145	104
	1170	600
	2194	1977
	147	106
	2195	1978
	148	106
	1172	603
	150	106
	2199	1980
	2200	1981
	1177	1338
	2201	1982
	2202	1983
	2203	1984
	2204	1985
	2205	1986
	158	995
	1183	1342
	2207	1987
	2208	1988
	2209	1989
	2210	1990
	164	999
	2214	1994
	2215	1995
	1192	609
	170	1003
	2218	1998
	1199	1346
	179	116
	1205	612
	182	119
	186	1007
	1212	1350
	2238	2002
	1218	615
	2242	2006
	195	125
	196	126
	198	127
	2246	2010
	201	128
	1225	1354
	2250	2014
	204	131
	2254	2018
	1231	618
	2255	2018
	208	1011
	2257	2018
	2261	2022
	1238	1358
	2262	2022
	2264	2022
	219	139
	220	140
	221	141
	222	142
	1247	624
	224	145
	1248	625
	225	146
	226	147
	1250	626
	227	148
	229	151
	231	153
	1258	1362
	239	1015
	243	1019
	1272	1366
	251	163
	1278	1370
	259	1024
	260	1025
	261	1026
	262	1027
	265	1030
	1290	1374
	273	174
	274	175
	275	176
	277	179
	1302	1378
	1306	1382
	1307	1388
	1309	1383
	286	1034
	1310	1384
	1311	1385
	1313	1388
	292	187
	297	189
	301	192
	305	1038
	311	197
	319	201
	320	202
	321	203
	325	1042
	333	209
	340	212
	344	1046
	354	217
	355	218
	356	219
	360	1050
	372	1054
	382	228
	383	229
	385	230
	386	231
	389	236
	392	233
	393	234
	394	236
	1419	789
	1420	790
	1421	791
	1422	792
	398	1058
	1425	796
	405	239
	406	240
	407	241
	1431	1391
	411	1062
	1443	808
	420	246
	1444	809
	421	247
	1445	810
	423	248
	1447	812
	1448	813
	425	249
	1450	814
	432	1066
	1457	1395
	441	260
	442	261
	443	262
	444	263
	446	266
	1472	1399
	449	269
	453	1070
	460	1074
	461	1075
	462	1076
	463	1078
	464	1079
	465	1080
	466	1081
	467	1082
	1491	1403
	471	1087
	472	1088
	473	1089
	474	1090
	476	1092
	481	276
	485	280
	1509	1407
	486	281
	487	282
	489	284
	493	1095
	499	289
	1524	1411
	502	292
	506	1099
	1539	1415
	519	1103
	1554	1419
	535	305
	1561	879
	1562	880
	1563	881
	540	1107
	1565	882
	1566	883
	1568	885
	544	1111
	1569	886
	1571	887
	553	313
	1579	1423
	557	1115
	1587	899
	1589	901
	1590	902
	1591	902
	1593	902
	570	1119
	1596	905
	1600	1427
	579	326
	580	327
	581	328
	582	329
	1606	910
	583	330
	585	332
	1609	913
	586	332
	587	333
	1613	1431
	590	335
	594	1123
	1620	918
	1621	918
	1623	918
	1628	921
	604	1127
	1632	1435
	1640	928
	1641	929
	618	1131
	1643	931
	1644	931
	1646	931
	1649	935
	1651	936
	1652	940
	629	359
	1654	939
	1660	945
	636	1135
	1661	946
	1662	947
	1663	948
	1667	1439
	646	369
	647	369
	649	369
	1673	1443
	1674	1444
	1675	1445
	653	372
	657	1139
	1682	955
	1685	958
	663	377
	1689	1448
	666	380
	1694	962
	670	1143
	1695	963
	1698	966
	676	385
	1702	1452
	679	388
	683	1147
	1709	1456
	1710	1457
	1712	1458
	689	393
	1714	1459
	692	396
	1716	1461
	1717	1462
	696	1151
	1720	1463
	1723	1464
	1725	1465
	1726	1466
	703	401
	704	402
	1729	1467
	706	403
	1731	1469
	708	404
	1732	1470
	1734	1471
	711	407
	1735	1471
	1738	1472
	715	1155
	1739	1473
	1744	1475
	722	413
	1746	1476
	723	414
	1747	1477
	1750	1480
	730	1159
	1754	1484
	1758	1488
	737	422
	738	422
	740	422
	1765	1492
	1766	1493
	1767	1494
	744	425
	1768	1495
	1769	1496
	1770	1497
	1771	1498
	748	1163
	1772	1499
	1773	1500
	1774	1501
	1775	1502
	1776	1503
	1777	1504
	1778	1505
	1779	1506
	1780	1507
	757	431
	1781	1508
	758	432
	1782	1509
	1783	1510
	760	433
	1784	1511
	1785	1512
	1786	1513
	1787	1514
	1788	1515
	765	437
	1789	1516
	766	438
	1790	1517
	767	439
	1791	1518
	1792	1519
	1793	1520
	1794	1521
	771	1167
	1795	1522
	1796	1523
	1798	1524
	775	1171
	1799	1525
	1800	1526
	1801	1527
	1802	1528
	1803	1529
	1804	1530
	1807	1533
	784	447
	785	448
	1809	1534
	786	449
	1810	1535
	787	450
	1811	1536
	1812	1537
	789	453
	1813	1538
	1814	1539
	1815	1540
	1816	1541
	793	457
	1817	1542
	794	458
	1818	1543
	795	459
	1819	1544
	1820	1545
	1821	1546
	1822	1547
	799	1175
	1823	1548
	1824	1549
	1825	1550
	1826	1551
	1827	1552
	1828	1553
	1829	1554
	1830	1555
	807	465
	1831	1556
	1832	1557
	1833	1558
	1834	1559
	1835	1560
	1837	1561
	814	1179
	1838	1562
	1839	1563
	1840	1564
	1841	1565
	1842	1566
	1843	1567
	1844	1568
	1845	1569
	1847	1570
	824	473
	1848	1571
	825	474
	1849	1572
	1850	1573
	1851	1574
	1852	1575
	1853	1576
	830	476
	1854	1577
	831	477
	1855	1578
	832	478
	1856	1579
	1857	1580
	1858	1581
	1859	1582
	836	1183
	1860	1583
	1861	1584
	1862	1585
	1863	1586
	840	1187
	1864	1587
	1865	1588
	1866	1589
	1867	1590
	844	1191
	1868	1591
	1869	1592
	1870	1593
	1871	1594
	1872	1595
	1873	1596
	850	482
	1874	1597
	1875	1598
	1876	1599
	1877	1600
	1878	1601
	1879	1602
	1880	1603
	1881	1604
	858	1195
	1882	1605
	1884	1607
	1885	1608
	1886	1609
	1887	1610
	1888	1611
	865	489
	866	490
	867	491
	1892	1615
	869	493
	1893	1616
	1896	1619
	873	1199
	1897	1620
	1898	1621
	1899	1622
	1900	1623
	1903	1626
	882	497
	883	498
	1907	1630
	884	499
	1908	1631
	886	501
	1911	1634
	1912	1646
	1913	1638
	890	1203
	1915	1640
	1916	1641
	1917	1642
	1918	1643
	1920	1645
	1921	1658
	898	1207
	1923	1662
	1925	1667
	1927	1671
	1928	1672
	1929	1673
	1931	1679
	1932	1683
	909	1211
	1934	1685
	915	1215
	1939	1691
	1940	1692
	1943	1693
	1944	1694
	921	1219
	1945	1696
	1946	1697
	1948	1699
	927	1223
	1952	1703
	1953	1704
	1955	1706
	1956	1707
	933	1227
	1957	1708
	1960	1712
	939	1231
	1965	1717
	1966	1718
	943	515
	944	516
	947	1235
	1971	1723
	1976	1728
	1977	1729
	954	518
	1979	1731
	1980	1732
	958	1239
	1982	1733
	1983	1734
	962	1243
	1986	1737
	963	1244
	964	1245
	1988	1739
	967	1246
	1991	1730
	969	1248
	971	520
	1996	1747
	1997	1748
	974	1251
	2001	1752
	979	1255
	2003	1753
	2004	1754
	2005	1755
	2008	1758
	985	525
	2009	1759
	2010	1760
	989	1259
	2013	1763
	2017	1767
	995	1263
	2021	1771
	2023	1774
	2024	1775
	1001	1267
	2027	1778
	1007	1271
	2031	1783
	2032	1786
	2034	1791
	2036	1794
	2037	1795
	2038	1796
	1018	1275
	2042	1800
	2043	1802
	2044	1803
	2045	1804
	2046	1805
	2047	1806
net/minecraft/client/renderer/entity/layers/EyesLayer	19	22
	18	20
	19	22
	13	13
	14	14
net/minecraft/client/multiplayer/package-info	0	0
com/mojang/blaze3d/TracyBootstrap	27	25
	11	11
	12	18
	14	12
	15	13
	16	18
	18	14
	19	15
	20	18
	23	21
	24	25
	25	22
	26	23
	27	24
net/minecraft/client/renderer/entity/layers/SimpleEquipmentLayer	48	78
	32	43
	35	53
	36	54
	40	59
	41	60
	42	61
	43	78
	46	62
	47	63
	48	78
	25	36
	26	37
	27	38
	28	39
	29	40
	30	41
	31	42
net/minecraft/client/resources/model/EquipmentClientInfo	143	139
	65	73
	66	74
	67	75
	134	131
	135	132
	74	39
	139	135
	77	42
	143	139
	81	46
	82	47
	83	48
	21	20
	22	22
	23	24
	87	52
	88	53
	89	54
	26	28
	93	58
	30	32
	94	59
	98	63
	99	65
	101	67
	39	80
	40	82
	41	83
	42	84
	43	86
	46	90
	47	91
	50	94
	54	98
	58	102
net/minecraft/client/gui/font/providers/ProviderReferenceDefinition	20	20
	20	20
	9	9
	10	10
	11	10
	15	15
net/minecraft/client/model/animal/fox/BabyFoxModel	103	124
	23	20
	24	21
	25	22
	28	25
	29	26
	30	27
	31	32
	32	34
	33	36
	34	40
	35	45
	36	50
	37	55
	38	60
	39	63
	41	68
	46	73
	47	74
	48	75
	49	76
	50	77
	51	78
	52	79
	54	80
	55	81
	57	82
	58	83
	60	84
	61	85
	62	86
	63	87
	65	88
	66	89
	67	90
	68	91
	69	92
	73	96
	74	97
	75	98
	76	99
	77	100
	78	101
	80	102
	81	103
	82	104
	83	105
	84	106
	86	107
	87	108
	88	109
	89	110
	90	111
	91	112
	95	116
	96	117
	97	118
	101	122
	102	123
	103	124
net/minecraft/client/CloudStatus	30	26
	20	17
	21	18
	22	19
	25	22
	30	26
net/minecraft/client/renderer/EndFlashState	62	59
	32	30
	33	31
	34	32
	35	33
	36	34
	37	35
	39	37
	42	40
	43	41
	44	43
	46	42
	50	47
	54	51
	23	21
	24	22
	25	23
	26	24
	58	55
	29	27
	30	28
	62	59
	31	29
com/mojang/blaze3d/buffers/GpuBuffer	77	56
	48	27
	49	28
	65	44
	66	47
	52	31
	68	45
	56	36
	72	52
	77	56
	46	25
	47	26
net/minecraft/client/gui/screens/dialog/ServerLinksDialogScreen	31	24
	17	16
	18	17
	22	20
	26	24
	28	24
	29	24
	31	24
net/minecraft/client/renderer/texture/atlas/sources/Unstitcher	113	105
	64	63
	74	74
	75	75
	76	76
	77	77
	78	78
	83	83
	85	84
	86	85
	88	86
	89	87
	91	88
	92	89
	94	90
	31	24
	95	91
	32	26
	33	27
	34	28
	35	29
	36	31
	101	92
	102	93
	103	94
	40	36
	41	37
	105	96
	42	38
	106	99
	43	39
	107	99
	44	41
	45	42
	48	45
	112	104
	113	105
	50	47
	54	51
	58	55
	59	57
	60	58
	61	59
	62	60
	63	61
net/minecraft/client/gui/components/MultiLineTextWidget	82	79
	64	61
	65	62
	66	63
	67	64
	69	66
	71	68
	74	71
	78	75
	82	79
	19	18
	20	19
	23	22
	24	23
	25	24
	26	25
	28	26
	31	28
	32	29
	35	32
	36	33
	40	37
	41	38
	45	42
	46	43
	51	48
	56	53
	61	58
	62	59
	63	60
net/minecraft/client/gui/screens/dialog/DialogConnectionAccess	0	0
net/minecraft/client/particle/SoulParticle	69	82
	33	28
	66	55
	67	56
	68	57
	69	58
	38	33
	39	34
	40	35
	14	15
	46	66
	47	67
	16	16
	17	17
	19	18
	51	80
	20	19
	52	81
	53	82
	24	23
	25	23
	28	23
	61	41
	62	42
com/mojang/realmsclient/gui/task/package-info	0	0
net/minecraft/client/telemetry/events/AggregatedTelemetryEvent	47	48
	32	33
	35	36
	39	40
	43	44
	44	45
	47	48
	17	17
	18	18
	19	19
	20	20
	23	23
	24	24
	25	25
	26	26
	28	29
	29	30
	30	31
net/minecraft/client/renderer/entity/MobRenderer	26	26
	16	15
	21	21
	25	25
	26	26
	11	11
	12	12
net/minecraft/client/model/monster/nautilus/package-info	0	0
net/minecraft/client/renderer/entity/state/WitherSkullRenderState	0	0
net/minecraft/client/gui/components/debug/DebugEntrySectionPosition	30	31
	16	19
	17	20
	19	21
	20	27
	23	22
	25	23
	26	27
	30	31
net/minecraft/client/renderer/entity/TntMinecartRenderer	55	59
	35	43
	36	44
	38	46
	41	49
	42	50
	14	13
	46	53
	15	14
	19	23
	51	57
	21	24
	22	25
	54	58
	55	59
	24	26
	25	27
	26	28
	29	31
	30	32
net/minecraft/client/gui/components/LogoRenderer	51	45
	32	27
	33	28
	36	31
	37	32
	40	35
	41	36
	42	37
	43	38
	45	39
	46	40
	47	41
	48	42
	51	45
net/minecraft/client/resources/model/sprite/package-info	0	0
net/minecraft/client/model/geom/builders/UVPair	22	20
	17	15
	18	16
	6	5
	22	20
	11	9
	12	10
	13	11
net/minecraft/client/renderer/entity/BreezeRenderer	40	36
	33	29
	34	30
	35	31
	36	32
	37	33
	38	34
	39	35
	40	36
	16	15
	17	16
	18	17
	19	18
	23	21
	28	25
net/minecraft/client/model/QuadrupedModel	81	72
	64	59
	65	60
	69	63
	71	64
	72	65
	74	66
	75	67
	77	68
	78	69
	79	70
	80	71
	81	72
	27	25
	28	26
	31	29
	32	30
	33	31
	34	32
	35	33
	36	34
	37	35
	38	36
	41	39
	42	40
	44	41
	45	42
	46	42
	47	42
	49	44
	50	46
	51	46
	52	47
	54	49
	55	50
	59	54
	60	55
	61	56
	62	57
	63	58
net/minecraft/client/resources/sounds/BubbleColumnAmbientSoundHandler	40	42
	35	36
	37	38
	39	41
	40	42
	17	16
	18	17
	22	21
	23	23
	24	26
	25	27
	26	27
	27	28
	28	29
	29	30
	31	32
net/minecraft/client/model/object/boat/RaftModel	79	63
	64	51
	67	53
	68	55
	69	55
	70	56
	73	58
	74	60
	75	60
	76	61
	14	12
	15	13
	79	63
	18	16
	19	18
	20	18
	21	18
	22	19
	25	21
	26	22
	27	23
	28	24
	30	25
	31	27
	32	27
	33	27
	34	27
	35	28
	37	30
	38	32
	39	32
	40	32
	41	32
	42	33
	44	35
	47	38
	48	39
	50	40
	52	41
	56	45
	57	46
	59	47
	61	48
	62	50
	63	50
net/minecraft/client/renderer/block/model/properties/select/DisplayContext	9	8
	9	8
net/minecraft/client/gui/screens/ChatScreen	333	329
	256	254
	257	265
	260	256
	261	257
	264	260
	265	261
	266	262
	267	265
	270	269
	271	269
	273	269
	279	274
	280	275
	282	280
	283	281
	284	282
	289	286
	293	290
	298	295
	303	300
	304	301
	305	302
	51	45
	307	304
	52	46
	309	307
	310	308
	55	49
	311	309
	56	50
	57	51
	313	311
	58	52
	59	53
	316	314
	317	315
	318	326
	63	57
	64	60
	321	316
	322	317
	67	65
	325	320
	70	68
	326	321
	71	69
	72	70
	328	323
	73	71
	74	72
	330	326
	75	73
	76	74
	333	329
	78	75
	79	76
	80	77
	81	78
	82	79
	83	80
	84	81
	85	82
	89	86
	90	87
	94	91
	95	92
	96	93
	100	97
	101	98
	102	99
	106	103
	107	104
	109	105
	110	106
	111	107
	112	108
	114	110
	117	113
	121	118
	122	119
	123	120
	124	121
	129	125
	130	126
	133	127
	134	128
	135	129
	136	130
	139	131
	140	132
	143	133
	144	134
	146	135
	148	137
	149	138
	150	139
	151	140
	153	142
	154	143
	156	146
	159	149
	160	154
	161	151
	163	157
	165	160
	167	163
	170	166
	175	172
	176	173
	177	174
	179	176
	180	177
	182	180
	183	181
	188	187
	189	188
	192	190
	193	191
	194	192
	195	193
	196	194
	197	195
	198	196
	199	197
	200	198
	203	202
	207	207
	211	211
	212	212
	213	213
	214	214
	216	216
	217	217
	219	219
	220	220
	221	221
	222	222
	226	225
	227	226
	228	227
	229	229
	231	232
	233	235
	238	240
	239	241
	241	243
	243	245
	246	248
	247	249
	249	250
	250	251
	251	265
	254	252
	255	253
net/minecraft/client/model/monster/slime/package-info	0	0
com/mojang/blaze3d/pipeline/TextureTarget	12	12
	9	9
	10	10
	11	11
	12	12
net/minecraft/client/renderer/entity/state/DolphinRenderState	0	0
net/minecraft/client/renderer/state/gui/TiledBlitRenderState	57	95
	14	46
	15	47
	19	51
	20	52
	21	54
	23	55
	25	58
	26	59
	27	60
	29	62
	30	63
	32	66
	34	67
	36	70
	37	71
	38	72
	40	74
	41	75
	43	78
	44	79
	45	80
	46	81
	47	82
	48	83
	49	84
	50	85
	53	88
	56	94
	57	95
net/minecraft/client/gui/screens/multiplayer/ServerSelectionList	542	562
	512	529
	513	530
	514	531
	515	532
	516	534
	517	524
	519	537
	520	538
	521	539
	522	540
	523	541
	524	542
	525	543
	526	544
	527	547
	528	548
	532	552
	537	557
	538	558
	542	562
	77	81
	78	82
	79	83
	82	86
	83	87
	84	88
	85	89
	86	90
	87	91
	88	92
	89	93
	90	94
	91	95
	95	99
	99	102
	100	103
	101	104
	104	107
	106	109
	107	110
	110	113
	111	114
	114	117
	115	118
	117	120
	118	121
	120	124
	125	126
	126	127
	127	128
	128	129
	129	130
	130	131
	131	132
	134	135
	138	139
	142	143
	147	147
	165	160
	166	161
	167	162
	171	166
	176	171
	181	176
	194	188
	195	189
	196	190
	197	191
	201	195
	202	196
	204	197
	205	198
	207	200
	209	202
	213	206
	214	207
	216	210
	221	215
	222	216
	223	217
	225	219
	230	225
	231	226
	235	230
	239	234
	244	239
	263	262
	264	264
	265	265
	266	266
	267	267
	268	268
	269	269
	273	273
	274	274
	275	275
	276	276
	278	277
	280	283
	281	285
	283	287
	284	291
	285	292
	286	293
	288	295
	289	296
	290	297
	291	298
	292	299
	293	300
	294	301
	295	302
	297	304
	299	308
	301	309
	302	311
	303	312
	305	315
	307	316
	308	317
	309	318
	310	319
	311	320
	313	322
	314	327
	315	323
	316	324
	317	325
	318	326
	319	322
	322	331
	323	332
	324	333
	327	336
	328	337
	329	338
	330	339
	332	341
	333	342
	337	346
	338	349
	339	350
	340	351
	342	352
	343	357
	344	358
	345	363
	348	366
	349	367
	350	368
	351	369
	353	370
	354	371
	355	372
	357	374
	359	377
	360	378
	361	379
	362	380
	364	382
	367	386
	368	387
	369	388
	370	389
	372	391
	376	395
	379	398
	381	399
	383	402
	384	403
	385	404
	387	406
	388	407
	389	408
	390	409
	392	411
	393	412
	394	413
	396	415
	397	416
	398	417
	399	418
	400	419
	401	420
	402	421
	403	422
	405	424
	407	427
	408	428
	411	430
	414	433
	415	434
	418	437
	419	438
	422	441
	423	442
	426	445
	427	446
	428	447
	429	448
	432	452
	437	457
	438	458
	439	459
	441	461
	443	462
	444	463
	446	464
	447	465
	450	468
	451	468
	453	469
	454	470
	458	474
	463	480
	464	481
	467	484
	468	485
	469	486
	473	490
	474	491
	476	492
	477	493
	478	494
	481	496
	482	497
	483	498
	484	499
	487	500
	488	501
	489	502
	492	504
	493	505
	496	508
	500	514
	505	519
	506	520
	507	521
	508	522
	510	527
	511	528
net/minecraft/client/model/monster/creeper/package-info	0	0
net/minecraft/client/data/models/model/package-info	0	0
net/minecraft/client/renderer/feature/submit/SubmitNode	0	0
net/minecraft/client/tutorial/PunchTreeTutorialStepInstance	94	89
	65	60
	66	61
	67	62
	69	64
	73	68
	74	69
	75	70
	76	71
	78	74
	79	75
	81	77
	82	78
	83	79
	84	80
	86	82
	90	86
	91	87
	28	26
	92	89
	29	27
	94	89
	33	31
	35	32
	36	33
	37	56
	40	35
	41	36
	42	37
	43	38
	44	39
	45	40
	46	41
	48	44
	49	45
	50	46
	55	51
	56	51
	57	52
	58	53
	61	56
net/minecraft/client/gui/navigation/ScreenPosition	23	23
	16	16
	5	5
	21	21
	6	6
	22	22
	7	7
	23	23
	12	12
	13	13
	14	14
	15	15
net/minecraft/client/gui/screens/inventory/tooltip/TooltipRenderUtil	43	35
	33	31
	34	31
	36	31
	40	35
	41	35
	43	35
	24	22
	25	23
	26	24
	27	25
	28	26
	29	27
	30	28
net/minecraft/client/gui/render/GuiItemAtlas	152	132
	128	112
	129	113
	130	114
	131	115
	133	116
	135	117
	136	118
	138	119
	139	120
	142	123
	147	127
	148	128
	149	129
	150	130
	151	131
	152	132
	46	39
	48	40
	49	41
	50	42
	52	43
	53	44
	54	45
	55	46
	56	47
	58	48
	59	49
	60	50
	63	53
	64	54
	65	55
	66	56
	67	58
	72	63
	73	64
	76	67
	77	67
	80	67
	84	72
	85	73
	86	74
	88	76
	89	78
	90	81
	94	85
	95	86
	96	87
	97	88
	101	93
	102	94
	103	95
	105	96
	106	97
	107	98
	117	104
	118	105
	119	106
	121	107
	122	108
	123	109
	124	110
	126	111
net/minecraft/client/renderer/entity/WitherSkullRenderer	79	66
	64	53
	33	30
	34	31
	36	32
	37	32
	69	57
	38	32
	42	33
	74	61
	75	62
	76	63
	77	64
	78	65
	47	37
	79	66
	52	43
	54	44
	56	45
	58	48
	28	25
	60	49
	29	26
	61	50
	30	27
net/minecraft/client/model/animal/parrot/ParrotModel	214	157
	35	25
	36	26
	37	27
	38	28
	39	29
	40	30
	41	31
	42	32
	43	33
	46	36
	47	37
	49	38
	50	40
	51	40
	52	41
	54	43
	55	45
	56	45
	57	46
	59	48
	60	50
	61	50
	62	51
	64	53
	65	55
	66	55
	67	56
	69	58
	70	59
	71	59
	72	59
	74	61
	75	61
	76	61
	77	61
	79	62
	80	62
	81	62
	82	62
	84	63
	85	63
	86	63
	87	63
	89	64
	90	66
	91	66
	92	67
	94	69
	95	69
	96	70
	97	71
	99	72
	104	76
	106	77
	108	78
	109	79
	111	80
	115	101
	116	102
	117	103
	118	104
	120	105
	121	106
	122	107
	124	108
	125	109
	127	110
	128	111
	129	112
	131	113
	132	114
	133	115
	135	116
	136	117
	140	82
	141	83
	146	87
	147	88
	149	89
	150	90
	152	91
	154	92
	155	93
	157	94
	158	95
	160	96
	161	97
	164	119
	167	122
	169	124
	170	125
	173	131
	175	132
	177	133
	178	134
	180	135
	182	136
	183	137
	185	138
	186	139
	188	140
	189	141
	191	142
	192	143
	193	144
	195	146
	196	147
	204	149
	207	152
	208	153
	209	154
	210	155
	211	157
	212	157
	214	157
com/mojang/blaze3d/systems/GpuDeviceBackend	0	0
net/minecraft/client/gui/font/TextFieldHelper	264	284
	258	278
	259	279
	260	280
	261	281
	264	284
	29	30
	30	31
	31	32
	32	33
	33	34
	35	35
	36	36
	39	39
	43	43
	47	47
	51	51
	52	52
	55	55
	56	56
	58	59
	62	63
	63	64
	64	65
	65	66
	66	67
	67	68
	68	69
	69	70
	70	71
	71	72
	72	73
	73	74
	76	76
	77	77
	78	78
	79	79
	80	81
	81	82
	82	84
	83	85
	84	86
	85	89
	86	90
	87	91
	88	94
	89	95
	90	96
	91	99
	92	100
	93	101
	95	105
	99	111
	103	115
	104	116
	107	119
	108	120
	109	121
	110	122
	111	123
	113	125
	116	128
	117	129
	120	132
	121	133
	123	135
	126	138
	127	140
	128	143
	130	145
	133	148
	134	149
	137	152
	138	153
	139	154
	142	157
	143	158
	146	161
	147	162
	148	163
	151	166
	152	168
	153	171
	155	173
	158	176
	159	177
	160	178
	163	181
	164	182
	166	184
	167	185
	169	187
	170	188
	171	189
	172	190
	173	191
	174	192
	177	196
	179	198
	182	201
	183	202
	184	203
	185	204
	188	207
	189	208
	190	209
	193	212
	194	213
	197	216
	198	217
	199	218
	202	221
	203	222
	204	223
	208	227
	209	228
	211	230
	212	231
	213	232
	214	233
	215	234
	219	239
	220	240
	223	243
	224	244
	225	245
	228	248
	229	249
	232	252
	233	253
	234	254
	237	257
	241	261
	242	262
	245	265
	246	266
	247	267
	250	270
	254	274
	255	275
net/minecraft/client/resources/model/ModelBakery	277	250
	128	192
	130	193
	133	195
	262	139
	135	196
	140	197
	142	198
	143	198
	272	149
	277	154
	151	199
	159	200
	164	88
	165	89
	167	90
	168	92
	172	94
	173	95
	174	96
	175	97
	181	102
	55	54
	185	105
	58	57
	186	110
	187	111
	188	112
	194	117
	195	118
	196	119
	198	120
	199	121
	201	123
	203	124
	76	78
	204	127
	77	79
	78	80
	79	81
	80	82
	81	83
	82	84
	83	85
	213	215
	214	216
	216	213
	217	217
	218	218
	219	219
	92	160
	220	220
	95	163
	224	224
	101	168
	229	229
	234	234
	107	173
	239	239
	112	178
	240	240
	241	241
	242	242
	244	244
	117	183
	121	186
	122	187
	250	250
	123	188
	124	189
	125	190
	127	191
net/minecraft/client/searchtree/FullTextSearchTree	31	29
	16	15
	17	16
	21	20
	26	25
	27	26
	28	27
	30	28
	15	14
	31	29
net/minecraft/client/model/monster/zombie/GiantZombieModel	9	9
	8	8
	9	9
net/minecraft/client/renderer/entity/layers/MushroomCowMushroomLayer	65	77
	65	77
	14	14
	15	15
	19	25
	20	61
	23	26
	25	27
	26	61
	29	28
	31	29
	32	30
	33	31
	34	32
	35	33
	36	34
	37	37
	39	38
	40	39
	41	40
	42	41
	43	42
	44	43
	45	44
	46	45
	47	48
	49	49
	50	50
	51	51
	52	52
	53	53
	54	54
	55	55
	56	58
	57	61
	60	72
	61	73
	63	75
net/minecraft/client/model/animal/bee/package-info	0	0
net/minecraft/client/renderer/entity/TropicalFishRenderer	77	71
	68	64
	70	65
	71	66
	73	67
	74	68
	75	69
	77	71
	25	24
	27	25
	28	26
	29	27
	33	30
	34	31
	35	32
	41	38
	46	42
	47	43
	48	44
	49	45
	50	46
	54	51
	55	52
	56	53
	58	56
	59	57
	63	60
net/minecraft/client/model/animal/polarbear/BabyPolarBearModel	55	44
	14	12
	15	13
	18	16
	19	17
	21	18
	22	18
	23	18
	24	18
	26	19
	27	21
	28	22
	29	24
	30	26
	31	28
	32	30
	34	32
	35	33
	36	33
	37	33
	39	35
	40	36
	41	36
	42	36
	44	38
	45	39
	46	39
	47	39
	49	41
	50	42
	51	42
	52	42
	55	44
net/minecraft/client/renderer/gizmos/DrawableGizmoPrimitives	84	63
	19	18
	83	62
	20	18
	84	63
	22	18
	28	22
	29	23
	30	24
	34	27
	35	28
	36	29
	40	32
	41	33
	42	34
	46	37
	47	38
	48	39
	52	42
	53	43
	54	44
	57	47
	58	51
	60	48
	61	49
	62	51
net/minecraft/client/renderer/gizmos/package-info	0	0
com/mojang/blaze3d/buffers/GpuFence	0	0
net/minecraft/client/model/geom/package-info	0	0
net/minecraft/client/renderer/entity/HorseRenderer	66	94
	32	55
	64	92
	33	56
	65	93
	66	94
	35	61
	36	62
	40	67
	42	72
	43	73
	47	78
	51	81
	52	82
	57	86
	30	54
	62	90
	63	91
net/minecraft/client/gui/layouts/HeaderAndFooterLayout	152	142
	128	118
	132	122
	136	126
	137	127
	140	130
	144	134
	148	138
	152	142
	25	21
	26	22
	29	25
	30	26
	33	29
	34	30
	35	31
	36	32
	37	33
	38	34
	43	38
	48	42
	52	46
	57	51
	62	56
	67	61
	71	65
	75	69
	76	70
	79	73
	80	74
	83	77
	87	81
	92	86
	93	87
	94	88
	95	89
	99	93
	100	94
	101	95
	102	96
	106	100
	107	101
	109	102
	110	103
	111	104
	112	105
	114	106
	115	107
	116	108
	117	109
	119	110
	120	111
	122	112
	123	113
	124	114
	125	115
net/minecraft/client/model/monster/zombie/BabyDrownedModel	14	13
	10	9
	11	10
	14	13
net/minecraft/client/renderer/rendertype/OutputTarget	34	26
	32	12
	16	18
	34	13
	19	21
	20	22
	25	26
	28	10
	30	11
	14	16
	15	17
net/minecraft/client/renderer/item/properties/conditional/ComponentMatches	24	27
	19	22
	24	27
	13	14
	14	15
	15	15
com/mojang/blaze3d/opengl/GlStateManager	636	634
	514	537
	515	538
	516	539
	519	542
	520	543
	521	544
	524	547
	525	548
	526	549
	529	552
	530	553
	531	554
	534	557
	535	558
	539	562
	541	564
	543	566
	546	569
	547	570
	38	33
	551	574
	552	575
	556	579
	557	580
	46	594
	47	595
	48	596
	561	584
	562	585
	51	40
	52	41
	53	42
	566	589
	567	590
	56	45
	568	591
	57	46
	58	47
	61	50
	62	51
	63	52
	66	55
	67	56
	68	57
	71	60
	72	61
	73	62
	76	65
	77	66
	78	67
	79	68
	81	70
	84	73
	85	74
	86	75
	87	76
	89	78
	92	81
	93	82
	94	83
	97	86
	98	87
	99	88
	102	91
	615	613
	104	92
	616	614
	105	93
	106	94
	107	95
	619	617
	108	96
	620	618
	109	97
	110	98
	623	621
	112	100
	624	622
	115	103
	627	625
	628	626
	117	104
	629	627
	118	105
	630	628
	119	106
	631	629
	120	107
	121	108
	633	631
	123	110
	636	634
	126	113
	127	114
	131	118
	132	119
	133	120
	136	123
	137	124
	138	125
	141	128
	142	129
	146	133
	150	134
	151	135
	152	136
	153	137
	154	138
	156	140
	157	141
	158	142
	159	143
	161	145
	162	147
	166	150
	167	151
	168	152
	171	155
	172	156
	176	160
	177	161
	178	162
	181	165
	182	166
	186	170
	187	171
	188	172
	191	175
	192	176
	193	177
	196	180
	197	181
	201	185
	202	186
	203	187
	206	190
	207	191
	208	192
	212	195
	213	196
	214	197
	217	200
	218	201
	219	202
	223	206
	224	207
	228	211
	229	212
	230	213
	233	216
	234	217
	235	218
	238	221
	239	222
	240	223
	243	226
	244	227
	245	228
	248	231
	249	232
	250	233
	253	237
	254	238
	258	242
	259	243
	260	244
	263	247
	264	248
	265	249
	266	250
	267	251
	270	254
	271	255
	272	256
	274	259
	275	260
	276	261
	278	263
	281	266
	282	267
	284	269
	285	269
	287	269
	291	285
	292	286
	293	287
	296	290
	297	291
	298	292
	299	293
	301	296
	302	297
	304	299
	307	302
	309	303
	313	307
	315	308
	316	309
	319	312
	320	313
	321	314
	324	317
	325	318
	326	319
	329	322
	330	323
	334	327
	335	328
	339	332
	340	333
	341	334
	344	337
	345	338
	346	339
	349	342
	350	343
	351	344
	354	347
	355	348
	356	349
	359	352
	360	353
	361	354
	364	357
	365	358
	366	359
	367	360
	368	361
	370	363
	373	366
	374	367
	375	368
	378	371
	379	372
	380	373
	383	376
	384	377
	385	378
	386	379
	388	381
	391	384
	392	385
	393	386
	394	387
	396	389
	399	392
	400	393
	401	394
	404	397
	408	401
	409	402
	410	403
	411	404
	415	408
	416	409
	417	411
	418	412
	419	413
	422	417
	423	418
	424	419
	427	422
	428	423
	429	424
	430	425
	432	427
	435	440
	436	441
	437	442
	440	455
	441	456
	442	457
	445	470
	446	471
	447	472
	450	475
	451	476
	454	479
	455	481
	456	482
	457	483
	458	484
	461	487
	464	490
	465	491
	466	492
	467	493
	469	495
	472	498
	473	499
	475	500
	476	501
	478	503
	481	506
	482	507
	484	508
	485	509
	487	511
	490	514
	491	515
	493	516
	494	517
	496	519
	499	522
	500	523
	501	524
	504	527
	505	528
	506	529
	509	532
	510	533
	511	534
net/minecraft/client/renderer/feature/TextFeatureRenderer	65	73
	32	32
	33	33
	65	73
	34	34
	37	37
	39	50
	40	47
	41	48
	42	49
	46	54
	47	55
	48	56
	19	18
	20	19
	21	21
	22	22
	23	23
	24	24
	25	25
	26	26
	27	27
	29	29
	30	30
	31	31
net/minecraft/client/renderer/entity/FireworkEntityRenderer	50	45
	33	32
	35	33
	37	34
	38	35
	42	38
	47	42
	48	43
	49	44
	18	17
	50	45
	19	18
	20	19
	24	24
	25	25
	27	26
	28	27
	29	28
	30	29
net/minecraft/client/resources/model/SimpleModelWrapper	66	63
	32	26
	33	27
	34	28
	66	63
	36	29
	37	30
	38	31
	39	32
	42	34
	46	40
	47	42
	48	43
	49	44
	50	45
	51	46
	53	49
	56	53
	29	24
	61	58
	31	25
com/mojang/blaze3d/vulkan/checkpoints/AbstractCheckpointStorage	53	53
	32	30
	33	31
	34	32
	38	36
	39	37
	40	38
	41	39
	46	45
	47	46
	48	47
	49	48
	53	53
	22	19
	23	20
	24	21
	25	23
	26	24
	28	26
net/minecraft/client/gui/font/PlayerGlyphProvider	117	122
	64	77
	77	78
	78	79
	91	81
	28	29
	94	100
	31	33
	95	101
	32	34
	96	102
	97	103
	34	39
	99	104
	100	105
	37	43
	101	106
	102	107
	103	108
	42	50
	107	112
	112	117
	49	59
	50	60
	53	63
	117	122
	59	73
	60	74
	61	75
	62	76
net/minecraft/client/model/monster/zombie/BabyZombieModel	59	43
	16	14
	17	15
	20	18
	21	19
	23	20
	24	20
	25	20
	26	20
	28	21
	29	23
	30	24
	31	26
	32	28
	34	30
	35	30
	38	31
	39	32
	40	32
	41	32
	43	34
	44	35
	45	35
	46	35
	48	37
	49	38
	50	38
	51	38
	53	40
	54	41
	55	41
	56	41
	59	43
net/minecraft/client/renderer/fog/FogRenderer	231	217
	66	49
	67	50
	69	52
	70	53
	71	54
	72	55
	76	58
	77	59
	81	62
	82	63
	83	64
	86	67
	87	68
	90	71
	91	72
	93	74
	94	75
	95	76
	100	84
	101	85
	103	86
	104	87
	105	89
	106	90
	107	91
	108	92
	110	95
	111	96
	116	101
	117	102
	120	104
	122	105
	123	106
	124	107
	125	108
	126	109
	129	112
	130	113
	131	114
	133	115
	134	116
	135	117
	136	118
	137	119
	140	122
	141	123
	142	124
	143	125
	147	129
	148	130
	149	131
	151	133
	153	135
	154	136
	156	138
	159	141
	161	142
	162	143
	163	144
	166	145
	167	146
	169	147
	170	148
	172	149
	173	150
	176	153
	177	155
	180	158
	184	164
	185	165
	187	166
	188	167
	189	168
	191	169
	193	171
	194	172
	195	173
	196	174
	200	178
	201	179
	202	180
	204	181
	208	185
	209	186
	211	190
	214	193
	215	194
	216	194
	218	194
	222	208
	223	209
	224	210
	225	211
	226	212
	227	213
	228	214
	229	215
	230	216
	231	217
net/minecraft/client/gui/screens/worldselection/FileFixerProgressScreen	128	112
	128	112
	23	23
	24	24
	25	25
	29	29
	30	30
	31	31
	32	32
	33	33
	34	34
	35	35
	39	39
	44	44
	46	45
	47	46
	48	47
	50	48
	52	49
	53	50
	54	51
	56	53
	58	55
	61	58
	62	59
	65	62
	66	63
	67	64
	69	65
	70	66
	72	67
	73	68
	75	69
	76	70
	78	71
	79	72
	81	73
	82	74
	84	75
	85	76
	86	77
	89	80
	90	81
	91	82
	93	83
	94	84
	95	85
	98	88
	99	89
	100	90
	102	92
	105	95
	106	96
	107	97
	110	100
	112	101
	113	101
	116	102
	117	102
	119	103
	122	106
	123	107
	126	110
	127	111
net/minecraft/client/gui/screens/inventory/BeaconScreen	309	317
	256	311
	257	312
	258	313
	260	315
	262	317
	269	286
	270	287
	271	288
	272	289
	276	293
	277	294
	281	163
	282	164
	283	165
	287	169
	288	172
	289	173
	293	177
	294	178
	298	147
	299	148
	300	149
	304	153
	49	48
	305	154
	51	52
	309	158
	54	55
	58	58
	59	59
	60	60
	62	62
	65	65
	66	66
	67	67
	71	71
	73	72
	75	74
	76	75
	77	76
	79	78
	80	79
	81	81
	82	83
	83	84
	86	88
	88	89
	89	90
	91	92
	92	93
	93	95
	94	97
	95	98
	99	101
	100	103
	101	105
	102	106
	104	107
	105	108
	106	109
	110	113
	111	114
	112	115
	115	118
	116	119
	117	120
	121	124
	122	125
	123	126
	127	130
	128	131
	129	132
	130	133
	131	134
	132	135
	133	136
	134	137
	135	138
	136	139
	146	242
	147	243
	150	246
	151	247
	156	252
	157	253
	158	254
	159	255
	160	256
	161	257
	163	259
	166	262
	167	263
	168	264
	173	269
	177	273
	178	274
	182	278
	183	279
	192	188
	193	189
	194	190
	195	191
	196	192
	197	193
	200	196
	201	197
	202	198
	203	199
	206	202
	211	207
	212	219
	215	208
	216	209
	217	210
	218	211
	221	214
	223	217
	224	219
	228	223
	229	224
	233	228
	234	229
	235	230
	239	234
	244	299
	245	300
	246	301
	250	305
	255	310
net/minecraft/client/resources/LegacyStuffWrapper	18	33
	17	33
	18	29
	13	18
	14	12
	15	15
net/minecraft/client/resources/sounds/AbstractTickableSoundInstance	23	22
	16	16
	20	20
	22	21
	23	22
	11	11
	12	12
net/minecraft/client/gui/screens/AccessibilityOnboardingScreen	183	178
	128	123
	130	126
	131	127
	132	128
	136	132
	138	133
	140	134
	141	135
	144	138
	145	139
	146	140
	147	141
	148	142
	149	143
	151	145
	152	146
	154	149
	157	152
	158	153
	159	154
	160	155
	161	156
	162	157
	164	159
	165	160
	167	163
	170	166
	171	167
	174	170
	175	171
	176	172
	177	173
	179	174
	180	175
	183	178
	56	49
	57	50
	58	51
	59	52
	60	53
	61	54
	62	55
	66	59
	67	60
	69	61
	71	62
	72	63
	73	64
	74	65
	75	66
	76	67
	77	68
	79	71
	80	72
	81	73
	82	74
	83	75
	85	77
	86	80
	88	83
	90	84
	91	85
	92	86
	96	90
	97	91
	99	94
	100	95
	104	99
	105	100
	107	102
	109	104
	112	107
	117	112
	118	113
	120	115
	123	118
	124	119
	127	122
net/minecraft/client/renderer/special/SpecialModelRenderers	27	32
	11	16
	14	19
	15	20
	16	21
	17	22
	18	23
	19	24
	20	25
	21	26
	22	27
	23	28
	24	29
	25	30
	26	31
	27	32
net/minecraft/client/renderer/entity/state/TurtleRenderState	0	0
net/minecraft/client/renderer/blockentity/state/BedRenderState	0	0
com/mojang/blaze3d/systems/RenderPass	321	320
	257	248
	258	250
	261	253
	262	254
	264	255
	265	256
	267	257
	268	258
	270	259
	271	260
	273	262
	274	264
	277	267
	278	268
	280	269
	281	270
	283	271
	284	272
	286	273
	287	274
	289	275
	290	276
	292	277
	293	278
	39	42
	295	280
	40	43
	296	282
	41	44
	42	45
	43	46
	44	47
	300	285
	45	48
	301	286
	46	49
	302	287
	303	288
	49	52
	305	291
	50	53
	307	293
	52	55
	53	56
	54	58
	57	61
	58	62
	315	314
	60	63
	316	315
	61	64
	63	66
	64	67
	65	69
	321	320
	68	72
	69	75
	71	73
	72	77
	75	80
	76	81
	77	82
	79	84
	80	85
	81	86
	84	87
	85	88
	86	89
	89	94
	90	96
	93	99
	94	100
	97	103
	98	104
	101	107
	102	108
	103	109
	105	111
	106	113
	109	116
	110	128
	112	117
	113	124
	115	121
	116	130
	119	133
	120	134
	123	137
	124	138
	126	139
	127	140
	129	141
	130	142
	132	144
	133	146
	136	149
	137	150
	149	153
	150	154
	152	155
	153	156
	155	158
	156	160
	159	163
	160	164
	162	165
	163	166
	165	167
	166	168
	168	169
	169	170
	171	171
	172	172
	174	174
	175	176
	178	179
	179	180
	181	181
	182	182
	184	183
	185	184
	187	185
	188	186
	190	187
	191	188
	193	190
	194	192
	197	195
	198	196
	200	197
	201	198
	203	199
	204	200
	206	201
	207	202
	209	203
	210	204
	212	205
	213	206
	215	208
	216	210
	219	219
	220	220
	222	222
	223	224
	232	227
	233	228
	235	229
	236	230
	238	232
	239	234
	242	237
	243	238
	245	239
	246	240
	248	241
	249	242
	251	243
	252	244
	254	245
	255	246
net/minecraft/client/telemetry/package-info	0	0
com/mojang/blaze3d/package-info	0	0
net/minecraft/client/renderer/state/level/WorldBorderRenderState	29	29
	18	19
	24	24
	28	28
	29	29
com/mojang/realmsclient/util/task/SwitchMinigameTask	56	56
	32	30
	35	33
	36	34
	39	37
	40	38
	41	39
	43	42
	44	43
	45	44
	46	45
	48	48
	49	49
	52	52
	21	19
	22	20
	23	21
	24	22
	56	56
	28	25
	29	27
	31	29
net/minecraft/client/renderer/state/gui/GuiTextRenderState	53	67
	32	44
	33	45
	34	46
	35	47
	36	48
	39	51
	40	52
	41	53
	42	54
	43	55
	44	56
	47	60
	52	66
	53	67
	26	38
	27	39
	28	40
	29	41
	30	42
	31	43
net/minecraft/client/gui/components/LockIconButton	57	61
	33	38
	34	39
	35	40
	36	41
	38	43
	41	46
	42	47
	14	14
	15	15
	19	22
	23	28
	56	60
	57	61
	27	32
	28	33
net/minecraft/client/model/animal/llama/BabyLlamaModel	67	55
	64	53
	67	55
	15	13
	16	14
	19	17
	20	18
	22	19
	23	21
	24	22
	25	24
	26	26
	27	28
	28	30
	30	32
	31	33
	32	33
	33	33
	35	35
	36	36
	37	36
	38	36
	40	38
	41	39
	42	39
	43	39
	45	41
	46	42
	47	42
	48	42
	50	44
	51	44
	52	44
	53	44
	56	45
	57	47
	58	47
	59	48
	61	50
	62	52
	63	52
net/minecraft/client/renderer/entity/PigRenderer	68	74
	32	36
	65	71
	66	72
	35	40
	67	73
	68	74
	38	44
	39	46
	40	48
	46	54
	47	58
	49	55
	50	56
	51	58
	55	61
	27	28
	28	29
	60	67
	29	30
	31	35
net/minecraft/client/gui/font/AtlasGlyphProvider	86	100
	68	83
	69	84
	70	85
	71	86
	73	87
	74	88
	75	89
	76	90
	77	91
	81	95
	86	100
	33	30
	34	31
	35	32
	36	33
	38	34
	39	35
	40	36
	41	36
	43	36
	45	38
	48	41
	52	49
	55	53
	60	61
net/minecraft/client/resources/sounds/DirectionalSoundInstance	33	35
	32	34
	33	35
	15	17
	16	18
	17	19
	18	20
	19	21
	20	22
	23	25
	24	26
	25	27
	26	28
	27	29
	28	30
net/minecraft/client/model/monster/witch/WitchModel	108	90
	27	26
	28	27
	29	28
	30	29
	31	30
	32	31
	33	32
	36	35
	37	36
	39	37
	40	37
	41	37
	44	38
	45	39
	46	39
	47	39
	49	41
	50	43
	51	43
	52	44
	54	46
	55	48
	56	48
	57	49
	59	51
	60	53
	61	53
	62	54
	65	56
	66	57
	67	58
	68	58
	69	58
	72	60
	77	64
	79	65
	80	66
	82	67
	83	68
	85	69
	86	70
	87	71
	89	72
	90	73
	91	74
	93	76
	96	79
	101	84
	106	88
	107	89
	108	90
net/minecraft/client/model/object/boat/package-info	0	0
net/minecraft/client/particle/NoxiousGasCloudParticle	51	57
	33	31
	36	34
	38	35
	39	36
	41	37
	45	41
	46	42
	17	17
	18	18
	19	19
	51	57
	23	23
	24	24
	25	31
	28	25
	29	26
	30	27
	31	28
com/mojang/blaze3d/buffers/GpuBufferSlice	24	23
	17	17
	23	22
	24	23
	9	7
	10	11
	12	8
net/minecraft/client/renderer/entity/layers/HumanoidArmorLayer	67	88
	67	88
	22	24
	23	25
	26	30
	27	31
	28	32
	29	33
	30	34
	33	37
	34	38
	38	42
	43	48
	44	49
	45	50
	46	51
	47	52
	50	62
	51	63
	52	81
	55	64
	57	65
	58	67
	59	68
	60	81
	63	84
net/minecraft/client/renderer/entity/layers/WolfArmorLayer	59	87
	35	40
	36	41
	37	42
	38	43
	42	53
	43	54
	44	55
	45	70
	48	56
	49	68
	50	70
	53	80
	54	81
	55	87
	57	82
	58	83
	59	87
net/minecraft/client/renderer/entity/layers/VillagerProfessionLayer	114	105
	65	60
	66	61
	68	62
	69	63
	71	64
	73	65
	75	66
	78	68
	79	69
	81	70
	82	71
	83	72
	84	73
	85	74
	86	77
	89	82
	92	85
	32	31
	96	89
	33	32
	34	33
	35	34
	36	35
	100	95
	37	36
	101	96
	102	97
	105	98
	108	99
	110	101
	111	102
	48	47
	112	103
	49	48
	50	49
	114	105
	51	50
	52	51
	53	52
	57	57
	58	82
	61	58
	62	59
	63	82
com/mojang/blaze3d/vulkan/glsl/SpvVariable	0	0
net/minecraft/client/renderer/texture/AbstractTexture	47	51
	33	35
	34	36
	36	38
	40	43
	41	44
	43	46
	47	51
	18	19
	19	20
	22	23
	23	24
	24	25
	26	28
	27	29
	28	30
	30	32
net/minecraft/client/renderer/fog/environment/WaterFogEnvironment	33	34
	16	16
	17	17
	33	34
	18	18
	19	19
	20	20
	22	23
	23	24
	24	25
	28	29
net/minecraft/client/player/KeyboardInput	37	36
	34	33
	35	34
	36	35
	37	36
	11	11
	12	12
	15	15
	16	16
	19	18
	24	24
	25	25
	26	26
	27	27
	28	28
	29	29
	30	30
	31	31
com/mojang/blaze3d/systems/BackendCreationException	49	46
	49	24
	35	10
	36	11
	37	12
	38	13
	23	42
	24	43
	41	16
	42	17
	27	46
	45	20
net/minecraft/client/renderer/item/SpecialModelWrapper	103	109
	70	74
	71	76
	72	77
	73	78
	74	80
	78	85
	79	86
	83	90
	85	91
	86	92
	87	93
	89	95
	90	96
	94	101
	96	102
	33	33
	97	103
	34	34
	98	104
	36	35
	37	36
	38	37
	39	38
	103	109
	41	40
	42	41
	46	53
	47	54
	48	55
	49	56
	50	57
	51	58
	52	59
	55	62
	56	63
	57	64
	58	65
	59	66
	60	67
	62	70
	63	71
com/mojang/realmsclient/dto/ReflectionBasedSerialization	0	0
net/minecraft/client/gui/screens/inventory/BookViewScreen	292	307
	256	221
	257	222
	258	223
	259	224
	263	228
	267	232
	268	233
	271	235
	273	236
	274	243
	275	248
	276	271
	279	272
	281	275
	284	255
	288	283
	292	287
	49	292
	53	296
	54	296
	56	296
	60	301
	61	302
	62	303
	63	304
	65	306
	66	307
	67	307
	69	307
	100	62
	101	63
	104	66
	105	67
	108	70
	109	71
	110	72
	111	73
	114	76
	115	77
	116	78
	117	79
	118	80
	121	83
	122	84
	123	85
	124	86
	125	87
	126	88
	128	90
	132	95
	137	100
	138	101
	139	102
	143	106
	147	110
	151	115
	152	117
	155	120
	156	121
	158	122
	159	123
	161	124
	162	125
	165	128
	169	132
	170	133
	172	136
	173	137
	176	140
	177	141
	179	144
	180	145
	183	148
	184	149
	185	150
	189	154
	190	155
	193	157
	195	159
	196	160
	199	163
	200	164
	202	166
	208	173
	209	174
	210	175
	213	178
	214	179
	215	180
	216	181
	217	182
	220	185
	221	186
	223	187
	224	188
	227	191
	228	193
	229	194
	230	195
	232	197
	236	201
	237	202
	238	203
	241	206
	245	210
	249	214
	254	219
	255	220
net/minecraft/client/particle/SingleQuadParticle	148	190
	130	141
	142	184
	143	185
	144	186
	145	187
	146	188
	19	161
	148	190
	21	162
	36	27
	37	28
	38	29
	39	30
	42	35
	43	36
	44	37
	45	38
	48	41
	52	45
	53	46
	54	47
	55	48
	58	51
	59	52
	62	57
	64	58
	65	59
	66	60
	68	61
	69	62
	72	67
	73	84
	76	87
	81	92
	82	93
	87	98
	91	102
	92	103
	94	105
	97	108
	98	109
	101	112
	105	116
	109	120
	113	124
	119	130
	120	131
	121	132
	122	133
	125	136
	126	137
net/minecraft/client/quickplay/package-info	0	0
net/minecraft/client/renderer/block/LoadedBlockModels	43	52
	32	36
	33	37
	37	52
	38	44
	39	46
	41	48
	42	49
	43	50
	29	33
	30	34
	31	35
net/minecraft/client/gui/narration/ScreenNarrationCollector	78	87
	70	57
	71	58
	72	59
	73	60
	74	61
	11	12
	77	64
	78	65
	16	73
	17	75
	18	76
	22	81
	23	83
	27	87
	32	16
	34	17
	35	18
	38	21
	39	28
	40	27
	44	31
	45	32
	47	35
	48	36
	49	37
	52	39
	53	40
	54	41
	55	42
	57	44
	58	45
net/minecraft/client/gui/components/SubtitleOverlay	207	187
	33	30
	34	31
	37	34
	38	35
	39	36
	40	37
	41	38
	42	39
	43	40
	46	43
	47	114
	50	44
	51	45
	52	46
	53	47
	55	48
	56	50
	57	51
	58	52
	62	56
	63	114
	66	57
	67	58
	69	59
	71	60
	72	63
	73	64
	74	65
	75	66
	77	68
	81	72
	83	73
	84	74
	87	77
	88	78
	89	79
	91	80
	93	81
	97	82
	98	83
	99	84
	100	85
	102	86
	103	87
	104	88
	105	89
	106	90
	107	92
	109	94
	110	95
	111	96
	113	97
	115	98
	116	99
	117	100
	118	101
	119	102
	120	103
	123	107
	124	108
	125	109
	127	114
	131	118
	132	131
	134	119
	135	120
	136	121
	137	122
	138	123
	139	124
	144	129
	145	131
	155	142
	156	143
	157	144
	158	145
	161	148
	165	153
	166	154
	169	156
	170	157
	173	158
	174	160
	175	161
	179	166
	180	167
	181	168
	184	171
	185	172
	188	173
	189	174
	192	176
	194	177
	195	177
	198	177
	202	182
	203	183
	204	184
	207	187
net/minecraft/client/renderer/state/gui/pip/OversizedItemRenderState	28	28
	18	16
	23	22
	28	28
	13	11
net/minecraft/client/renderer/BiomeColors	31	31
	19	19
	23	23
	10	10
	11	11
	27	27
	12	12
	15	15
	31	31
net/minecraft/client/renderer/entity/FallingBlockRenderer	62	52
	16	16
	17	17
	18	18
	22	21
	23	21
	25	21
	30	27
	31	28
	32	35
	35	29
	36	30
	37	31
	38	32
	40	33
	41	35
	45	38
	50	42
	53	43
	54	44
	55	45
	56	46
	57	47
	58	48
	59	49
	60	50
	62	52
com/mojang/realmsclient/dto/RealmsSlot	52	46
	35	32
	51	45
	52	46
	39	36
	25	22
	26	23
	27	24
	28	25
	46	41
	31	28
	47	42
net/minecraft/client/NarratorStatus	48	46
	32	30
	48	46
	36	34
	23	21
	24	22
	40	38
	25	23
	28	26
	44	42
net/minecraft/client/gui/screens/inventory/tooltip/MenuTooltipPositioner	45	41
	32	29
	33	30
	35	31
	38	33
	40	36
	44	40
	45	41
	16	16
	17	17
	21	21
	23	22
	24	23
	27	26
	29	27
	31	28
net/minecraft/client/model/animal/fish/SalmonModel	89	70
	65	47
	66	49
	67	49
	68	50
	70	52
	71	54
	72	54
	73	55
	76	57
	81	61
	82	62
	83	63
	84	64
	85	65
	86	66
	88	69
	89	70
	26	23
	27	24
	28	25
	31	28
	32	29
	34	30
	35	31
	36	32
	37	32
	38	32
	40	34
	41	35
	42	35
	43	35
	45	37
	46	37
	47	37
	48	37
	50	38
	51	39
	52	39
	53	39
	55	41
	56	42
	57	42
	58	42
	60	44
	61	45
	62	45
	63	45
net/minecraft/client/model/geom/builders/MeshDefinition	28	27
	16	15
	17	16
	20	19
	24	23
	12	11
	28	27
	13	12
net/minecraft/client/gui/ComponentPath	47	48
	34	41
	35	42
	37	44
	39	47
	40	48
	9	9
	13	14
	14	14
	46	34
	47	35
	16	14
	20	18
	21	20
	22	21
	24	24
com/mojang/blaze3d/systems/TracyGpuProfiler	75	70
	66	58
	70	65
	73	68
	74	69
	75	70
	20	16
	21	17
	23	18
	24	19
	27	22
	28	23
	31	26
	32	27
	33	28
	34	29
	37	32
	38	33
	39	34
	40	35
	43	38
	45	39
	46	41
	47	42
	48	43
	49	47
	50	48
	53	44
	57	52
	58	53
	59	55
	60	56
	61	57
	62	61
	63	62
com/mojang/realmsclient/gui/package-info	0	0
net/minecraft/client/gui/screens/inventory/tooltip/package-info	0	0
net/minecraft/client/renderer/LevelEventHandler	435	602
	62	59
	63	60
	64	61
	67	64
	69	68
	70	69
	72	70
	74	71
	75	72
	76	73
	77	74
	78	75
	80	77
	85	81
	88	84
	89	85
	90	171
	91	165
	92	168
	93	162
	94	90
	95	87
	96	207
	97	210
	98	96
	99	93
	100	213
	101	358
	102	257
	105	301
	106	302
	107	303
	109	304
	110	306
	111	307
	113	310
	114	311
	115	313
	120	270
	122	271
	123	273
	124	274
	127	280
	128	281
	129	282
	131	283
	132	285
	133	286
	134	287
	135	288
	136	289
	137	290
	139	291
	140	293
	141	295
	143	298
	144	299
	146	260
	147	261
	148	262
	149	263
	151	266
	152	267
	154	470
	155	471
	156	472
	158	475
	159	476
	161	318
	162	319
	163	320
	164	321
	166	322
	167	323
	170	481
	172	484
	173	486
	174	487
	176	551
	177	553
	180	489
	181	491
	182	492
	184	533
	185	535
	186	536
	188	538
	189	547
	190	548
	191	549
	193	494
	194	496
	195	497
	196	511
	198	499
	199	501
	200	503
	204	507
	205	508
	206	509
	208	514
	209	515
	210	516
	211	517
	212	518
	214	530
	215	531
	217	253
	218	254
	219	255
	220	361
	221	364
	222	478
	224	378
	225	379
	227	381
	230	367
	232	395
	233	396
	235	397
	236	398
	237	399
	238	400
	240	403
	241	404
	242	405
	243	406
	244	407
	245	407
	246	407
	248	409
	249	410
	250	411
	251	412
	252	414
	255	418
	256	419
	257	420
	258	421
	262	425
	263	426
	264	427
	265	428
	266	429
	267	431
	268	432
	269	433
	270	434
	271	436
	273	438
	280	449
	281	450
	283	453
	284	454
	286	455
	287	456
	291	385
	292	386
	293	387
	294	389
	295	392
	296	350
	297	219
	298	250
	300	222
	301	224
	302	225
	306	229
	307	232
	308	233
	309	234
	310	235
	312	236
	316	240
	317	242
	318	243
	319	244
	320	245
	322	246
	326	327
	327	328
	328	329
	329	330
	330	331
	331	332
	333	333
	336	345
	337	346
	341	353
	342	354
	346	99
	347	100
	348	101
	349	102
	352	153
	353	156
	354	191
	355	159
	356	174
	357	107
	358	110
	359	113
	360	119
	361	116
	362	125
	363	137
	364	133
	365	129
	366	122
	367	140
	368	146
	369	149
	370	177
	371	181
	372	143
	373	185
	374	188
	376	370
	377	371
	378	373
	379	375
	380	194
	381	197
	382	200
	383	203
	384	216
	386	555
	389	558
	390	559
	391	560
	392	561
	394	563
	395	564
	396	565
	397	566
	398	567
	399	568
	400	569
	401	570
	402	571
	404	573
	407	576
	409	577
	410	578
	411	579
	412	580
	413	581
	414	582
	415	583
	416	584
	419	587
	420	588
	421	589
	423	591
	426	594
	427	595
	428	596
	431	599
	432	599
	433	600
	435	602
net/minecraft/client/gui/components/debugchart/BandwidthDebugChart	71	68
	33	30
	34	31
	67	64
	37	34
	38	35
	39	36
	71	68
	43	40
	47	44
	48	45
	50	47
	51	48
	21	18
	53	49
	22	19
	26	23
	58	55
	27	24
	28	25
	29	26
	30	27
	62	59
net/minecraft/client/resources/sounds/TickableSoundInstance	0	0
com/mojang/realmsclient/gui/screens/RealmsLongRunningMcoConnectTaskScreen	67	65
	65	63
	66	64
	67	65
	23	22
	24	23
	25	24
	26	25
	30	29
	31	30
	32	44
	35	31
	36	33
	37	35
	38	36
	39	39
	40	40
	42	41
	43	42
	44	44
	48	48
	50	49
	51	50
	53	51
	54	52
	55	53
	59	57
	60	58
	61	59
net/minecraft/client/resources/metadata/gui/package-info	0	0
net/minecraft/client/model/monster/slime/MagmaCubeModel	62	54
	19	18
	20	19
	21	20
	24	23
	28	27
	29	28
	31	30
	32	31
	33	32
	34	33
	35	34
	36	35
	37	36
	38	37
	40	40
	41	40
	42	40
	47	43
	48	43
	49	43
	52	44
	57	48
	58	49
	59	51
	60	52
	62	54
net/minecraft/client/gui/components/WidgetSprites	22	22
	16	16
	19	19
	20	20
	22	22
	7	7
	8	8
	11	11
	12	12
	15	15
net/minecraft/client/model/animal/wolf/BabyWolfModel	86	68
	17	14
	18	15
	21	18
	22	19
	24	20
	25	23
	26	25
	27	27
	29	29
	30	30
	31	30
	33	32
	34	33
	35	33
	36	33
	38	35
	39	35
	40	35
	41	35
	43	36
	44	37
	45	37
	46	37
	48	39
	49	40
	50	40
	51	40
	53	42
	54	43
	55	43
	56	43
	58	45
	59	46
	60	46
	61	46
	64	48
	65	48
	67	49
	68	51
	69	51
	70	52
	72	54
	77	59
	78	60
	79	61
	80	62
	84	66
	85	67
	86	68
net/minecraft/client/gui/spectator/categories/TeleportToTeamMenuCategory	125	121
	64	62
	65	63
	69	67
	78	76
	79	77
	80	78
	81	79
	84	82
	85	84
	86	85
	89	86
	90	87
	94	91
	95	92
	34	32
	98	94
	35	33
	99	95
	36	34
	39	37
	104	101
	105	102
	44	42
	109	106
	49	47
	114	111
	116	112
	117	113
	54	52
	55	53
	120	116
	121	117
	59	57
	125	121
net/minecraft/client/renderer/entity/state/ArmadilloRenderState	0	0
com/mojang/realmsclient/dto/WorldTemplatePaginatedList	60	47
	35	20
	39	24
	40	25
	41	26
	42	27
	44	30
	45	31
	46	32
	47	33
	48	34
	49	35
	54	40
	55	41
	24	16
	56	42
	25	16
	57	43
	58	44
	60	47
	30	17
net/minecraft/client/CommandHistory	57	92
	33	49
	36	52
	37	53
	38	54
	40	57
	41	58
	43	60
	46	71
	47	67
	48	68
	49	69
	51	86
	52	87
	54	89
	25	23
	57	92
	26	24
	27	30
	28	29
	29	45
	30	46
net/minecraft/client/quickplay/QuickPlayLog	117	116
	65	57
	66	58
	67	59
	71	62
	72	63
	73	65
	74	66
	76	68
	77	69
	78	70
	79	71
	81	73
	82	74
	83	79
	28	27
	95	112
	32	31
	96	113
	100	116
	105	93
	106	95
	43	40
	107	96
	44	41
	108	97
	109	99
	47	44
	48	44
	113	82
	50	44
	114	84
	115	85
	116	86
	117	88
	54	48
	55	49
	58	52
	59	77
	60	79
	63	53
net/minecraft/client/renderer/block/model/BlockModel	0	0
net/minecraft/client/gui/screens/inventory/NautilusInventoryScreen	40	41
	16	16
	35	36
	20	20
	40	41
	25	25
	30	31
	15	15
net/minecraft/client/renderer/item/properties/numeric/CustomModelDataProperty	32	33
	16	15
	32	33
	20	20
	21	21
	22	22
	23	23
	24	24
	27	28
	14	14
	15	15
net/minecraft/client/gui/screens/inventory/JigsawBlockEditScreen	260	239
	257	236
	258	237
	260	239
	53	48
	54	49
	55	50
	58	53
	59	54
	60	55
	63	58
	64	59
	67	64
	68	66
	69	67
	70	68
	71	69
	72	70
	74	72
	75	73
	77	76
	81	80
	82	81
	83	82
	88	87
	89	87
	93	88
	97	92
	98	93
	102	97
	103	98
	104	99
	105	100
	106	101
	108	102
	109	103
	110	104
	111	105
	112	106
	114	107
	115	108
	116	109
	117	110
	118	111
	120	112
	121	113
	122	114
	123	115
	125	116
	126	117
	127	118
	128	119
	129	120
	131	121
	132	122
	133	123
	134	124
	135	125
	137	126
	138	127
	139	130
	140	131
	142	133
	143	134
	144	135
	146	140
	148	139
	153	144
	154	145
	158	149
	159	150
	162	154
	164	156
	166	157
	167	158
	168	159
	170	161
	171	163
	172	164
	173	165
	177	169
	178	170
	181	173
	185	177
	186	177
	187	177
	188	178
	189	179
	190	180
	194	184
	199	189
	200	190
	201	191
	202	192
	203	193
	204	194
	205	195
	206	196
	208	197
	210	198
	211	199
	212	200
	213	201
	214	202
	215	203
	216	204
	217	205
	218	206
	219	207
	223	211
	224	212
	227	213
	228	214
	229	215
	232	217
	237	223
	239	224
	240	225
	242	226
	243	227
	245	228
	246	229
	248	230
	249	231
	251	232
	252	233
	254	234
	255	235
com/mojang/realmsclient/gui/screens/RealmsConfirmScreen	36	34
	32	31
	18	17
	34	32
	19	18
	35	33
	20	19
	36	34
	21	20
	22	21
	26	25
	27	26
	28	27
com/mojang/realmsclient/RealmsMainScreen	1276	1359
	1024	741
	1025	742
	1026	743
	1028	745
	1032	750
	1033	753
	1034	755
	1035	757
	1036	758
	1037	760
	1038	761
	1039	763
	1043	770
	1044	772
	1051	1108
	1053	1106
	1054	1109
	1055	1110
	1056	1111
	1058	1113
	1062	1117
	1063	1118
	1064	1119
	1065	1120
	1066	1121
	1067	1122
	1068	1131
	1072	1135
	1084	1222
	1086	1220
	1087	1223
	1088	1224
	1089	1225
	1090	1226
	1091	1227
	1092	1228
	1094	1230
	1098	1234
	1099	1235
	1101	1236
	1102	1237
	1103	1259
	1107	1239
	1109	1240
	1110	1241
	1111	1242
	1113	1243
	1114	1244
	1115	1247
	1116	1248
	1118	1259
	1121	1271
	1122	1272
	1123	1273
	1124	1274
	1125	1275
	1126	1276
	1127	1277
	1129	1279
	1130	1280
	1132	1282
	1135	1285
	1136	1287
	1137	1288
	1138	1289
	1139	1290
	1140	1291
	1142	1292
	1143	1293
	1147	1297
	1148	1298
	1149	1305
	1152	1309
	1156	1313
	1157	1314
	1158	1315
	1161	1318
	1162	1319
	1163	1320
	1164	1321
	1168	1325
	1169	1326
	1170	1327
	1171	1327
	1172	1328
	1175	1331
	1180	1336
	1181	1337
	1182	1338
	1183	1339
	1184	1342
	1185	1343
	1186	1344
	1189	1348
	1194	1353
	1195	1354
	1197	1355
	176	157
	177	158
	178	159
	1202	1359
	179	160
	183	164
	1207	680
	185	165
	187	166
	1211	684
	188	168
	190	170
	191	171
	1215	688
	192	172
	1216	689
	193	173
	1217	690
	194	182
	1218	691
	1220	692
	197	174
	1222	693
	199	175
	1223	694
	200	176
	201	177
	202	178
	203	179
	205	182
	207	183
	208	184
	209	185
	211	186
	212	187
	213	188
	215	189
	216	190
	217	193
	218	194
	219	195
	1243	971
	220	196
	1244	972
	223	200
	1247	975
	224	201
	226	202
	227	203
	1251	979
	228	204
	1252	980
	229	205
	231	207
	1256	984
	233	209
	1257	985
	234	210
	1258	986
	1260	988
	237	213
	1263	991
	1264	994
	242	218
	243	219
	244	220
	246	222
	250	226
	1274	786
	251	227
	1275	787
	1276	788
	254	230
	255	231
	257	233
	259	235
	262	238
	263	248
	265	239
	266	240
	268	243
	269	244
	270	245
	271	246
	272	248
	275	251
	276	252
	277	253
	279	254
	280	255
	281	256
	282	257
	284	258
	285	260
	286	263
	287	266
	290	269
	294	273
	296	274
	297	275
	298	276
	299	277
	301	278
	302	279
	304	280
	305	281
	306	282
	308	283
	312	287
	313	288
	315	289
	316	290
	317	291
	318	292
	319	293
	321	296
	322	297
	324	298
	328	302
	329	303
	331	304
	333	305
	335	312
	339	316
	340	317
	341	318
	342	319
	343	320
	344	321
	346	324
	347	325
	348	326
	349	327
	352	330
	356	334
	360	338
	365	343
	367	344
	368	345
	370	347
	373	350
	374	351
	377	354
	378	355
	381	358
	382	359
	384	361
	387	364
	389	365
	390	366
	391	367
	393	368
	395	369
	396	371
	397	372
	398	373
	401	377
	402	378
	403	379
	405	381
	407	382
	408	383
	409	384
	411	386
	412	387
	413	388
	414	389
	415	390
	416	391
	417	392
	423	397
	424	398
	426	400
	428	401
	429	402
	430	403
	431	404
	432	405
	434	407
	436	408
	438	409
	440	410
	441	411
	442	412
	443	413
	444	414
	446	415
	450	419
	451	421
	452	422
	453	423
	457	427
	458	428
	459	429
	460	430
	461	431
	463	433
	470	436
	471	437
	473	439
	474	440
	475	441
	477	443
	478	444
	479	445
	481	447
	484	450
	485	451
	486	452
	487	453
	490	466
	491	457
	492	458
	493	459
	495	459
	499	462
	500	463
	501	464
	503	466
	504	467
	507	470
	509	472
	510	473
	511	474
	515	478
	519	482
	520	483
	521	484
	522	485
	523	486
	525	488
	527	490
	529	492
	532	495
	533	496
	535	498
	538	501
	539	502
	540	503
	541	503
	544	505
	547	509
	548	509
	550	509
	554	516
	558	520
	559	521
	560	522
	561	523
	562	524
	563	525
	565	527
	566	528
	568	529
	569	530
	572	533
	573	534
	574	535
	576	537
	577	538
	578	539
	579	540
	582	543
	583	544
	584	545
	588	549
	589	550
	590	551
	591	552
	597	558
	599	559
	600	560
	603	563
	604	564
	607	567
	608	569
	609	572
	611	574
	614	577
	615	578
	618	581
	619	582
	622	585
	623	586
	624	587
	625	588
	627	591
	629	593
	630	596
	631	599
	632	600
	635	605
	636	608
	637	609
	638	611
	639	611
	640	613
	642	617
	644	622
	645	625
	646	627
	647	627
	648	630
	649	631
	652	637
	653	639
	654	640
	655	641
	659	645
	662	650
	664	650
	665	650
	666	651
	667	652
	668	653
	669	653
	670	653
	672	654
	675	657
	676	658
	677	659
	678	660
	679	661
	680	662
	681	663
	682	664
	683	665
	686	1141
	687	1142
	688	1143
	692	1146
	693	1147
	694	1148
	698	1152
	702	1156
	703	1157
	705	1159
	706	1160
	707	1161
	708	1162
	710	1163
	714	1167
	715	1168
	718	1173
	719	1174
	720	1175
	721	1176
	722	1177
	723	1178
	725	1180
	728	1183
	729	1184
	732	1187
	734	1189
	735	1190
	738	1194
	740	1196
	742	1199
	743	1200
	744	1201
	747	1204
	751	668
	755	672
	756	672
	758	672
	763	676
	764	676
	766	676
	769	798
	776	805
	777	806
	778	807
	779	808
	780	809
	781	810
	782	811
	783	812
	784	820
	785	821
	786	823
	787	824
	789	825
	792	829
	793	830
	795	832
	798	837
	799	838
	800	839
	802	841
	805	846
	806	847
	808	848
	809	849
	810	850
	811	851
	812	852
	814	854
	817	857
	818	858
	819	859
	821	860
	822	861
	823	862
	824	863
	825	864
	827	872
	828	873
	830	875
	833	878
	834	879
	835	880
	837	881
	838	882
	839	883
	840	884
	841	885
	843	887
	846	892
	847	901
	849	893
	850	894
	851	895
	852	896
	854	898
	856	901
	859	904
	863	908
	867	912
	868	913
	869	914
	870	915
	871	916
	872	917
	873	918
	875	921
	876	922
	877	923
	879	926
	883	930
	887	934
	891	938
	895	942
	899	946
	909	1016
	915	1017
	917	1014
	918	1018
	919	1019
	920	1020
	921	1021
	922	1022
	923	1023
	924	1028
	925	1029
	926	1032
	928	1038
	930	1041
	931	1043
	932	1044
	933	1045
	937	1049
	938	1050
	940	1052
	941	1052
	943	1052
	947	1057
	948	1058
	949	1059
	950	1060
	952	1062
	955	1065
	956	1066
	957	1067
	958	1068
	959	1069
	962	1072
	967	1077
	968	1078
	969	1079
	970	1080
	974	1084
	975	1085
	977	1087
	978	1087
	981	1087
	985	1092
	990	1097
	998	705
	1001	703
	1002	706
	1003	707
	1004	708
	1008	712
	1010	713
	1011	714
	1012	715
	1013	722
	1014	731
	1018	735
	1019	736
net/minecraft/client/renderer/block/dispatch/multipart/Condition	43	35
	33	31
	34	31
	35	31
	38	32
	39	33
	40	34
	41	35
	43	32
	18	19
	20	20
	21	20
	22	22
	24	24
	25	25
	27	27
	28	28
	30	30
net/minecraft/client/gui/screens/DisconnectedScreen	84	83
	65	65
	67	66
	68	67
	69	68
	70	69
	74	73
	75	74
	79	78
	84	83
	26	24
	27	25
	30	28
	31	29
	34	32
	35	33
	38	36
	39	37
	40	38
	41	39
	42	40
	46	44
	47	45
	48	46
	50	47
	51	48
	52	51
	55	53
	56	56
	57	57
	60	59
	61	60
	63	62
net/minecraft/client/gui/screens/multiplayer/package-info	0	0
net/minecraft/client/gui/spectator/RootSpectatorMenuCategory	26	25
	16	15
	17	16
	21	20
	26	25
	15	14
net/minecraft/client/model/animal/frog/package-info	0	0
com/mojang/blaze3d/vulkan/init/VulkanPNextStruct	46	45
	34	33
	39	37
	40	38
	41	39
	43	42
	13	12
	46	45
	17	16
	21	20
	22	21
	23	22
	25	24
	26	25
	28	26
	29	27
	30	28
net/minecraft/client/gui/screens/worldselection/package-info	0	0
net/minecraft/client/renderer/entity/state/TextDisplayEntityRenderState	13	15
	13	15
net/minecraft/client/renderer/entity/state/ItemEntityRenderState	0	0
net/minecraft/client/renderer/blockentity/state/VaultRenderState	0	0
net/minecraft/client/renderer/entity/state/SquidRenderState	0	0
net/minecraft/client/gui/screens/recipebook/CraftingRecipeBookComponent	97	102
	64	60
	65	62
	67	68
	68	69
	69	70
	70	72
	71	74
	72	76
	73	77
	74	79
	75	80
	82	87
	86	91
	91	96
	96	101
	97	102
	38	36
	39	37
	43	41
	47	45
	48	46
	50	48
	51	49
	52	49
	53	50
	54	50
	55	51
	61	57
	62	58
	63	59
net/minecraft/client/tutorial/OpenInventoryTutorialStep	52	46
	32	27
	33	27
	34	28
	35	29
	36	30
	39	33
	43	37
	44	38
	45	39
	47	41
	51	45
	20	18
	52	46
	21	19
	25	23
	27	24
	28	25
	29	33
net/minecraft/client/particle/SuspendedParticle	111	148
	67	87
	70	92
	73	95
	74	96
	75	97
	76	98
	15	14
	16	15
	18	16
	19	17
	20	18
	84	44
	85	45
	22	19
	23	20
	24	21
	89	58
	90	59
	27	26
	91	60
	28	27
	92	61
	93	62
	30	28
	94	63
	31	29
	32	30
	34	31
	35	32
	36	33
	102	130
	103	131
	40	37
	107	144
	108	145
	109	146
	110	147
	47	106
	111	148
	48	107
	52	120
	53	121
	54	122
	62	71
	63	72
net/minecraft/client/renderer/entity/EvokerFangsRenderer	55	46
	33	28
	34	29
	36	30
	37	31
	39	32
	40	33
	42	34
	43	36
	47	39
	52	43
	21	19
	53	44
	54	45
	23	20
	55	46
	24	21
	28	26
	29	27
	30	36
net/minecraft/client/renderer/feature/QuadParticleFeatureRenderer	129	120
	129	120
	67	62
	68	63
	72	69
	74	70
	75	71
	76	72
	77	73
	79	74
	81	75
	82	76
	83	80
	84	82
	85	83
	86	84
	88	85
	90	87
	93	95
	94	96
	95	97
	99	98
	37	37
	101	99
	38	58
	102	100
	104	101
	41	38
	105	102
	42	39
	43	41
	107	103
	44	42
	45	43
	109	106
	49	44
	113	110
	50	45
	114	111
	115	112
	53	46
	54	47
	56	49
	61	55
	62	56
	63	58
com/mojang/realmsclient/dto/Ops	30	29
	18	15
	20	18
	21	19
	22	20
	23	21
	24	22
	27	25
	28	26
	30	29
com/mojang/realmsclient/dto/ValueObject	31	31
	16	15
	20	20
	21	21
	22	22
	26	26
	11	9
	27	27
	12	11
	13	12
	15	14
	31	31
com/mojang/realmsclient/dto/GuardedSerializer	37	34
	33	29
	19	19
	37	34
	29	25
	14	14
net/minecraft/client/renderer/blockentity/state/EndGatewayRenderState	0	0
net/minecraft/client/model/animal/goat/BabyGoatModel	92	75
	19	15
	20	16
	23	19
	24	20
	26	21
	27	22
	28	22
	29	22
	31	24
	32	25
	33	25
	34	25
	36	27
	37	28
	38	28
	39	28
	41	30
	42	31
	43	31
	44	31
	46	33
	47	35
	48	35
	49	35
	50	36
	52	38
	53	40
	54	40
	55	41
	57	43
	58	45
	59	45
	60	46
	62	48
	63	50
	64	50
	65	51
	67	53
	68	55
	69	55
	70	56
	72	58
	73	60
	74	60
	75	61
	77	63
	78	64
	79	64
	80	64
	82	66
	87	71
	89	72
	90	73
	92	75
com/mojang/blaze3d/opengl/GlDebug	164	167
	128	131
	129	132
	131	134
	144	148
	145	149
	146	150
	147	151
	148	152
	149	153
	152	156
	26	31
	156	156
	30	35
	31	36
	32	37
	33	38
	161	160
	34	39
	162	163
	35	40
	163	165
	36	41
	164	167
	37	42
	42	47
	43	48
	44	49
	45	50
	46	51
	47	52
	48	53
	49	54
	50	55
	55	60
	56	62
	57	63
	58	64
	59	61
	60	65
	69	70
	72	72
	73	73
	74	74
	75	77
	76	78
	77	79
	79	75
	83	83
	84	84
	87	87
	88	88
	89	90
	90	91
	92	94
	100	100
	101	101
	104	103
	105	104
	106	105
	107	106
	108	107
	109	108
	110	109
	112	112
	113	113
	114	114
	116	117
	117	118
	118	119
	119	120
	120	121
	121	122
	122	123
	124	126
	125	127
	126	128
net/minecraft/client/renderer/block/dispatch/multipart/Selector	22	20
	16	12
	17	14
	18	14
	19	16
	22	20
net/minecraft/client/gui/screens/social/PlayerSocialManager	239	240
	130	134
	131	135
	133	137
	136	140
	140	144
	144	148
	148	152
	152	156
	156	160
	157	161
	158	162
	159	163
	160	165
	161	166
	162	167
	164	168
	165	169
	169	174
	42	46
	170	175
	43	47
	44	48
	172	177
	45	49
	46	50
	47	51
	48	52
	176	181
	49	53
	178	183
	179	184
	52	56
	53	57
	181	186
	182	187
	56	60
	184	189
	57	61
	185	190
	187	192
	60	64
	188	193
	190	195
	191	196
	64	68
	193	198
	68	72
	196	201
	198	202
	72	76
	201	205
	76	80
	77	81
	205	209
	206	210
	207	211
	80	84
	81	85
	209	213
	211	215
	84	88
	214	218
	88	92
	218	222
	219	223
	92	96
	93	97
	94	98
	223	226
	97	101
	98	102
	228	230
	101	105
	229	231
	102	106
	230	232
	104	108
	105	109
	233	236
	109	114
	239	240
	113	118
	117	122
	118	123
	120	124
	121	125
	123	127
	126	130
net/minecraft/client/renderer/feature/LeashFeatureRenderer	83	83
	64	67
	66	69
	67	70
	69	72
	71	75
	73	76
	74	77
	75	78
	83	83
	22	20
	23	21
	25	23
	28	26
	30	27
	31	28
	32	29
	33	30
	34	31
	36	32
	39	33
	40	34
	43	35
	45	37
	46	38
	48	41
	49	42
	51	44
	54	59
	55	60
	56	61
	57	62
	59	63
	60	64
	61	65
	62	66
net/minecraft/client/renderer/entity/state/PigRenderState	0	0
net/minecraft/client/renderer/feature/FeatureRenderer	23	21
	19	18
	23	21
	9	8
	14	13
net/minecraft/client/renderer/texture/atlas/sources/SingleFile	42	39
	32	29
	33	30
	34	31
	36	33
	38	35
	42	39
	20	15
	21	17
	22	17
	23	19
	26	23
	27	24
	31	28
net/minecraft/client/resources/model/cuboid/ItemTransforms	70	74
	66	73
	67	74
	68	74
	70	74
	27	35
	28	36
	29	37
	30	38
	31	39
	32	40
	33	41
	34	42
	35	43
	36	44
	37	45
	44	51
	46	52
	47	53
	48	54
	49	55
	51	58
	52	59
	53	60
	54	61
	56	64
	57	65
	58	66
	59	67
	60	68
	62	69
net/minecraft/client/renderer/state/gui/pip/GuiBannerResultRenderState	17	35
	17	35
	12	30
	13	31
net/minecraft/client/waypoints/ClientWaypointManager	40	34
	33	29
	19	17
	20	18
	37	33
	38	33
	39	33
	24	21
	40	34
	25	22
	29	25
	30	26
net/minecraft/client/gui/screens/inventory/CyclingSlotBackground	59	57
	33	30
	34	31
	36	33
	39	36
	40	37
	41	47
	44	38
	45	39
	46	40
	47	41
	48	42
	50	45
	51	47
	54	52
	55	53
	24	21
	25	22
	58	56
	59	57
	28	25
	29	26
	30	27
com/mojang/blaze3d/systems/DeviceType	0	0
net/minecraft/client/data/models/ItemModelOutput	10	10
	9	9
	10	10
net/minecraft/client/resources/language/LanguageInfo	21	19
	16	12
	17	13
	18	15
	21	19
	14	9
	15	11
net/minecraft/client/gui/screens/debug/GameModeSwitcherScreen	249	236
	128	76
	129	78
	131	79
	132	80
	133	81
	135	82
	138	85
	140	87
	141	88
	143	89
	145	90
	146	91
	149	94
	153	98
	154	99
	155	100
	156	101
	159	104
	160	105
	163	108
	164	114
	167	109
	169	110
	170	111
	172	114
	46	168
	47	169
	176	118
	48	170
	177	119
	49	171
	178	120
	179	121
	52	174
	53	175
	182	123
	56	178
	57	179
	58	180
	187	129
	59	181
	188	130
	60	182
	189	131
	190	132
	193	134
	65	187
	66	188
	67	189
	68	190
	69	191
	198	140
	199	141
	200	142
	201	143
	203	145
	208	151
	216	202
	217	203
	218	204
	94	45
	222	208
	223	209
	96	46
	224	210
	97	47
	98	48
	226	213
	227	214
	101	51
	102	52
	103	53
	231	218
	104	54
	232	219
	106	56
	236	223
	111	62
	240	227
	113	63
	241	228
	114	64
	116	66
	244	231
	117	67
	245	232
	118	68
	120	70
	248	235
	249	236
	125	74
net/minecraft/client/gui/screens/recipebook/RecipeBookPage	229	219
	128	116
	131	119
	132	120
	133	121
	134	122
	137	125
	138	127
	139	128
	140	129
	141	130
	145	134
	146	135
	148	138
	149	139
	152	142
	153	143
	154	144
	157	147
	158	148
	159	149
	160	150
	162	152
	165	156
	169	161
	173	165
	174	166
	177	169
	178	170
	180	171
	181	172
	182	173
	183	174
	185	176
	188	179
	191	180
	64	57
	192	181
	65	58
	193	182
	194	183
	67	60
	195	184
	68	61
	196	185
	197	186
	70	63
	198	187
	73	66
	201	189
	74	67
	202	191
	203	192
	76	69
	204	193
	77	70
	205	194
	206	195
	207	196
	208	196
	209	197
	83	73
	84	74
	212	201
	85	75
	86	76
	87	77
	216	205
	90	80
	91	81
	92	82
	220	210
	221	211
	94	83
	95	84
	224	214
	98	87
	99	88
	228	218
	229	219
	102	91
	103	92
	104	94
	105	95
	107	96
	108	97
	110	98
	112	99
	114	101
	118	105
	119	106
	122	109
	123	110
	125	113
	126	114
net/minecraft/client/resources/model/ResolvableModel	0	0
net/minecraft/client/renderer/entity/SalmonRenderer	72	65
	66	58
	67	59
	68	60
	69	61
	71	64
	72	65
	22	21
	23	22
	24	23
	25	24
	26	25
	30	28
	31	29
	32	30
	36	33
	41	37
	46	41
	48	42
	49	43
	50	44
	51	45
	52	46
	55	49
	56	50
	58	51
	59	52
	60	53
	62	55
net/minecraft/client/telemetry/events/WorldLoadEvent	68	69
	64	65
	67	68
	68	69
	21	22
	22	23
	25	26
	26	27
	28	30
	29	31
	32	34
	33	35
	34	36
	36	38
	37	38
	39	38
	43	43
	44	53
	46	44
	47	45
	48	46
	49	47
	50	48
	52	50
	53	51
	58	58
	59	59
	60	60
	61	61
	62	62
net/minecraft/client/model/animal/equine/EquineSaddleModel	85	65
	65	49
	66	50
	67	50
	70	52
	71	53
	72	53
	76	55
	81	60
	82	62
	83	63
	85	65
	26	23
	27	24
	28	25
	29	26
	30	27
	33	30
	34	31
	35	32
	37	33
	39	34
	40	35
	41	35
	45	37
	46	37
	47	37
	50	38
	51	38
	52	38
	55	39
	56	41
	57	41
	58	42
	60	44
	61	46
	62	46
	63	47
net/minecraft/client/renderer/special/SkullSpecialRenderer	72	77
	67	43
	68	44
	69	45
	70	46
	71	47
	72	48
	25	24
	26	25
	27	26
	28	27
	31	51
	32	53
	33	54
	34	55
	35	57
	38	61
	39	62
	43	66
	48	71
	49	72
	51	73
	52	74
	55	76
	56	77
	62	38
	63	39
net/minecraft/client/gui/screens/NoticeWithLinkScreen	112	80
	65	52
	66	53
	67	54
	68	54
	70	54
	72	54
	73	54
	75	55
	76	56
	78	56
	80	57
	81	58
	83	60
	84	60
	86	60
	88	60
	89	60
	92	61
	29	30
	30	31
	94	62
	31	32
	95	63
	32	33
	96	64
	33	34
	36	37
	100	68
	101	69
	102	70
	106	74
	45	41
	111	79
	112	80
	55	46
	57	47
	58	48
	60	49
	61	50
	63	51
net/minecraft/client/particle/DustParticle	28	46
	16	25
	17	26
	23	32
	24	33
	10	20
	12	21
	28	46
	13	22
	14	23
	15	24
net/minecraft/client/model/object/bell/package-info	0	0
net/minecraft/client/renderer/WorldBorderRenderer	193	197
	46	43
	55	47
	56	48
	59	59
	60	60
	61	61
	62	62
	63	63
	65	64
	66	65
	67	66
	68	67
	70	68
	71	69
	72	70
	73	71
	75	72
	77	73
	78	74
	79	75
	80	76
	82	77
	83	78
	84	79
	85	80
	87	81
	88	82
	89	83
	90	84
	92	85
	93	86
	94	87
	95	88
	97	90
	98	91
	101	94
	102	95
	103	96
	104	97
	105	98
	106	99
	107	100
	109	102
	112	107
	113	108
	114	109
	115	110
	116	112
	118	126
	119	128
	122	121
	123	122
	124	123
	125	124
	126	128
	129	131
	130	190
	132	132
	133	133
	134	134
	136	135
	137	136
	138	137
	140	138
	142	139
	143	140
	145	141
	146	142
	149	145
	150	146
	152	147
	154	148
	155	149
	158	152
	159	153
	160	154
	162	156
	163	157
	166	160
	167	161
	168	171
	169	172
	170	173
	171	174
	172	175
	173	176
	174	177
	176	178
	177	180
	178	181
	179	182
	180	183
	184	187
	186	190
	189	193
	190	194
	193	197
com/mojang/blaze3d/opengl/GlRenderPipeline	9	9
	9	9
net/minecraft/client/renderer/debug/HeightMapRenderer	62	68
	26	26
	27	27
	31	33
	33	34
	35	36
	36	37
	37	38
	38	40
	39	41
	40	42
	41	43
	42	45
	43	46
	44	47
	45	48
	46	49
	47	51
	53	59
	56	62
	57	63
	58	64
	59	65
	60	66
	61	67
	62	68
net/minecraft/client/renderer/entity/layers/CustomHeadLayer	85	85
	64	62
	65	63
	67	66
	68	68
	71	71
	72	72
	73	73
	74	74
	78	78
	82	82
	83	83
	84	84
	85	85
	31	30
	32	31
	35	39
	36	40
	37	41
	38	42
	39	43
	43	48
	44	68
	47	49
	48	50
	50	51
	51	52
	52	53
	54	54
	55	55
	56	56
	58	57
	59	58
	60	59
	62	60
net/minecraft/client/renderer/entity/state/ArrowRenderState	0	0
net/minecraft/client/renderer/LevelTargetBundle	80	87
	64	72
	65	73
	66	75
	67	75
	69	75
	73	80
	74	81
	75	82
	76	83
	77	84
	78	85
	79	86
	80	87
	33	38
	34	39
	35	40
	36	41
	37	42
	38	43
	39	44
	40	45
	41	46
	42	47
	43	48
	44	49
	45	51
	46	55
	48	52
	50	57
	54	62
	55	63
	56	64
	57	65
	58	66
	59	67
	60	68
	61	69
	62	70
	63	71
net/minecraft/client/renderer/state/gui/BlitRenderState	27	58
	19	47
	20	48
	21	49
	22	50
	23	51
	26	57
	27	58
	14	42
	15	43
com/mojang/realmsclient/dto/WorldTemplate	40	39
	32	32
	33	33
	34	34
	35	35
	37	37
	38	38
	40	39
	25	25
	26	26
	27	27
	28	28
	29	29
	30	30
	31	31
net/minecraft/client/renderer/entity/SquidRenderer	44	40
	32	29
	33	30
	34	31
	35	32
	39	35
	40	36
	41	37
	42	38
	43	39
	44	40
	16	16
	17	17
	21	20
	26	24
	31	28
net/minecraft/client/multiplayer/chat/ChatLog	62	67
	34	36
	35	38
	36	39
	38	42
	42	46
	43	47
	12	14
	13	17
	14	18
	46	51
	15	19
	17	20
	50	55
	54	59
	25	27
	26	28
	58	63
	29	31
	30	32
	62	67
	31	33
net/minecraft/client/resources/package-info	0	0
com/mojang/realmsclient/gui/screens/RealmsPopups	44	41
	33	33
	34	34
	35	35
	36	36
	37	37
	41	41
	42	41
	43	41
	44	41
	17	17
	18	18
	19	19
	20	20
	21	21
	25	25
	26	26
	27	27
	28	28
	29	29
net/minecraft/client/gui/screens/inventory/tooltip/DefaultTooltipPositioner	31	28
	16	15
	17	16
	22	20
	23	21
	11	10
	27	24
	28	25
	29	26
	15	14
	31	28
net/minecraft/client/renderer/special/package-info	0	0
net/minecraft/client/renderer/texture/SkinTextureDownloader	169	185
	128	141
	129	142
	130	143
	131	144
	132	145
	135	148
	137	149
	138	150
	140	153
	141	154
	143	155
	147	163
	148	164
	149	165
	150	166
	151	167
	156	172
	157	173
	158	174
	161	177
	34	35
	35	36
	36	37
	164	180
	37	38
	165	181
	166	182
	40	41
	41	42
	169	185
	44	45
	45	46
	46	47
	48	50
	49	51
	50	51
	54	55
	55	56
	56	62
	57	78
	58	74
	61	80
	62	81
	63	82
	65	86
	66	87
	67	88
	68	89
	70	90
	71	91
	72	92
	76	95
	79	98
	80	99
	81	100
	82	101
	85	111
	87	106
	88	107
	94	120
	95	117
	96	118
	97	119
	102	124
	103	125
	104	126
	105	157
	106	158
	109	127
	110	128
	111	129
	112	130
	113	131
	114	132
	116	133
	119	134
	120	135
	121	136
	122	137
	123	138
	124	139
	127	140
net/minecraft/client/gui/screens/LevelLoadingScreen	194	189
	130	136
	131	137
	132	138
	133	139
	134	140
	135	141
	138	144
	142	148
	144	162
	145	163
	146	164
	149	150
	150	151
	152	153
	153	154
	154	155
	155	157
	156	159
	159	166
	162	169
	163	170
	165	172
	166	177
	171	183
	172	184
	45	55
	173	185
	46	56
	47	57
	48	58
	177	189
	51	61
	52	62
	181	39
	53	63
	182	40
	183	41
	184	42
	185	43
	57	67
	186	44
	187	45
	188	46
	189	47
	190	48
	62	72
	191	49
	192	50
	193	51
	194	52
	67	77
	68	78
	70	80
	74	84
	75	85
	76	86
	77	87
	79	89
	83	93
	85	94
	86	95
	87	96
	88	97
	91	100
	92	101
	94	102
	96	104
	97	105
	98	106
	99	107
	101	109
	104	112
	106	113
	107	114
	109	116
	112	119
	113	120
	114	121
	117	126
	119	127
	120	128
	122	129
	123	130
	125	131
	126	132
	127	133
net/minecraft/client/multiplayer/chat/report/ReportType	17	17
	17	17
	13	13
	14	14
net/minecraft/client/renderer/SpriteMapper	15	12
	11	8
	15	12
com/mojang/blaze3d/opengl/GlBackend	55	56
	32	30
	33	31
	37	35
	38	36
	39	37
	40	38
	41	39
	43	41
	46	44
	52	52
	53	53
	22	20
	55	56
	27	25
	28	26
	29	27
	30	28
	31	29
com/mojang/blaze3d/vulkan/VulkanQueryPool	74	80
	68	74
	69	75
	73	79
	74	80
	17	16
	18	17
	19	19
	20	20
	21	21
	22	22
	23	23
	24	24
	25	25
	26	26
	28	28
	32	32
	37	37
	42	42
	43	44
	45	47
	46	49
	47	50
	48	52
	51	55
	52	56
	53	57
	55	59
	59	64
	63	69
net/minecraft/client/renderer/block/dispatch/BlockStateModelPart	0	0
net/minecraft/client/renderer/chunk/ChunkSectionLayerGroup	35	34
	32	31
	17	15
	33	32
	18	16
	19	17
	35	34
	22	20
	26	24
	30	28
	31	30
net/minecraft/client/renderer/texture/TextureManager	184	181
	131	125
	132	126
	133	127
	134	128
	135	129
	137	131
	139	132
	140	133
	141	134
	142	135
	143	137
	144	138
	146	140
	151	145
	152	146
	153	147
	154	148
	157	151
	158	152
	160	154
	161	155
	162	156
	165	159
	166	160
	40	37
	42	38
	170	164
	43	39
	171	165
	44	40
	172	166
	173	167
	175	170
	48	44
	49	45
	50	46
	51	47
	52	48
	180	177
	53	49
	54	50
	182	179
	183	180
	184	181
	57	53
	58	54
	62	58
	63	59
	65	60
	66	61
	72	66
	73	67
	76	70
	77	71
	78	72
	79	73
	81	76
	82	77
	85	80
	89	83
	91	86
	92	87
	93	88
	95	90
	98	93
	99	94
	100	95
	104	97
	105	98
	106	99
	110	104
	111	105
	113	107
	116	110
	117	111
	118	112
	120	114
	124	117
	125	118
	126	119
	127	120
net/minecraft/client/gui/screens/CreateFlatWorldScreen	272	270
	261	175
	262	176
	266	180
	267	181
	268	188
	272	192
	50	48
	51	49
	52	50
	53	51
	54	52
	57	55
	61	59
	62	60
	63	61
	64	62
	66	64
	70	68
	72	69
	74	70
	75	71
	76	72
	77	73
	79	74
	80	75
	81	76
	83	78
	85	79
	86	80
	87	81
	88	82
	89	83
	91	84
	92	85
	93	86
	94	87
	95	88
	97	89
	98	90
	99	91
	100	92
	102	93
	103	94
	105	95
	106	96
	107	97
	111	101
	112	102
	114	105
	115	106
	118	109
	119	110
	121	112
	124	115
	129	120
	130	121
	136	128
	137	129
	139	130
	140	131
	143	134
	144	135
	145	137
	146	138
	148	140
	152	143
	153	144
	154	145
	157	148
	158	149
	159	150
	161	151
	162	152
	163	153
	165	155
	168	158
	169	159
	170	160
	171	161
	172	162
	173	163
	174	164
	175	165
	176	166
	185	203
	186	205
	187	206
	188	207
	192	211
	194	212
	195	213
	197	214
	198	215
	201	217
	202	218
	203	219
	204	220
	206	222
	209	225
	210	226
	213	229
	214	230
	215	231
	216	232
	217	233
	218	234
	221	238
	226	243
	227	244
	228	245
	229	247
	231	249
	234	252
	240	257
	241	258
	245	262
	247	263
	248	264
	250	266
	253	269
	254	270
net/minecraft/client/renderer/entity/LlamaRenderer	54	60
	33	42
	49	55
	34	43
	50	56
	51	57
	52	58
	53	59
	38	46
	54	60
	39	47
	44	51
	31	41
net/minecraft/client/multiplayer/chat/GuiMessageTag	64	61
	64	61
	35	33
	39	37
	40	38
	41	39
	45	43
	57	54
	58	55
	27	25
	59	56
	60	57
	31	29
	63	60
net/minecraft/client/renderer/item/properties/select/package-info	0	0
com/mojang/realmsclient/dto/RealmsNews	25	23
	17	14
	19	17
	20	18
	21	19
	22	20
	25	23
net/minecraft/client/renderer/entity/FrogRenderer	33	31
	16	16
	32	30
	33	31
	21	20
	26	24
	11	12
	27	25
	12	13
	28	26
	29	27
	30	28
	31	29
net/minecraft/client/renderer/rendertype/PreparedRenderType	51	53
	32	28
	33	29
	34	30
	35	36
	36	37
	37	38
	38	39
	40	42
	41	43
	42	44
	44	46
	45	47
	48	50
	49	51
	51	53
	28	22
	29	23
net/minecraft/client/model/animal/golem/IronGolemModel	102	88
	23	22
	24	23
	25	24
	26	25
	27	26
	28	27
	29	28
	32	31
	33	32
	35	33
	36	35
	37	35
	38	35
	39	36
	41	38
	42	40
	43	41
	44	43
	45	45
	47	47
	48	48
	49	48
	50	48
	52	50
	53	50
	54	50
	55	50
	57	51
	58	52
	59	52
	60	52
	62	54
	63	55
	64	55
	65	55
	68	57
	73	61
	75	62
	76	63
	77	64
	78	65
	79	66
	80	67
	82	69
	83	70
	84	71
	85	72
	87	74
	88	75
	92	79
	93	80
	95	81
	96	82
	97	83
	98	84
	99	85
	102	88
net/minecraft/client/model/object/skull/PiglinHeadModel	38	33
	32	28
	33	29
	35	30
	36	31
	37	32
	38	33
	16	14
	17	15
	18	16
	19	17
	20	18
	23	21
	24	22
	26	23
	31	27
com/mojang/blaze3d/vulkan/glsl/SpvUniformBuffer	0	0
net/minecraft/client/model/animal/turtle/package-info	0	0
com/mojang/blaze3d/vulkan/VulkanBindGroupLayout	53	41
	32	22
	33	23
	34	24
	35	25
	36	26
	38	28
	39	29
	40	30
	41	31
	43	34
	44	35
	45	35
	46	35
	47	35
	48	35
	49	36
	50	37
	51	38
	53	41
	27	18
	28	19
	29	19
	30	21
	31	22
net/minecraft/client/renderer/blockentity/BlockEntityRenderers	58	67
	17	41
	18	42
	19	43
	20	44
	21	45
	22	46
	23	47
	24	48
	25	49
	26	50
	27	51
	28	52
	29	53
	30	54
	31	55
	32	56
	33	57
	34	58
	35	59
	36	60
	37	61
	38	62
	39	63
	40	64
	41	65
	42	66
	43	67
	46	25
	47	26
	50	29
	51	30
	53	32
	54	33
	55	34
	57	36
	58	37
net/minecraft/client/renderer/item/properties/numeric/CompassAngle	29	28
	16	15
	19	18
	20	19
	24	23
	10	10
	29	28
	15	14
net/minecraft/client/ScrollWheelHandler	43	44
	33	32
	34	33
	35	34
	37	36
	38	37
	40	40
	41	41
	11	10
	43	44
	12	11
	14	14
	15	15
	17	18
	18	19
	20	20
	21	21
	22	22
	23	23
	26	25
	27	26
	29	27
net/minecraft/client/model/player/PlayerEarsModel	33	23
	33	23
	14	13
	15	14
	18	17
	20	18
	21	19
	23	20
	24	20
	25	20
	26	21
	27	21
	29	22
	30	22
net/minecraft/client/particle/DustPlumeParticle	35	54
	35	54
	12	22
	13	23
	14	24
	15	25
	16	26
	17	27
	21	31
	22	32
	23	33
	24	34
	30	40
	31	41
net/minecraft/client/renderer/blockentity/BlockEntityRendererProvider	28	30
	28	30
net/minecraft/client/gui/screens/reporting/ReportReasonSelectionScreen	194	193
	128	121
	132	125
	137	130
	138	131
	141	135
	142	137
	143	144
	144	145
	145	146
	148	149
	151	152
	152	152
	153	152
	154	152
	159	157
	164	161
	165	162
	166	163
	171	169
	172	171
	173	172
	46	42
	47	43
	48	44
	49	45
	177	176
	50	46
	178	177
	51	47
	179	178
	180	179
	55	51
	56	52
	184	183
	57	53
	58	55
	59	57
	60	58
	189	188
	62	59
	190	189
	63	60
	64	61
	65	62
	66	63
	194	193
	67	64
	69	67
	70	68
	72	69
	73	70
	74	71
	78	75
	79	76
	80	77
	82	79
	86	83
	88	84
	89	85
	90	86
	92	87
	93	88
	94	89
	95	90
	96	91
	97	92
	99	93
	100	94
	102	95
	103	96
	105	98
	108	101
	112	105
	116	109
	120	113
	124	117
net/minecraft/client/renderer/entity/layers/CatCollarLayer	38	42
	32	42
	34	37
	35	38
	36	39
	37	40
	38	42
	23	22
	24	23
	25	24
	26	25
	30	35
	31	36
net/minecraft/client/gui/components/toasts/FriendToast	128	115
	128	115
	68	66
	69	67
	71	69
	72	70
	73	71
	75	73
	77	76
	78	77
	79	79
	80	80
	82	82
	85	85
	86	86
	89	89
	90	90
	93	93
	94	93
	35	33
	99	94
	36	34
	102	97
	39	37
	103	98
	40	38
	104	99
	41	39
	42	40
	43	41
	107	102
	108	102
	110	103
	47	45
	113	106
	114	106
	52	50
	116	107
	53	51
	55	53
	119	110
	120	110
	122	111
	59	57
	125	114
	126	114
	63	61
net/minecraft/client/multiplayer/LevelLoadTracker	152	144
	64	69
	68	72
	69	73
	70	74
	74	77
	75	78
	139	127
	79	81
	80	82
	144	131
	145	132
	146	133
	84	85
	148	135
	85	86
	149	136
	150	136
	87	88
	152	136
	90	92
	94	96
	34	33
	98	100
	35	34
	38	37
	102	105
	39	38
	103	106
	105	107
	42	41
	43	42
	46	45
	110	115
	47	46
	50	49
	114	119
	51	50
	53	52
	56	58
	57	57
	61	66
	62	67
	126	144
net/minecraft/client/renderer/entity/layers/DolphinCarryingItemLayer	39	40
	33	34
	36	37
	38	38
	39	40
	15	14
	16	15
	20	25
	21	26
	22	40
	25	27
	27	28
	28	29
	29	30
	30	31
	31	32
net/minecraft/client/data/models/MultiVariant	28	29
	16	15
	18	19
	21	22
	25	26
	26	27
	27	28
	28	29
	14	17
	15	14
net/minecraft/client/model/geom/PartPose	44	34
	17	7
	33	25
	21	11
	37	29
	38	29
	40	29
	25	17
	44	34
	29	21
net/minecraft/client/telemetry/WorldSessionTelemetryManager	80	81
	66	67
	67	68
	68	69
	69	70
	72	73
	73	74
	74	75
	75	76
	76	77
	77	78
	78	79
	80	81
	27	30
	28	31
	29	32
	31	33
	32	34
	33	35
	34	36
	35	37
	36	38
	39	41
	40	42
	43	45
	44	46
	45	47
	46	48
	49	51
	50	52
	51	53
	54	56
	55	57
	58	60
	59	61
	60	62
	62	64
net/minecraft/client/gui/screens/AlertScreen	63	57
	32	29
	33	30
	37	34
	42	39
	44	40
	46	41
	47	42
	48	43
	50	44
	51	45
	55	49
	24	21
	56	50
	25	22
	57	51
	58	52
	59	53
	28	25
	29	26
	30	27
	31	28
	63	57
net/minecraft/client/renderer/entity/HumanoidMobRenderer	98	99
	25	25
	26	26
	29	29
	30	30
	33	35
	35	36
	36	37
	37	38
	38	39
	41	42
	42	43
	43	44
	44	45
	46	47
	47	47
	49	47
	54	52
	55	53
	56	54
	57	55
	58	56
	61	61
	63	62
	64	63
	65	64
	66	65
	67	66
	68	67
	69	68
	70	69
	71	70
	73	73
	74	74
	76	77
	77	78
	78	79
	79	80
	80	81
	81	82
	82	83
	83	84
	84	85
	85	86
	86	87
	87	88
	88	89
	89	90
	92	93
	93	94
	97	98
	98	99
net/minecraft/client/gui/layouts/SpacerElement	65	63
	65	63
	34	33
	35	34
	39	38
	40	39
	44	43
	14	13
	15	14
	49	48
	18	17
	19	18
	20	19
	21	20
	22	21
	54	53
	25	24
	59	58
	29	28
net/minecraft/client/renderer/item/properties/numeric/RangeSelectItemModelProperty	0	0
com/mojang/blaze3d/platform/TextureUtil	233	218
	39	32
	40	33
	41	33
	43	33
	48	37
	50	40
	51	41
	52	42
	55	46
	56	47
	57	48
	58	49
	59	50
	64	55
	65	56
	66	58
	67	59
	69	62
	70	63
	74	64
	75	65
	77	67
	78	68
	79	69
	80	70
	81	71
	82	72
	83	73
	84	75
	85	76
	86	77
	87	79
	88	80
	89	81
	90	82
	91	83
	94	87
	95	88
	96	89
	97	90
	98	91
	100	94
	103	98
	104	99
	106	100
	107	101
	108	103
	109	104
	110	105
	111	106
	113	108
	114	109
	116	112
	120	115
	124	119
	128	123
	129	124
	132	125
	133	126
	134	127
	137	128
	140	130
	141	131
	142	132
	143	133
	144	134
	145	135
	146	136
	147	137
	153	142
	154	143
	155	144
	156	145
	157	147
	158	148
	159	149
	160	150
	161	151
	162	151
	163	152
	164	153
	165	154
	172	159
	173	160
	174	161
	175	162
	177	163
	179	165
	183	169
	186	172
	187	173
	189	174
	190	175
	192	177
	193	178
	194	179
	195	180
	196	181
	197	182
	198	183
	199	184
	200	185
	201	186
	202	187
	203	188
	209	194
	210	195
	211	196
	212	197
	214	199
	215	200
	216	201
	217	202
	218	203
	222	207
	225	210
	229	214
	233	218
net/minecraft/client/model/geom/builders/package-info	0	0
net/minecraft/client/renderer/culling/Frustum	134	135
	130	131
	134	135
	20	20
	21	21
	24	24
	25	25
	28	28
	29	29
	30	30
	31	31
	32	32
	33	33
	34	34
	37	37
	38	38
	39	39
	40	40
	44	44
	45	45
	46	46
	47	47
	48	48
	49	50
	50	51
	58	63
	59	64
	60	61
	62	67
	66	71
	67	72
	68	73
	69	74
	72	77
	74	78
	75	79
	76	80
	79	83
	80	84
	84	88
	88	92
	89	93
	90	94
	91	95
	92	96
	93	97
	94	98
	98	102
	102	106
	105	107
	106	108
	107	109
	108	110
	111	111
	112	112
	113	113
	114	114
	116	116
	117	118
	118	119
	119	120
	122	123
	126	127
net/minecraft/client/gui/screens/worldselection/WorldCreationContextMapper	0	0
com/mojang/blaze3d/opengl/GlConst	452	370
	257	190
	258	191
	259	192
	260	193
	261	194
	262	195
	263	196
	264	197
	265	198
	270	203
	271	204
	272	205
	277	210
	278	211
	279	212
	280	213
	281	214
	286	219
	287	220
	288	221
	293	226
	294	227
	295	228
	296	229
	297	230
	298	231
	299	233
	300	233
	302	233
	307	238
	312	242
	314	243
	315	244
	324	249
	325	250
	326	251
	327	254
	328	255
	329	259
	330	260
	331	252
	332	253
	333	256
	334	257
	335	261
	336	264
	337	265
	338	266
	339	267
	340	268
	341	269
	342	270
	343	271
	344	272
	345	273
	346	274
	347	275
	348	276
	349	277
	350	278
	351	279
	352	280
	353	281
	354	282
	355	283
	356	284
	357	285
	358	286
	359	287
	360	288
	361	289
	362	290
	363	262
	364	291
	365	292
	366	293
	367	294
	368	295
	369	263
	370	296
	371	258
	376	301
	377	302
	378	307
	379	303
	380	308
	381	304
	382	310
	383	305
	384	309
	385	306
	386	311
	387	312
	388	313
	393	318
	394	319
	395	320
	396	321
	397	322
	398	324
	399	325
	400	327
	401	326
	402	323
	403	328
	404	329
	405	330
	406	331
	411	336
	412	337
	413	338
	418	343
	419	344
	420	345
	422	348
	423	349
	425	352
	427	353
	429	356
	430	357
	432	360
	438	364
	439	365
	440	366
	441	366
	443	366
	445	367
	446	368
	447	368
	449	368
	452	370
	207	140
	208	141
	209	142
	210	143
	211	144
	212	145
	213	146
	214	147
	215	148
	220	153
	221	154
	222	155
	227	160
	228	161
	229	162
	230	163
	231	164
	232	165
	233	166
	234	167
	235	168
	236	169
	237	170
	238	171
	239	172
	240	173
	241	174
	242	175
	247	180
	248	181
	249	182
	250	183
	251	184
	252	185
net/minecraft/client/renderer/block/model/properties/conditional/ConditionalBlockModelProperty	0	0
net/minecraft/client/PresenceSharing	36	33
	32	29
	36	33
	21	19
	22	20
	23	21
	24	22
	28	25
net/minecraft/client/renderer/block/FluidModel	45	32
	32	28
	33	28
	25	20
	26	21
	42	32
	27	22
	43	32
	28	23
	29	24
	45	32
	30	25
net/minecraft/client/color/item/TeamColor	38	36
	33	31
	18	15
	19	16
	20	16
	38	36
	24	21
	25	22
	26	23
	27	24
	28	25
	29	26
net/minecraft/client/renderer/entity/GhastRenderer	34	28
	32	26
	33	27
	34	28
	19	18
	20	18
	22	18
	27	22
	14	14
	15	15
net/minecraft/client/model/object/projectile/package-info	0	0
net/minecraft/client/data/models/BlockModelGenerators	4427	4818
	4096	4131
	4097	4132
	4098	4133
	4100	4134
	4101	4135
	4103	4136
	4105	4137
	4107	4138
	4109	4139
	4110	4140
	4111	4141
	4112	4142
	4113	4143
	4114	4144
	4115	4145
	4116	4146
	4117	4147
	4118	4148
	4119	4149
	4120	4150
	4121	4151
	4122	4152
	4123	4153
	4124	4154
	4126	4155
	4128	4156
	4129	4157
	4130	4158
	4133	4159
	4134	4160
	4135	4161
	4136	4162
	4137	4163
	4138	4164
	4139	4165
	4140	4166
	4142	4167
	4144	4168
	4146	4169
	4148	4170
	4150	4171
	4152	4172
	4153	4173
	4155	4174
	4157	4175
	4158	4176
	4160	4177
	4161	4178
	4163	4179
	4164	4180
	4166	4181
	4167	4182
	4168	4183
	4170	4184
	4172	4185
	4174	4186
	4175	4187
	4177	4188
	4178	4189
	4180	4190
	4182	4191
	4184	4192
	4186	4193
	4187	4194
	4189	4195
	4190	4196
	4191	4197
	4192	4198
	4193	4199
	4194	4200
	4195	4201
	4196	4202
	4197	4203
	4198	4204
	4199	4205
	4200	4206
	4201	4207
	4202	4208
	4203	4209
	4204	4210
	4205	4211
	4206	4212
	4207	4213
	4208	4214
	4209	4215
	4210	4216
	4212	4217
	4213	4218
	4215	4219
	4216	4220
	4217	4221
	4219	4222
	4220	4223
	4221	4224
	4222	4225
	4223	4226
	4224	4227
	4225	4228
	4226	4229
	4227	4230
	4228	4231
	4229	4232
	4230	4233
	4231	4234
	4232	4235
	4233	4236
	4234	4237
	4235	4240
	4236	4241
	4237	4242
	142	143
	4238	4243
	4239	4244
	4240	4245
	4241	4246
	4242	4247
	4244	4248
	4245	4249
	4246	4250
	4248	4251
	4249	4261
	154	151
	4250	4271
	155	152
	4251	4281
	156	155
	4252	4291
	157	158
	4254	4301
	159	161
	4255	4302
	160	164
	161	167
	4257	4303
	162	170
	4258	4304
	4259	4305
	4261	4306
	4262	4307
	4263	4308
	4264	4309
	4266	4310
	4267	4311
	4268	4312
	4269	4313
	4271	4314
	4272	4315
	4273	4316
	4274	4317
	4276	4318
	4277	4319
	4278	4320
	4279	4321
	4281	4322
	4282	4323
	4283	4324
	4284	4325
	4286	4326
	4287	4327
	4288	4328
	4289	4329
	4291	4330
	4292	4331
	4293	4332
	4294	4333
	4296	4334
	4297	4335
	4298	4336
	4299	4337
	4301	4338
	4302	4339
	4303	4340
	4304	4341
	4306	4342
	4307	4343
	4308	4344
	4309	4345
	4311	4346
	4312	4347
	217	289
	4314	4348
	4315	4349
	221	296
	4317	4350
	4318	4351
	4320	4352
	225	303
	4322	4353
	4323	4354
	4324	4355
	229	310
	4325	4356
	4327	4357
	233	317
	4329	4358
	4330	4359
	4331	4360
	4333	4361
	238	325
	4334	4362
	4335	4363
	4337	4364
	242	332
	4338	4365
	4340	4366
	4341	4367
	246	339
	4342	4368
	4344	4369
	250	346
	4346	4370
	4347	4371
	4349	4372
	254	358
	4350	4373
	255	359
	4351	4374
	4352	4375
	4353	4376
	4354	4377
	259	371
	4355	4378
	260	372
	4356	4379
	4359	4382
	264	384
	265	385
	4361	4383
	266	385
	4363	4384
	4364	4386
	4365	4387
	4366	4388
	4367	4389
	4368	4391
	4369	4393
	274	220
	275	224
	4372	4396
	280	234
	282	237
	4378	4397
	283	238
	4379	4397
	284	239
	4380	4397
	286	241
	4382	4398
	287	242
	288	243
	4385	4404
	4386	4405
	4387	4406
	4388	4407
	294	393
	295	394
	4391	4413
	296	395
	297	396
	4393	4414
	4394	4415
	300	402
	4396	4416
	301	403
	4397	4417
	4398	4418
	4399	4419
	304	409
	305	410
	4401	4420
	4402	4421
	4403	4423
	308	416
	4404	4425
	309	417
	4406	4427
	4407	4428
	312	423
	4408	4429
	4409	4430
	4410	4431
	4411	4432
	316	430
	4412	4433
	4413	4434
	4414	4435
	4415	4436
	320	437
	4416	4437
	4417	4438
	324	445
	325	446
	4421	4441
	326	447
	4422	4443
	4423	4446
	4424	4446
	4425	4446
	330	454
	331	455
	4427	4447
	334	461
	335	462
	336	463
	338	465
	341	471
	342	472
	343	473
	345	475
	348	481
	349	482
	350	483
	351	484
	353	486
	356	492
	358	492
	359	492
	360	492
	365	501
	368	501
	369	501
	374	508
	375	508
	376	508
	380	515
	381	516
	382	517
	383	517
	385	518
	388	524
	389	525
	390	525
	392	526
	395	532
	396	532
	397	532
	398	532
	399	532
	400	533
	401	534
	402	535
	403	536
	408	538
	409	539
	412	545
	413	546
	414	546
	415	546
	416	546
	418	547
	419	548
	420	549
	421	550
	422	551
	423	552
	425	553
	426	554
	427	555
	428	556
	430	557
	431	558
	432	559
	433	560
	438	578
	439	579
	440	580
	442	583
	443	584
	444	585
	445	586
	447	587
	448	588
	449	589
	450	590
	452	591
	453	592
	454	593
	455	594
	457	595
	458	596
	459	597
	460	598
	463	599
	464	600
	465	601
	466	602
	468	603
	469	604
	470	605
	471	606
	473	607
	474	608
	475	609
	476	610
	478	611
	479	612
	480	613
	481	614
	486	624
	487	625
	488	626
	489	627
	490	628
	491	629
	495	636
	496	637
	497	638
	498	639
	499	640
	500	641
	504	648
	505	649
	507	650
	508	651
	509	652
	510	653
	512	654
	513	655
	514	656
	515	657
	519	666
	520	667
	521	668
	522	669
	523	670
	524	671
	525	672
	527	674
	528	675
	532	682
	533	683
	534	684
	535	685
	536	686
	537	687
	538	688
	539	689
	540	690
	541	691
	542	692
	543	693
	544	694
	545	695
	546	696
	547	697
	548	698
	549	699
	550	700
	551	701
	552	702
	553	703
	554	704
	555	705
	556	706
	557	707
	558	708
	559	709
	560	710
	561	711
	562	712
	563	713
	564	714
	565	715
	566	716
	567	717
	568	718
	569	719
	570	720
	571	721
	572	722
	573	723
	574	724
	579	734
	580	735
	581	736
	582	737
	583	738
	584	739
	585	740
	586	741
	587	742
	588	743
	589	744
	590	745
	591	746
	592	747
	593	748
	594	749
	595	750
	596	751
	597	752
	602	760
	603	761
	604	762
	605	763
	606	764
	607	765
	608	766
	609	767
	610	768
	611	769
	612	770
	613	771
	614	772
	615	773
	616	774
	617	775
	618	776
	619	777
	620	778
	625	786
	626	787
	627	788
	628	789
	629	790
	630	791
	631	792
	632	793
	633	794
	634	795
	635	796
	640	806
	641	807
	642	808
	643	809
	644	810
	645	811
	646	812
	647	813
	648	814
	649	815
	650	816
	651	817
	652	818
	653	819
	654	820
	655	821
	656	822
	657	823
	658	824
	673	842
	674	843
	675	844
	676	845
	677	846
	678	847
	679	848
	680	849
	681	850
	682	851
	683	852
	684	853
	685	854
	686	855
	687	856
	688	857
	689	858
	690	859
	691	860
	692	861
	693	862
	694	863
	695	864
	696	865
	697	866
	698	867
	699	868
	700	869
	701	870
	702	871
	703	872
	704	873
	705	874
	706	875
	707	876
	712	884
	716	891
	717	891
	718	891
	719	891
	723	900
	724	901
	725	902
	727	903
	728	904
	729	904
	730	904
	731	904
	732	904
	737	911
	741	918
	742	918
	744	919
	747	925
	748	926
	749	926
	751	927
	754	933
	755	934
	756	934
	757	934
	759	935
	762	943
	763	944
	764	945
	765	946
	766	947
	767	948
	772	958
	773	959
	774	960
	775	960
	777	961
	780	967
	781	968
	782	969
	783	970
	784	971
	785	972
	786	974
	787	975
	788	976
	789	977
	790	978
	791	979
	792	980
	793	981
	794	982
	795	983
	796	984
	797	985
	798	986
	801	989
	804	997
	805	996
	806	996
	807	998
	811	1007
	815	1014
	816	1014
	820	1021
	821	1022
	822	1022
	823	1022
	824	1022
	825	1022
	830	1029
	831	1030
	834	1036
	835	1036
	837	1037
	840	1040
	841	1041
	842	1041
	844	1042
	845	1043
	848	1046
	850	1047
	851	1048
	852	1049
	855	1055
	856	1056
	857	1057
	884	4464
	888	4465
	890	4462
	891	4466
	892	4467
	895	4470
	896	4471
	897	4472
	899	4478
	901	4481
	905	4485
	906	4486
	907	4487
	908	4488
	909	4489
	913	4493
	914	4494
	915	4495
	917	4496
	918	4497
	919	4498
	923	4502
	924	4503
	925	4504
	926	4505
	928	4506
	929	4507
	930	4508
	934	4512
	936	4513
	937	4514
	938	4515
	939	4516
	940	4517
	941	4518
	943	4519
	944	4520
	945	4521
	949	4525
	950	4526
	951	4527
	953	4528
	954	4529
	955	4530
	959	4534
	961	4535
	962	4537
	963	4540
	964	4543
	965	4545
	966	4546
	970	4550
	971	4551
	972	4553
	973	4556
	974	4558
	975	4559
	979	4563
	980	4564
	981	4565
	982	4566
	986	4570
	987	4571
	989	4574
	990	4574
	991	4575
	993	4577
	994	4580
	995	4583
	996	4586
	997	4588
	999	4589
	1000	4590
	1001	4592
	1002	4592
	1003	4592
	1006	4593
	1007	4594
	1011	4599
	1015	4603
	1019	4608
	1020	4608
	1021	4609
	1023	4612
	1025	4615
	1026	4618
	1027	4621
	1028	4624
	1029	4628
	1030	4632
	1031	4636
	1032	4640
	1035	4644
	1036	4645
	1037	4647
	1038	4647
	1039	4647
	1042	4648
	1043	4649
	1047	4653
	1048	4654
	1050	4656
	1051	4657
	1053	4658
	1054	4660
	1055	4661
	1059	4666
	1060	4667
	1061	4668
	1063	4669
	1064	4670
	1065	4671
	1069	4675
	1070	4676
	1071	4677
	1072	4678
	1076	4682
	1077	4683
	1078	4684
	1079	4685
	1083	4689
	1084	4690
	1088	4694
	1089	4695
	1091	4697
	1093	4699
	1096	4702
	1100	4706
	1101	4707
	1102	4710
	1103	4711
	1104	4718
	1106	4712
	1107	4714
	1108	4715
	1110	4718
	1111	4720
	1116	1063
	1117	1064
	1121	1071
	1122	1072
	1123	1073
	1124	1074
	1125	1075
	1126	1076
	1127	1077
	1128	1078
	1129	1079
	1131	1080
	1132	1081
	1133	1085
	1136	1091
	1137	1092
	1138	1093
	1139	1094
	1140	1095
	1141	1096
	1142	1097
	1143	1098
	1145	1099
	1146	1100
	1147	1104
	1150	1110
	1151	1111
	1152	1112
	1153	1113
	1155	1114
	1156	1115
	1157	1116
	1160	1122
	1161	1123
	1162	1124
	1163	1125
	1165	1126
	1166	1127
	1167	1128
	1170	1134
	1171	1135
	1172	1136
	1174	1137
	1175	1138
	1176	1139
	1179	1142
	1180	1143
	1181	1144
	1183	1146
	1184	1147
	1185	1148
	1186	1149
	1187	1150
	1188	1151
	1189	1152
	1190	1153
	1192	1155
	1194	1157
	1199	4783
	1200	4785
	1201	4786
	1204	4789
	1205	4790
	1206	4791
	1207	4792
	1208	4793
	1212	4797
	1213	4798
	1214	4799
	1215	4800
	1219	4804
	1220	4806
	1221	4808
	1222	4810
	1223	4811
	1227	4815
	1228	4817
	1229	4818
	1234	1163
	1238	1170
	1239	1171
	1242	1177
	1243	1178
	1256	4747
	1257	4748
	1258	4749
	1259	4750
	1262	4753
	1266	4757
	1270	4761
	1271	4762
	1272	4763
	1274	4764
	1279	4768
	1283	4772
	1288	1184
	1289	1185
	1290	1186
	1293	1192
	1294	1193
	1295	1194
	1298	1200
	1299	1201
	1300	1202
	1303	1208
	1304	1209
	1305	1210
	1308	1216
	1309	1217
	1312	1219
	1313	1220
	1314	1220
	1315	1220
	1316	1220
	1317	1221
	1318	1222
	1319	1223
	1323	1226
	1326	1232
	1327	1233
	1328	1234
	1331	1240
	1333	1241
	1334	1242
	1335	1243
	1336	1244
	1339	1250
	1341	1251
	1342	1252
	1344	1253
	1345	1254
	1347	1255
	1348	1256
	1351	1262
	1352	1263
	1353	1264
	1355	1265
	1356	1267
	1357	1268
	1358	1269
	1359	1271
	1360	1272
	1361	1273
	1362	1274
	1365	1278
	1366	1279
	1367	1280
	1368	1281
	1369	1282
	1372	1285
	1375	1288
	1376	1289
	1377	1290
	1378	1291
	1379	1292
	1380	1293
	1383	1296
	1385	1297
	1387	1299
	1388	1300
	1389	1301
	1390	1301
	1391	1302
	1392	1303
	1394	1304
	1398	1309
	1401	1324
	1402	1325
	1404	1326
	1405	1327
	1407	1328
	1408	1329
	1409	1330
	1412	1336
	1413	1337
	1414	1338
	1415	1339
	1418	1345
	1419	1346
	1420	1347
	1423	1353
	1424	1354
	1425	1355
	1426	1356
	1429	1359
	1430	1360
	1431	1362
	1432	1364
	1433	1365
	1436	1368
	1437	1369
	1438	1370
	1439	1371
	1442	1374
	1443	1375
	1444	1377
	1445	1378
	1446	1379
	1447	1379
	1448	1379
	1449	1379
	1451	1380
	1453	1382
	1456	1389
	1457	1390
	1458	1391
	1459	1391
	1460	1391
	1461	1391
	1464	1393
	1467	1399
	1468	1400
	1470	1401
	1471	1402
	1472	1403
	1473	1404
	1475	1405
	1476	1407
	1477	1408
	1478	1409
	1479	1410
	1480	1411
	1481	1412
	1483	1413
	1484	1414
	1485	1415
	1486	1416
	1488	1417
	1489	1418
	1490	1419
	1491	1420
	1494	1423
	1497	1429
	1498	1430
	1499	1431
	1501	1432
	1502	1433
	1503	1434
	1505	1435
	1506	1437
	1507	1438
	1508	1439
	1509	1439
	1510	1440
	1511	1441
	1512	1442
	1513	1443
	1514	1444
	1515	1445
	1516	1446
	1517	1447
	1521	1451
	1524	1457
	1525	1458
	1526	1459
	1529	1465
	1530	1466
	1531	1467
	1535	1473
	1540	1477
	1541	1478
	1544	1484
	1545	1485
	1548	1491
	1551	1492
	1552	1493
	1553	1494
	1556	1500
	1557	1501
	1558	1502
	1559	1503
	1560	1504
	1561	1505
	1562	1516
	1565	1522
	1566	1523
	1567	1524
	1568	1525
	1569	1526
	1570	1527
	1571	1538
	1578	1555
	1579	1556
	1580	1557
	1581	1557
	1582	1557
	1585	1558
	1586	1558
	1587	1558
	1588	1558
	1590	1559
	1591	1559
	1592	1559
	1593	1559
	1595	1560
	1596	1560
	1597	1560
	1598	1560
	1600	1561
	1601	1561
	1602	1561
	1605	1562
	1606	1562
	1607	1562
	1608	1562
	1610	1563
	1611	1563
	1612	1563
	1613	1563
	1615	1564
	1616	1564
	1617	1564
	1618	1564
	1620	1565
	1621	1565
	1622	1565
	1625	1566
	1626	1566
	1627	1566
	1628	1566
	1630	1567
	1631	1567
	1632	1567
	1633	1567
	1635	1568
	1636	1568
	1637	1568
	1638	1568
	1640	1569
	1641	1569
	1642	1569
	1645	1570
	1646	1570
	1647	1570
	1648	1570
	1650	1571
	1651	1571
	1652	1571
	1653	1571
	1655	1572
	1656	1572
	1657	1572
	1658	1572
	1661	1574
	1664	1580
	1665	1581
	1666	1582
	1667	1582
	1670	1584
	1673	1590
	1674	1591
	1675	1592
	1676	1592
	1677	1592
	1680	1594
	1683	1600
	1685	1601
	1686	1602
	1687	1603
	1688	1604
	1689	1605
	1690	1606
	1692	1607
	1693	1608
	1695	1610
	1696	1611
	1697	1612
	1698	1613
	1699	1614
	1700	1615
	1701	1616
	1703	1617
	1704	1618
	1705	1619
	1706	1620
	1708	1622
	1711	1628
	1713	1629
	1714	1631
	1716	1634
	1717	1635
	1718	1636
	1719	1637
	1721	1639
	1724	1645
	1725	1646
	1726	1646
	1727	1646
	1729	1647
	1732	1653
	1733	1655
	1734	1657
	1735	1658
	1739	1665
	1740	1666
	1741	1667
	1742	1668
	1743	1670
	1744	1674
	1746	1678
	1749	1681
	1751	1682
	1752	1686
	1753	1690
	1754	1691
	1755	1692
	1756	1692
	1757	1692
	1758	1692
	1760	1693
	1762	1695
	1765	1703
	1766	1703
	1767	1704
	1768	1705
	1773	1713
	1774	1714
	1776	1715
	1777	1716
	1779	1720
	1781	1720
	1782	1720
	1783	1720
	1787	1723
	1788	1724
	1789	1725
	1790	1726
	1792	1728
	1795	1734
	1797	1735
	1798	1736
	1801	1738
	1802	1740
	1803	1741
	1804	1742
	1805	1743
	1806	1744
	1807	1746
	1808	1749
	1812	1757
	1815	1760
	1816	1761
	1817	1762
	1818	1763
	1820	1764
	1821	1766
	1822	1767
	1823	1768
	1824	1769
	1825	1770
	1826	1771
	1827	1772
	1828	1773
	1830	1774
	1831	1775
	1832	1776
	1833	1777
	1835	1778
	1836	1779
	1837	1780
	1838	1781
	1840	1782
	1841	1783
	1842	1784
	1843	1785
	1846	1788
	1849	1792
	1850	1793
	1851	1794
	1852	1795
	1853	1796
	1854	1797
	1855	1798
	1856	1799
	1858	1800
	1859	1801
	1860	1802
	1861	1803
	1863	1804
	1864	1805
	1865	1806
	1866	1807
	1869	1810
	1872	1816
	1874	1817
	1875	1819
	1877	1822
	1878	1823
	1879	1823
	1880	1823
	1882	1825
	1885	1831
	1887	1833
	1888	1834
	1890	1835
	1891	1837
	1892	1838
	1893	1839
	1894	1840
	1897	1843
	1900	1849
	1901	1850
	1902	1851
	1906	1858
	1907	1859
	1909	1861
	1911	1864
	1912	1865
	1915	1868
	1916	1869
	1917	1870
	1918	1871
	1921	1874
	1922	1876
	1923	1877
	1924	1878
	1925	1879
	1926	1880
	1927	1881
	1928	1882
	1929	1883
	1930	1884
	1931	1885
	1932	1886
	1933	1887
	1934	1888
	1935	1889
	1936	1890
	1937	1891
	1938	1892
	1939	1893
	1940	1894
	1941	1895
	1942	1896
	1944	1898
	1946	1900
	1947	1901
	1948	1901
	1949	1902
	1951	1904
	1952	1905
	1953	1905
	1954	1906
	1956	1908
	1957	1909
	1958	1909
	1959	1910
	1961	1912
	1962	1913
	1963	1913
	1964	1914
	1966	1916
	1967	1917
	1968	1917
	1970	1919
	1971	1920
	1972	1921
	1974	1923
	1975	1924
	1976	1925
	1978	1927
	1979	1928
	1980	1929
	1983	1932
	1986	1935
	1987	1937
	1988	1938
	1989	1939
	1990	1940
	1991	1941
	1992	1942
	1993	1943
	1994	1944
	1996	1946
	1998	1948
	2001	1951
	2002	1952
	2003	1953
	2004	1953
	2006	1955
	2007	1956
	2008	1958
	2009	1960
	2010	1961
	2011	1963
	2014	1966
	2015	1968
	2016	1969
	2017	1970
	2018	1971
	2019	1972
	2020	1973
	2022	1974
	2023	1975
	2024	1976
	2026	1978
	2029	1984
	2030	1985
	2032	1987
	2033	1988
	2034	1989
	2035	1990
	2036	1991
	2037	1992
	2038	1993
	2039	1994
	2041	1995
	2042	1996
	2043	1997
	2044	1998
	2045	1999
	2046	2000
	2049	2002
	2050	2003
	2053	2006
	2054	2008
	2055	2009
	2056	2010
	2057	2011
	2058	2012
	2059	2013
	2060	2014
	2061	2015
	2062	2016
	2063	2017
	2064	2018
	2067	2021
	2070	2025
	2071	2025
	2072	2026
	2073	2027
	2074	2028
	2075	2029
	2076	2030
	2077	2031
	2079	2032
	2080	2034
	2083	2038
	2084	2038
	2085	2039
	2086	2040
	2087	2041
	2088	2042
	2089	2043
	2090	2044
	2092	2045
	2093	2047
	2096	2053
	2097	2054
	2098	2055
	2101	2058
	2103	2059
	2105	2060
	2106	2061
	2107	2062
	2110	2069
	2111	2071
	2112	2071
	2113	2071
	2115	2072
	2118	2075
	2119	2076
	2121	2077
	2123	2088
	2124	2089
	2125	2090
	2126	2091
	2127	2093
	2128	2100
	2129	2107
	2133	2116
	2134	2117
	2135	2118
	2136	2119
	2137	2121
	2138	2130
	2139	2139
	2142	2147
	2145	2150
	2146	2151
	2147	2153
	2149	2156
	2150	2156
	2151	2156
	2153	2157
	2156	2160
	2157	2161
	2158	2162
	2159	2163
	2161	2165
	2162	2166
	2163	2167
	2164	2168
	2165	2169
	2166	2170
	2167	2171
	2168	2172
	2170	2174
	2171	2174
	2172	2174
	2175	2176
	2178	2183
	2179	2183
	2180	2184
	2181	2185
	2183	2187
	2184	2187
	2185	2188
	2187	2189
	2188	2190
	2190	2192
	2191	2193
	2192	2194
	2193	2195
	2194	2196
	2195	2197
	2197	2198
	2198	2199
	2199	2200
	2200	2201
	2204	2204
	2207	2207
	2208	2208
	2210	2210
	2211	2211
	2212	2212
	2213	2212
	2214	2212
	2215	2212
	2217	2213
	2221	2215
	2224	2218
	2225	2219
	2226	2220
	2227	2221
	2228	2222
	2230	2223
	2231	2224
	2232	2225
	2233	2226
	2235	2228
	2236	2229
	2237	2230
	2238	2231
	2239	2232
	2240	2233
	2241	2234
	2242	2235
	2244	2236
	2245	2238
	2253	2240
	2254	2243
	2255	2245
	2256	2246
	2257	2247
	2258	2248
	2262	2253
	2263	2256
	2264	2258
	2265	2259
	2266	2260
	2267	2261
	2271	2266
	2272	2269
	2273	2271
	2274	2272
	2275	2273
	2276	2274
	2280	2279
	2281	2282
	2282	2284
	2283	2285
	2284	2286
	2285	2287
	2289	2292
	2290	2295
	2291	2297
	2292	2298
	2293	2299
	2294	2300
	2298	2306
	2301	2310
	2302	2311
	2303	2312
	2304	2313
	2305	2314
	2306	2315
	2307	2316
	2308	2317
	2309	2318
	2310	2319
	2311	2320
	2313	2322
	2316	2328
	2317	2329
	2318	2330
	2319	2331
	2321	2332
	2322	2333
	2325	2341
	2326	2342
	2327	2342
	2328	2342
	2329	2343
	2330	2344
	2332	2346
	2338	2355
	2339	2356
	2340	2357
	2341	2358
	2343	2359
	2344	2360
	2345	2361
	2348	2367
	2349	2368
	2350	2368
	2351	2368
	2353	2369
	2356	2372
	2357	2373
	2358	2374
	2359	2375
	2360	2376
	2363	2383
	2364	2386
	2365	2387
	2367	2390
	2368	2391
	2370	2394
	2371	2394
	2372	2394
	2374	2395
	2377	2401
	2378	2402
	2379	2403
	2383	2411
	2384	2411
	2385	2412
	2386	2413
	2388	2414
	2389	2415
	2392	2418
	2393	2420
	2394	2423
	2396	2426
	2397	2427
	2398	2428
	2399	2429
	2400	2430
	2401	2432
	2404	2440
	2407	2447
	2408	2447
	2409	2447
	2411	2448
	2414	2454
	2415	2455
	2417	2457
	2418	2457
	2419	2457
	2420	2457
	2422	2459
	2423	2460
	2424	2460
	2425	2460
	2427	2462
	2428	2463
	2431	2467
	2432	2470
	2434	2472
	2435	2474
	2437	2477
	2438	2477
	2439	2477
	2441	2478
	2444	2484
	2445	2485
	2446	2486
	2451	2494
	2452	2495
	2453	2496
	2455	2497
	2456	2498
	2461	2506
	2462	2507
	2463	2508
	2464	2509
	2465	2510
	2470	2515
	2471	2516
	2472	2517
	2473	2518
	2474	2519
	2475	2520
	2476	2521
	2477	2522
	2478	2523
	2480	2525
	2481	2526
	2482	2527
	2486	2528
	2487	2528
	2490	2529
	2491	2529
	2492	2529
	2494	2530
	2495	2530
	2496	2530
	2498	2531
	2499	2531
	2500	2531
	2502	2532
	2503	2532
	2507	2534
	2510	2537
	2511	2538
	2513	2540
	2514	2541
	2515	2542
	2516	2543
	2517	2544
	2518	2545
	2519	2546
	2521	2548
	2524	2554
	2525	2555
	2527	2556
	2528	2557
	2529	2557
	2530	2557
	2532	2558
	2535	2564
	2536	2565
	2538	2566
	2539	2567
	2540	2569
	2541	2569
	2542	2569
	2544	2571
	2545	2571
	2546	2571
	2548	2572
	2551	2578
	2552	2579
	2553	2580
	2554	2581
	2557	2585
	2558	2587
	2559	2588
	2560	2589
	2563	2592
	2565	2593
	2567	2594
	2568	2596
	2569	2597
	2570	2598
	2571	2599
	2572	2600
	2573	2600
	2574	2600
	2575	2600
	2579	2603
	2582	2607
	2583	2608
	2584	2609
	2585	2610
	2586	2611
	2587	2612
	2588	2613
	2589	2614
	2592	2617
	2595	2620
	2596	2622
	2597	2622
	2598	2623
	2599	2624
	2600	2625
	2602	2626
	2604	2627
	2605	2628
	2606	2629
	2608	2632
	2609	2635
	2611	2638
	2612	2641
	2613	2642
	2616	2649
	2617	2649
	2618	2649
	2619	2649
	2620	2649
	2621	2649
	2624	2650
	2627	2653
	2628	2655
	2629	2656
	2630	2657
	2631	2658
	2632	2659
	2633	2660
	2634	2661
	2636	2663
	2638	2665
	2641	2668
	2642	2669
	2643	2669
	2645	2670
	2648	2676
	2649	2677
	2650	2678
	2652	2679
	2653	2679
	2654	2679
	2656	2680
	2659	2683
	2660	2684
	2662	2685
	2663	2687
	2664	2688
	2665	2689
	2666	2690
	2667	2691
	2668	2692
	2669	2693
	2670	2694
	2671	2695
	2675	2698
	2678	2704
	2679	2705
	2680	2706
	2681	2707
	2684	2713
	2685	2714
	2687	2716
	2688	2717
	2689	2718
	2690	2719
	2691	2720
	2692	2721
	2694	2723
	2695	2724
	2698	2730
	2699	2731
	2700	2732
	2701	2733
	2702	2734
	2703	2735
	2704	2736
	2706	2737
	2707	2738
	2709	2739
	2710	2740
	2711	2741
	2714	2755
	2715	2756
	2716	2757
	2717	2758
	2718	2759
	2719	2760
	2721	2762
	2722	2763
	2723	2764
	2724	2765
	2725	2766
	2726	2767
	2727	2768
	2728	2769
	2729	2770
	2732	2773
	2733	2774
	2734	2775
	2735	2776
	2736	2777
	2737	2778
	2740	2781
	2741	2782
	2742	2783
	2743	2784
	2744	2785
	2745	2786
	2746	2787
	2748	2789
	2749	2790
	2750	2791
	2751	2792
	2752	2793
	2753	2794
	2756	2797
	2757	2798
	2758	2799
	2759	2800
	2760	2801
	2761	2802
	2762	2803
	2764	2805
	2765	2806
	2766	2807
	2767	2808
	2769	2810
	2772	2817
	2773	2817
	2774	2817
	2776	2818
	2779	2821
	2780	2822
	2782	2823
	2783	2825
	2784	2826
	2785	2827
	2786	2827
	2788	2828
	2789	2829
	2790	2830
	2791	2831
	2792	2832
	2793	2833
	2795	2834
	2796	2835
	2797	2836
	2798	2837
	2800	2838
	2801	2839
	2802	2840
	2803	2841
	2806	2844
	2809	2847
	2810	2848
	2811	2849
	2812	2850
	2813	2850
	2815	2851
	2818	2854
	2819	2855
	2820	2856
	2823	2860
	2824	2861
	2825	2862
	2826	2863
	2827	2864
	2828	2865
	2831	2868
	2834	2871
	2835	2873
	2836	2874
	2837	2876
	2839	2878
	2840	2879
	2841	2880
	2843	2881
	2844	2882
	2845	2883
	2846	2884
	2848	2885
	2849	2886
	2850	2887
	2851	2888
	2853	2889
	2854	2890
	2855	2891
	2856	2892
	2860	2896
	2863	2899
	2864	2900
	2866	2902
	2867	2902
	2868	2902
	2869	2902
	2871	2903
	2874	2907
	2875	2907
	2876	2908
	2878	2909
	2879	2910
	2881	2911
	2882	2912
	2884	2913
	2886	2914
	2887	2915
	2889	2916
	2890	2918
	2892	2920
	2893	2921
	2894	2922
	2897	2928
	2898	2930
	2899	2930
	2900	2930
	2901	2930
	2903	2931
	2906	2935
	2907	2935
	2908	2936
	2910	2937
	2911	2938
	2913	2940
	2914	2941
	2915	2942
	2916	2943
	2917	2944
	2918	2946
	2919	2949
	2920	2954
	2922	2959
	2926	2961
	2929	2964
	2930	2965
	2931	2966
	2932	2967
	2933	2968
	2934	2969
	2935	2970
	2937	2971
	2938	2972
	2939	2973
	2940	2975
	2941	2978
	2942	2981
	2943	2984
	2945	2986
	2947	2988
	2948	2989
	2949	2990
	2950	2990
	2951	2991
	2952	2992
	2954	2993
	2955	2994
	2959	2999
	2962	3002
	2963	3003
	2964	3004
	2965	3005
	2966	3006
	2968	3007
	2969	3008
	2970	3009
	2971	3010
	2972	3011
	2974	3012
	2975	3013
	2976	3014
	2977	3016
	2979	3018
	2980	3019
	2981	3020
	2982	3022
	2984	3024
	2985	3026
	2986	3026
	2987	3026
	2988	3026
	2989	3027
	2990	3028
	2991	3029
	2992	3030
	2993	3031
	2996	3034
	2998	3035
	3001	3038
	3002	3039
	3003	3040
	3004	3041
	3005	3043
	3006	3044
	3007	3045
	3008	3046
	3009	3047
	3012	3050
	3015	3053
	3016	3054
	3017	3055
	3018	3056
	3019	3058
	3020	3059
	3021	3060
	3022	3061
	3023	3062
	3025	3064
	3027	3066
	3030	3069
	3031	3070
	3032	3072
	3034	3074
	3035	3076
	3036	3077
	3037	3078
	3039	3080
	3042	3083
	3043	3084
	3044	3085
	3045	3086
	3046	3088
	3047	3088
	3048	3088
	3050	3089
	3053	3092
	3054	3093
	3056	3095
	3057	3095
	3058	3095
	3061	3096
	3062	3097
	3064	3099
	3065	3099
	3066	3099
	3068	3100
	3071	3103
	3072	3104
	3074	3105
	3075	3105
	3076	3105
	3078	3106
	3081	3112
	3083	3113
	3085	3115
	3086	3115
	3087	3115
	3089	3116
	3090	3117
	3093	3120
	3094	3121
	3096	3122
	3097	3123
	3099	3125
	3100	3125
	3101	3125
	3104	3126
	3105	3127
	3107	3129
	3108	3130
	3109	3131
	3110	3132
	3112	3134
	3113	3135
	3116	3138
	3117	3140
	3118	3141
	3119	3142
	3120	3143
	3121	3143
	3122	3144
	3123	3145
	3124	3146
	3125	3147
	3127	3150
	3128	3151
	3130	3154
	3133	3157
	3135	3159
	3138	3162
	3140	3164
	3141	3165
	3142	3166
	3143	3167
	3144	3168
	3145	3169
	3146	3170
	3147	3171
	3149	3172
	3150	3173
	3151	3174
	3152	3175
	3156	3178
	3159	3181
	3160	3182
	3162	3184
	3163	3185
	3164	3186
	3165	3187
	3166	3188
	3170	3191
	3171	3192
	3172	3193
	3175	3197
	3176	3198
	3177	3198
	3179	3200
	3182	3203
	3183	3204
	3185	3206
	3186	3207
	3187	3208
	3188	3209
	3189	3212
	3192	3217
	3195	3220
	3196	3222
	3197	3223
	3200	3227
	3201	3228
	3202	3229
	3203	3229
	3204	3229
	3208	3234
	3210	3236
	3211	3237
	3212	3239
	3213	3241
	3214	3243
	3217	3247
	3220	3250
	3221	3252
	3222	3253
	3223	3254
	3224	3255
	3225	3256
	3226	3256
	3230	3259
	3233	3262
	3234	3264
	3235	3265
	3236	3266
	3237	3267
	3239	3270
	3242	3271
	3243	3272
	3244	3273
	3245	3274
	3248	3275
	3249	3276
	3250	3277
	3251	3278
	3252	3279
	3253	3280
	3256	3281
	3257	3282
	3258	3283
	3259	3284
	3262	3285
	3265	3286
	3268	3287
	3269	3288
	3270	3289
	3271	3290
	3274	3291
	3275	3292
	3276	3293
	3277	3294
	3278	3295
	3279	3296
	3282	3297
	3283	3298
	3284	3299
	3285	3300
	3288	3301
	3291	3304
	3294	3307
	3295	3309
	3296	3310
	3297	3311
	3298	3312
	3299	3314
	3301	3317
	3303	3319
	3306	3327
	3308	3329
	3310	3332
	3312	3335
	3314	3338
	3315	3340
	3320	3348
	3321	3349
	3323	3350
	3325	3351
	3326	3352
	3331	3357
	3332	3359
	3333	3360
	3334	3361
	3335	3362
	3336	3363
	3339	3366
	3342	3369
	3343	3370
	3345	3371
	3346	3372
	3347	3372
	3348	3373
	3349	3374
	3350	3375
	3351	3376
	3352	3372
	3354	3378
	3355	3379
	3358	3382
	3359	3383
	3360	3384
	3361	3384
	3362	3385
	3364	3387
	3367	3390
	3369	3391
	3370	3391
	3371	3391
	3372	3391
	3373	3392
	3374	3392
	3375	3393
	3376	3394
	3377	3395
	3378	3392
	3380	3397
	3381	3398
	3385	3400
	3388	3406
	3389	3407
	3390	3408
	3393	3414
	3394	3415
	3395	3416
	3410	3422
	3411	3423
	3412	3424
	3413	3425
	3414	3426
	3416	3428
	3417	3429
	3421	3436
	3423	3437
	3424	3438
	3426	3439
	3428	3440
	3429	3441
	3430	3442
	3431	3443
	3432	3444
	3434	3445
	3435	3446
	3438	3452
	3440	3453
	3441	3454
	3443	3455
	3444	3459
	3445	3465
	3447	3468
	3448	3469
	3449	3470
	3450	3471
	3451	3472
	3452	3473
	3453	3474
	3454	3475
	3456	3476
	3457	3477
	3460	3483
	3461	3484
	3462	3484
	3463	3484
	3464	3484
	3465	3484
	3466	3485
	3467	3486
	3468	3487
	3472	3489
	3475	3492
	3476	3494
	3477	3494
	3478	3495
	3479	3496
	3481	3498
	3482	3498
	3483	3499
	3484	3500
	3486	3501
	3487	3502
	3488	3503
	3490	3505
	3491	3506
	3492	3507
	3493	3507
	3494	3507
	3497	3509
	3498	3510
	3501	3517
	3502	3519
	3504	3520
	3505	3521
	3507	3522
	3508	3523
	3509	3524
	3510	3525
	3512	3526
	3513	3527
	3514	3528
	3517	3541
	3518	3542
	3519	3542
	3520	3543
	3523	3549
	3524	3549
	3525	3549
	3526	3549
	3527	3549
	3528	3550
	3529	3551
	3530	3552
	3531	3553
	3532	3554
	3533	3555
	3536	3561
	3537	3562
	3538	3563
	3541	3565
	3542	3566
	3543	3566
	3544	3566
	3548	3571
	3549	3572
	3550	3573
	3552	3574
	3553	3575
	3554	3576
	3555	3577
	3556	3578
	3558	3579
	3559	3580
	3560	3581
	3561	3582
	3564	3588
	3565	3589
	3566	3590
	3567	3591
	3568	3592
	3569	3593
	3570	3594
	3571	3596
	3572	3597
	3573	3598
	3574	3599
	3575	3600
	3576	3601
	3577	3602
	3585	3615
	3586	3616
	3587	3617
	3588	3620
	3590	3623
	3593	3624
	3595	3624
	3598	3625
	3600	3627
	3603	3630
	3604	3631
	3605	3632
	3606	3633
	3609	3639
	3611	3640
	3612	3641
	3613	3642
	3614	3643
	3615	3644
	3616	3645
	3618	3646
	3619	3647
	3622	3653
	3623	3654
	3624	3655
	3627	3658
	3628	3659
	3629	3660
	3630	3661
	3631	3661
	3633	3662
	3634	3663
	3637	3666
	3638	3667
	3639	3668
	3640	3669
	3641	3669
	3643	3670
	3644	3671
	3647	3677
	3648	3678
	3649	3679
	3650	3680
	3651	3681
	3654	3684
	3655	3685
	3656	3686
	3657	3687
	3658	3689
	3659	3691
	3660	3691
	3661	3692
	3662	3693
	3663	3694
	3666	3698
	3667	3699
	3668	3700
	3669	3700
	3670	3700
	3673	3702
	3674	3703
	3677	3709
	3678	3710
	3679	3711
	3680	3712
	3681	3713
	3682	3714
	3683	3715
	3684	3716
	3685	3717
	3686	3718
	3687	3719
	3688	3720
	3689	3721
	3694	3727
	3695	3728
	3696	3729
	3697	3730
	3698	3732
	3699	3732
	3700	3733
	3701	3734
	3703	3735
	3705	3736
	3706	3737
	3708	3738
	3710	3740
	3711	3741
	3712	3742
	3713	3742
	3714	3742
	3717	3744
	3720	3747
	3721	3748
	3722	3749
	3723	3750
	3724	3751
	3725	3752
	3726	3753
	3727	3754
	3730	3760
	3731	3761
	3732	3762
	3734	3763
	3735	3764
	3737	3766
	3739	3768
	3742	3771
	3743	3772
	3744	3773
	3745	3774
	3746	3775
	3747	3776
	3748	3777
	3751	3778
	3752	3779
	3755	3782
	3756	3783
	3757	3784
	3758	3785
	3759	3786
	3762	3793
	3763	3795
	3764	3796
	3765	3800
	3773	3803
	3777	3804
	3778	3806
	3779	3808
	3780	3810
	3781	3814
	3784	3820
	3785	3821
	3786	3822
	3787	3823
	3788	3824
	3789	3825
	3790	3826
	3791	3827
	3792	3834
	3795	3840
	3797	3841
	3798	3842
	3799	3843
	3801	3844
	3802	3845
	3803	3846
	3808	3848
	3810	3850
	3813	3856
	3814	3857
	3817	3860
	3818	3861
	3819	3862
	3820	3863
	3823	3866
	3824	3868
	3825	3874
	3826	3875
	3827	3877
	3830	3883
	3831	3884
	3832	3885
	3833	3886
	3834	3887
	3835	3888
	3837	3889
	3838	3890
	3839	3891
	3840	3892
	3841	3893
	3844	3901
	3845	3902
	3846	3903
	3847	3904
	3850	3907
	3851	3909
	3852	3909
	3855	3916
	3856	3912
	3857	3913
	3858	3914
	3859	3915
	3862	3917
	3863	3918
	3864	3919
	3865	3920
	3867	3921
	3868	3922
	3869	3923
	3870	3924
	3871	3925
	3872	3926
	3873	3927
	3874	3928
	3875	3929
	3876	3930
	3877	3931
	3878	3932
	3879	3933
	3880	3934
	3881	3935
	3882	3936
	3884	3937
	3886	3938
	3887	3939
	3889	3940
	3890	3941
	3891	3942
	3892	3943
	3893	3944
	3894	3945
	3895	3946
	3896	3947
	3897	3948
	3898	3949
	3899	3950
	3900	3951
	3901	3952
	3902	3953
	3903	3954
	3904	3955
	3905	3956
	3906	3957
	3908	3958
	3909	3959
	3910	3960
	3911	3961
	3912	3962
	3913	3963
	3915	3964
	3916	3965
	3917	3966
	3918	3967
	3919	3968
	3920	3969
	3921	3970
	3922	3971
	3923	3972
	3924	3973
	3925	3974
	3926	3975
	3927	3976
	3928	3977
	3929	3978
	3930	3979
	3931	3980
	3932	3981
	3933	3982
	3934	3983
	3935	3984
	3936	3985
	3937	3986
	3938	3987
	3939	3988
	3940	3989
	3941	3990
	3943	3991
	3944	3992
	3945	3993
	3946	3994
	3947	3995
	3948	3996
	3949	3997
	3950	3998
	3951	3999
	3952	4000
	3953	4001
	3954	4002
	3955	4003
	3956	4004
	3957	4005
	3958	4006
	3959	4007
	3960	4008
	3961	4009
	3962	4010
	3963	4011
	3964	4012
	3965	4013
	3966	4014
	3967	4015
	3968	4016
	3969	4017
	3970	4018
	3971	4019
	3972	4020
	3973	4021
	3974	4022
	3975	4023
	3976	4024
	3977	4025
	3978	4026
	3979	4027
	3980	4028
	3981	4029
	3983	4030
	3985	4031
	3986	4032
	3987	4033
	3988	4034
	3989	4035
	3990	4036
	3991	4037
	3992	4038
	3993	4039
	3994	4040
	3995	4041
	3997	4042
	3998	4043
	4000	4044
	4001	4045
	4002	4046
	4003	4047
	4004	4048
	4005	4049
	4006	4050
	4007	4051
	4008	4052
	4009	4053
	4010	4054
	4011	4055
	4013	4056
	4014	4057
	4015	4058
	4016	4059
	4017	4060
	4018	4061
	4019	4062
	4020	4063
	4021	4064
	4022	4065
	4023	4066
	4024	4067
	4025	4068
	4026	4069
	4027	4070
	4028	4071
	4029	4072
	4030	4073
	4031	4074
	4032	4075
	4033	4076
	4034	4077
	4035	4078
	4037	4079
	4038	4080
	4040	4081
	4041	4082
	4042	4083
	4043	4084
	4044	4085
	4045	4086
	4046	4087
	4047	4088
	4048	4089
	4049	4090
	4050	4091
	4051	4092
	4052	4093
	4053	4094
	4054	4095
	4055	4096
	4056	4097
	4057	4098
	4058	4099
	4059	4100
	4060	4101
	4061	4102
	4062	4103
	4063	4104
	4064	4105
	4065	4106
	4066	4107
	4067	4108
	4068	4109
	4069	4110
	4070	4111
	4071	4112
	4072	4113
	4073	4114
	4074	4115
	4075	4116
	4076	4117
	4077	4118
	4079	4119
	4080	4120
	4081	4121
	4083	4122
	4084	4123
	4086	4124
	4087	4125
	4088	4126
	4090	4127
	4091	4128
	4093	4129
	4094	4130
net/minecraft/client/renderer/entity/CamelHuskRenderer	33	30
	16	16
	32	29
	17	17
	33	30
	21	20
	26	24
	15	15
	31	28
net/minecraft/client/renderer/entity/state/ZombieRenderState	0	0
net/minecraft/client/gui/font/glyphs/BakedGlyph	0	0
com/mojang/realmsclient/dto/RegionPingResult	14	8
	14	8
net/minecraft/client/gui/screens/inventory/tooltip/BelowOrAboveWidgetTooltipPositioner	30	27
	17	16
	18	17
	19	18
	22	19
	23	20
	11	11
	27	23
	12	12
	28	24
	30	27
net/minecraft/client/renderer/texture/atlas/SpriteSourceList	78	102
	64	68
	68	72
	69	73
	70	75
	71	82
	72	80
	73	81
	74	97
	75	98
	78	102
	32	33
	33	34
	36	37
	37	41
	40	45
	41	46
	42	47
	44	49
	48	53
	49	55
	50	56
	51	57
	52	58
	53	59
	56	62
	59	64
	61	65
	62	66
	63	67
net/minecraft/client/resources/model/BlockStateDefinitions	40	40
	32	30
	36	34
	37	36
	38	37
	40	40
	28	26
net/minecraft/client/FramerateLimiter	50	43
	32	28
	35	29
	37	30
	38	31
	40	32
	41	33
	42	34
	45	38
	17	16
	49	42
	18	17
	50	43
	20	18
	21	19
	22	20
	26	24
	27	25
	28	26
	30	27
net/minecraft/client/renderer/entity/state/HoldingEntityRenderState	14	13
	13	12
	14	13
com/mojang/blaze3d/systems/CommandEncoder	552	605
	513	575
	516	578
	517	579
	519	580
	520	581
	522	582
	523	583
	525	584
	526	585
	528	586
	529	587
	531	589
	534	592
	535	593
	537	594
	538	595
	540	596
	29	27
	541	597
	30	28
	31	29
	543	598
	32	30
	544	599
	546	600
	35	33
	547	601
	549	602
	550	603
	39	37
	40	38
	552	605
	41	39
	43	41
	46	44
	50	48
	54	52
	58	62
	62	75
	63	75
	65	76
	66	77
	69	80
	71	81
	75	85
	76	86
	79	88
	80	89
	81	90
	82	91
	85	93
	86	94
	87	96
	90	97
	91	98
	92	99
	94	102
	95	103
	97	106
	98	107
	100	110
	101	119
	104	129
	105	130
	106	131
	107	132
	109	135
	110	136
	112	139
	113	140
	117	144
	118	145
	119	146
	122	149
	126	155
	127	156
	129	158
	130	159
	131	160
	132	161
	134	164
	137	167
	138	168
	141	170
	143	171
	144	173
	147	176
	148	177
	151	179
	152	180
	154	181
	155	183
	158	195
	159	196
	162	198
	163	199
	165	200
	167	201
	168	203
	171	206
	172	207
	175	209
	177	210
	178	212
	189	215
	190	216
	193	218
	194	219
	195	220
	197	221
	198	222
	201	224
	202	225
	203	227
	205	229
	206	232
	209	240
	210	244
	221	247
	222	248
	225	250
	226	251
	227	252
	228	253
	229	254
	232	256
	233	257
	234	258
	235	259
	236	260
	239	261
	240	262
	243	263
	244	266
	247	273
	248	276
	251	284
	252	288
	261	291
	262	292
	263	293
	264	295
	266	297
	267	298
	269	299
	270	300
	273	302
	274	304
	294	318
	295	319
	298	320
	299	364
	301	321
	302	324
	304	336
	305	339
	307	354
	308	355
	310	356
	311	357
	313	358
	314	359
	317	361
	318	366
	336	379
	337	380
	340	381
	341	411
	343	382
	344	384
	346	386
	347	389
	349	401
	350	402
	352	403
	353	404
	355	405
	356	406
	359	408
	360	413
	375	416
	376	417
	379	419
	380	421
	399	434
	400	435
	403	436
	404	479
	406	437
	407	440
	409	450
	410	451
	412	452
	413	453
	415	454
	416	457
	418	469
	419	470
	421	471
	422	472
	424	473
	425	474
	428	476
	429	481
	443	494
	444	495
	447	496
	448	543
	450	497
	451	500
	453	512
	454	515
	456	527
	457	528
	459	529
	460	530
	462	531
	463	532
	465	533
	466	534
	468	535
	469	536
	471	537
	472	538
	475	540
	476	545
	483	548
	484	549
	487	551
	491	556
	492	559
	494	557
	495	561
	498	564
	499	565
	501	566
	502	567
	504	568
	505	569
	507	570
	508	571
	510	572
	511	573
net/minecraft/client/multiplayer/chat/package-info	0	0
com/mojang/realmsclient/gui/task/RepeatedDelayStrategy	40	39
	32	31
	37	36
	38	37
	39	38
	24	24
	40	39
	10	10
	15	15
	31	30
net/minecraft/client/model/animal/sniffer/SniffletModel	104	77
	22	19
	23	20
	24	21
	28	25
	29	26
	30	27
	33	30
	34	31
	36	32
	37	32
	38	32
	40	33
	41	35
	42	36
	43	38
	44	40
	45	42
	47	44
	48	46
	49	46
	50	46
	51	47
	53	49
	54	50
	55	50
	56	50
	58	52
	59	53
	60	53
	61	53
	63	55
	64	55
	65	55
	66	55
	68	56
	69	57
	70	57
	71	57
	73	59
	74	60
	75	60
	76	60
	78	62
	79	63
	80	63
	81	63
	83	65
	84	66
	85	66
	86	66
	88	68
	89	69
	90	69
	91	69
	93	71
	94	72
	95	72
	96	72
	98	74
	99	75
	100	75
	101	75
	104	77
net/minecraft/client/gui/screens/social/PlayerEntry	290	296
	256	267
	257	268
	258	269
	261	272
	262	273
	263	274
	264	275
	267	278
	268	279
	269	280
	271	281
	276	285
	277	286
	279	287
	280	288
	281	289
	282	290
	283	291
	284	292
	285	293
	286	294
	287	296
	288	296
	290	296
	89	91
	90	92
	91	93
	92	94
	94	95
	95	96
	96	97
	97	98
	99	99
	100	100
	102	101
	104	102
	105	103
	106	104
	107	107
	108	116
	109	122
	112	127
	115	130
	116	131
	117	132
	118	133
	119	134
	120	135
	121	138
	124	143
	127	146
	128	147
	129	148
	130	149
	131	150
	132	153
	135	158
	138	161
	139	162
	141	163
	142	164
	143	165
	144	166
	146	105
	148	168
	151	171
	152	172
	155	175
	156	176
	158	177
	160	177
	166	182
	167	183
	168	184
	171	185
	172	187
	173	188
	174	189
	176	191
	177	192
	178	193
	181	196
	183	197
	185	198
	186	199
	189	202
	190	203
	192	204
	193	205
	194	206
	195	207
	196	208
	197	209
	198	210
	199	211
	200	212
	202	213
	203	214
	207	218
	208	219
	210	221
	214	225
	219	230
	223	234
	227	238
	231	242
	235	246
	236	247
	239	250
	243	254
	244	255
	247	258
	251	262
	255	266
net/minecraft/client/data/models/blockstates/MultiPartGenerator	62	57
	32	31
	36	35
	37	36
	40	39
	41	40
	42	41
	46	45
	18	17
	19	18
	51	50
	52	51
	53	51
	23	22
	27	26
	62	57
	31	30
net/minecraft/client/gui/components/FriendsButton	53	47
	32	27
	33	28
	36	31
	37	32
	38	33
	39	34
	40	38
	42	36
	43	38
	13	13
	47	42
	48	43
	49	44
	50	45
	51	45
	53	47
	29	26
	30	26
net/minecraft/client/animation/definitions/CopperGolemAnimation	0	0
net/minecraft/client/gui/screens/worldselection/SwitchGrid	182	187
	131	139
	132	140
	133	141
	135	144
	137	145
	138	146
	140	147
	141	148
	142	149
	143	150
	146	153
	147	155
	149	158
	152	161
	153	162
	154	163
	156	166
	158	167
	159	168
	160	170
	161	171
	162	172
	163	173
	164	174
	165	175
	38	53
	166	176
	39	54
	167	177
	168	181
	169	181
	42	57
	170	183
	43	58
	172	187
	46	61
	47	62
	48	63
	178	104
	179	105
	52	67
	180	106
	53	68
	182	108
	57	72
	58	73
	62	77
	64	78
	65	79
	67	80
	68	81
	69	83
	70	84
	73	87
	74	88
	75	89
	76	90
	80	94
	81	95
	89	28
	90	29
	91	30
	94	33
	98	37
	99	38
	102	41
	114	122
	115	123
	116	124
	117	125
	118	126
	121	129
	122	130
	126	134
	127	135
net/minecraft/client/gui/render/DynamicAtlasAllocator	129	131
	129	131
	24	23
	25	24
	26	25
	27	27
	28	28
	29	29
	32	33
	33	34
	34	35
	37	38
	38	39
	39	40
	43	42
	44	43
	45	44
	46	48
	48	45
	49	46
	51	51
	55	56
	56	57
	59	60
	60	61
	61	62
	63	64
	64	65
	65	66
	66	67
	68	70
	71	73
	72	74
	76	79
	77	80
	78	81
	79	82
	80	83
	83	85
	84	86
	85	87
	88	89
	89	90
	90	91
	91	92
	92	93
	93	94
	94	95
	99	102
	104	107
	116	118
	117	119
	118	120
	121	123
	125	127
com/mojang/blaze3d/vertex/QuadInstance	97	114
	20	19
	21	20
	22	21
	23	22
	24	23
	25	24
	30	29
	31	30
	32	31
	33	32
	34	33
	35	34
	40	39
	44	43
	48	47
	49	49
	50	52
	51	55
	52	58
	53	61
	55	63
	58	66
	59	68
	60	71
	61	74
	62	77
	63	80
	65	82
	68	85
	69	86
	70	87
	71	88
	72	89
	75	92
	76	93
	77	94
	78	95
	79	96
	82	99
	83	100
	86	103
	87	104
	88	105
	89	106
	90	107
	93	110
	94	111
	95	112
	96	113
	97	114
net/minecraft/client/telemetry/events/PerformanceMetricsEvent	57	57
	18	18
	19	19
	21	21
	24	24
	25	25
	26	26
	27	27
	31	31
	32	32
	33	33
	34	34
	37	37
	38	38
	39	39
	40	40
	41	41
	45	45
	46	46
	47	47
	48	48
	49	49
	50	50
	51	51
	52	52
	53	53
	54	54
	57	57
net/minecraft/client/renderer/entity/state/LivingEntityRenderState	37	38
	37	38
net/minecraft/client/gui/screens/recipebook/RecipeUpdateListener	0	0
net/minecraft/client/gui/screens/options/package-info	0	0
net/minecraft/client/model/animal/camel/package-info	0	0
com/mojang/blaze3d/vulkan/init/VulkanFeature	59	48
	33	24
	37	28
	41	32
	42	33
	11	9
	12	10
	44	34
	14	11
	15	12
	47	36
	48	37
	17	14
	19	16
	52	42
	53	43
	22	19
	56	46
	26	23
	58	47
	27	24
	59	48
	29	24
com/mojang/blaze3d/buffers/Std140Builder	153	149
	128	124
	129	125
	130	126
	134	130
	135	131
	136	132
	137	133
	138	134
	139	135
	143	139
	144	140
	145	141
	146	142
	150	146
	23	19
	151	147
	24	20
	152	148
	25	21
	153	149
	28	24
	32	28
	36	32
	40	36
	41	37
	42	38
	46	42
	47	43
	48	44
	52	48
	53	49
	54	50
	58	54
	59	55
	60	56
	61	57
	65	61
	66	62
	67	63
	68	64
	72	68
	73	69
	74	70
	75	71
	79	75
	80	76
	81	77
	82	78
	86	82
	87	83
	88	84
	89	85
	90	86
	91	87
	95	91
	96	92
	97	93
	98	94
	102	98
	103	99
	104	100
	105	101
	106	102
	107	103
	111	107
	112	108
	113	109
	114	110
	118	114
	119	115
	120	116
	121	117
	122	118
	123	119
	127	123
net/minecraft/client/gui/components/TabOrderedElement	5	5
	5	5
net/minecraft/client/gui/components/OptionsList	204	211
	130	204
	140	111
	141	112
	142	113
	145	116
	149	120
	150	121
	152	122
	25	22
	26	23
	27	24
	28	25
	156	128
	157	129
	31	28
	159	131
	32	29
	35	32
	163	138
	36	33
	164	139
	37	34
	165	140
	39	36
	167	142
	42	39
	43	40
	172	148
	45	42
	173	149
	174	151
	175	152
	48	45
	176	153
	49	46
	177	154
	179	156
	52	49
	53	50
	183	160
	56	53
	57	54
	58	55
	59	56
	188	165
	63	60
	192	170
	193	171
	194	172
	67	65
	68	66
	69	67
	197	176
	70	68
	71	69
	75	74
	203	210
	204	211
	79	78
	80	79
	81	80
	82	81
	83	82
	88	87
	91	90
	92	91
	93	92
	94	93
	95	94
	96	95
	101	100
	112	186
	113	187
	114	188
	115	189
	119	193
	124	198
	125	199
	126	200
net/minecraft/client/data/models/model/ModelLocationUtils	36	35
	16	15
	35	34
	20	19
	36	35
	21	20
	25	24
	26	25
	12	11
	30	29
	31	30
net/minecraft/client/User	44	43
	16	15
	32	31
	17	16
	18	17
	19	18
	20	19
	36	35
	21	20
	24	23
	40	39
	28	27
	44	43
net/minecraft/client/renderer/block/model/BlockStateModelWrapper	53	47
	32	30
	35	33
	36	34
	37	36
	38	37
	41	40
	51	45
	52	46
	53	47
	22	20
	23	21
	24	22
	25	23
	29	27
	30	28
	31	29
net/minecraft/client/particle/ItemPickupParticleGroup	52	52
	32	49
	33	50
	35	52
	40	30
	41	31
	43	32
	44	33
	45	34
	47	35
	48	36
	49	37
	19	18
	51	38
	20	19
	52	39
	24	24
	30	46
	31	47
net/minecraft/client/resources/model/sprite/TextureSlots	163	158
	128	116
	129	117
	130	118
	131	119
	134	124
	137	127
	138	128
	142	130
	143	132
	144	133
	145	134
	146	136
	147	137
	148	138
	149	139
	150	140
	151	141
	152	142
	157	147
	31	30
	32	31
	160	153
	163	158
	36	35
	37	36
	40	39
	44	43
	48	47
	49	49
	50	50
	52	53
	56	57
	57	58
	59	60
	61	62
	79	71
	80	72
	84	76
	85	77
	89	81
	90	81
	93	81
	105	94
	106	95
	110	99
	111	100
	115	104
	116	105
	119	107
	120	108
	122	110
	123	111
	124	112
	125	113
	126	114
	127	115
net/minecraft/client/multiplayer/chat/ChatListener	280	256
	256	235
	257	236
	258	237
	261	240
	262	241
	263	242
	264	242
	267	242
	271	246
	272	247
	273	248
	275	250
	280	256
	35	32
	36	33
	39	36
	40	37
	41	38
	43	54
	46	41
	47	42
	48	43
	50	47
	54	49
	55	50
	57	54
	60	57
	63	58
	65	59
	68	62
	69	63
	72	66
	73	67
	76	70
	80	74
	81	75
	82	76
	83	77
	86	80
	90	84
	94	88
	95	89
	97	91
	99	93
	102	96
	103	97
	104	98
	106	99
	107	100
	108	101
	109	102
	110	103
	111	104
	113	107
	115	109
	118	112
	119	113
	120	114
	123	115
	125	118
	126	119
	129	120
	130	121
	133	123
	134	124
	135	131
	138	125
	139	126
	140	127
	141	128
	142	129
	144	135
	147	138
	149	139
	150	140
	152	141
	153	149
	156	142
	157	143
	158	144
	160	145
	162	146
	163	147
	165	152
	168	162
	169	163
	170	164
	173	165
	174	193
	177	166
	178	167
	181	169
	182	170
	183	189
	186	171
	188	172
	189	173
	190	174
	191	175
	192	176
	194	178
	195	179
	196	180
	197	181
	201	185
	203	186
	204	187
	208	198
	209	199
	212	202
	213	202
	216	202
	220	206
	221	207
	222	208
	225	211
	226	212
	227	213
	230	216
	231	217
	232	232
	235	218
	236	232
	239	219
	240	220
	241	232
	244	221
	245	222
	246	223
	248	225
	252	228
	253	232
com/mojang/blaze3d/opengl/FrameBufferAttachment	0	0
net/minecraft/client/resources/language/ClientLanguage	79	90
	32	30
	64	78
	34	32
	35	33
	37	35
	69	82
	39	37
	40	38
	41	39
	42	40
	74	86
	47	45
	79	90
	49	46
	53	50
	54	56
	55	55
	56	71
	57	72
	27	25
	28	26
	60	75
	29	27
net/minecraft/client/gui/components/package-info	0	0
net/minecraft/client/particle/SquidInkParticle	65	89
	65	67
	12	21
	13	22
	14	23
	16	24
	17	25
	19	26
	20	27
	22	28
	24	29
	25	30
	26	31
	27	32
	31	36
	32	37
	33	38
	34	39
	35	40
	37	43
	38	44
	41	47
	47	75
	48	76
	52	89
	60	53
	61	54
net/minecraft/client/renderer/item/TrackingItemStackRenderState	16	15
	16	15
	12	11
	13	12
net/minecraft/client/model/monster/zombie/DrownedModel	63	54
	17	16
	18	17
	21	20
	22	21
	24	22
	25	23
	26	23
	27	23
	29	25
	30	26
	31	26
	32	26
	35	28
	40	33
	42	34
	43	35
	44	36
	47	39
	48	40
	49	41
	52	44
	53	45
	54	46
	55	47
	56	48
	57	49
	59	50
	60	51
	61	52
	63	54
net/minecraft/client/model/animal/sniffer/SnifferModel	106	131
	32	28
	33	29
	34	29
	35	29
	36	29
	38	30
	39	31
	40	32
	41	33
	42	34
	43	35
	44	36
	45	37
	48	40
	49	41
	51	42
	52	42
	54	43
	55	46
	56	48
	57	50
	59	54
	60	56
	61	59
	62	61
	63	64
	64	66
	65	69
	66	71
	67	74
	68	76
	69	79
	70	81
	72	84
	73	87
	74	89
	76	93
	77	95
	78	98
	79	100
	80	103
	81	105
	82	108
	83	110
	85	113
	90	117
	92	118
	93	119
	95	120
	96	121
	98	123
	101	126
	102	127
	103	128
	104	129
	105	130
	106	131
net/minecraft/client/server/package-info	0	0
net/minecraft/client/gui/spectator/categories/package-info	0	0
net/minecraft/client/particle/DustColorTransitionParticle	50	67
	32	40
	33	41
	37	45
	38	46
	39	47
	45	53
	46	54
	15	25
	17	26
	50	67
	19	27
	20	28
	21	29
	24	32
	28	36
	29	37
	30	38
	31	39
net/minecraft/client/renderer/feature/BlockModelFeatureRenderer	76	82
	32	29
	34	31
	35	32
	38	35
	71	77
	41	45
	42	46
	43	47
	76	82
	46	51
	47	52
	49	54
	52	59
	53	60
	54	61
	55	62
	56	63
	27	23
	28	24
	29	25
	31	28
com/mojang/blaze3d/systems/GpuQueryPool	0	0
com/mojang/realmsclient/client/worldupload/RealmsUploadTooLargeException	17	17
	16	16
	17	17
	10	10
	11	11
	15	15
net/minecraft/client/multiplayer/TransferState	0	0
net/minecraft/client/main/GameConfig	119	142
	72	42
	73	43
	74	44
	75	45
	76	46
	79	49
	22	27
	23	28
	24	29
	25	30
	26	31
	27	32
	92	121
	99	107
	42	78
	106	114
	43	79
	44	80
	45	81
	46	82
	47	83
	48	84
	49	85
	113	100
	50	86
	51	87
	52	88
	119	93
	60	140
	61	141
	62	142
net/minecraft/client/gui/screens/options/SoundOptionsScreen	28	28
	16	15
	20	19
	21	20
	22	21
	23	22
	24	23
	25	24
	28	28
	15	14
net/minecraft/client/renderer/texture/atlas/SpriteResourceLoader	61	82
	33	33
	34	34
	35	35
	36	36
	37	37
	38	38
	39	39
	43	48
	44	47
	45	63
	46	64
	47	65
	51	69
	52	70
	53	71
	54	72
	55	75
	56	76
	59	79
	28	28
	61	82
net/minecraft/client/renderer/item/properties/numeric/BundleFullness	20	20
	20	20
	15	15
net/minecraft/client/renderer/block/model/EmptyBlockModel	17	17
	17	17
	12	12
net/minecraft/client/gui/screens/reporting/SkinReportScreen	85	74
	64	57
	65	58
	69	62
	70	63
	71	64
	73	66
	75	69
	76	70
	82	74
	83	74
	85	74
	31	27
	32	28
	35	31
	36	32
	39	35
	40	36
	44	40
	45	41
	47	42
	49	43
	51	44
	52	45
	54	46
	55	47
	56	48
	57	50
	58	52
	60	53
	61	54
	62	55
	63	56
net/minecraft/client/entity/ClientAvatarEntity	0	0
net/minecraft/client/RotatingSectionStorage	163	163
	132	135
	137	139
	142	143
	143	144
	145	146
	23	23
	24	24
	152	153
	25	25
	153	154
	26	26
	27	27
	155	156
	28	28
	29	29
	31	31
	159	159
	32	32
	33	33
	34	34
	35	35
	163	163
	36	36
	40	40
	43	43
	44	44
	47	46
	48	47
	49	49
	50	50
	52	52
	53	53
	55	55
	56	56
	57	57
	59	58
	60	59
	61	60
	66	66
	68	67
	72	72
	76	76
	80	80
	84	84
	88	88
	92	93
	96	98
	97	99
	98	100
	99	101
	103	106
	104	107
	106	109
	107	110
	108	111
	110	112
	114	117
	115	122
	117	118
	118	119
	120	120
	127	127
net/minecraft/client/renderer/entity/WardenRenderer	89	80
	66	60
	70	63
	75	67
	80	71
	81	72
	82	73
	83	74
	20	20
	84	75
	85	76
	22	21
	86	77
	23	22
	87	78
	24	23
	88	79
	25	24
	89	80
	27	25
	28	27
	29	27
	34	30
	36	33
	37	34
	42	40
	44	43
	45	44
	50	50
	52	52
	53	52
	58	55
	60	57
	61	57
net/minecraft/client/particle/QuadParticleGroup	35	36
	35	36
	16	16
	17	17
	18	18
	22	22
	23	23
	25	25
	26	26
	27	27
	28	28
	29	29
	30	30
	31	31
com/mojang/blaze3d/platform/NativeLibrariesBootstrap	385	409
	257	286
	262	293
	264	294
	265	295
	266	296
	267	297
	270	301
	272	303
	273	305
	274	306
	275	307
	280	312
	281	313
	284	316
	285	317
	288	320
	289	321
	292	324
	293	325
	296	328
	297	329
	298	330
	300	332
	305	335
	306	336
	310	340
	311	341
	312	342
	315	343
	316	344
	63	63
	65	64
	321	349
	67	65
	68	66
	69	67
	325	353
	70	68
	326	354
	72	69
	73	70
	329	357
	74	71
	330	358
	75	72
	77	75
	78	76
	335	362
	336	363
	338	365
	83	79
	85	80
	341	368
	342	369
	87	81
	88	82
	89	83
	345	372
	90	84
	346	373
	91	85
	92	86
	93	87
	95	88
	96	89
	97	90
	353	400
	354	401
	356	403
	101	93
	103	95
	104	96
	360	406
	105	97
	361	407
	107	99
	363	409
	108	100
	110	101
	111	103
	112	105
	113	106
	370	379
	115	108
	371	380
	116	109
	372	381
	117	112
	373	382
	118	112
	119	113
	376	385
	377	386
	123	117
	124	177
	380	389
	381	390
	382	391
	383	391
	128	118
	385	391
	130	119
	132	120
	135	121
	136	122
	139	123
	140	124
	143	158
	144	143
	145	133
	146	134
	148	137
	149	138
	150	140
	152	155
	153	170
	154	174
	155	177
	160	181
	161	182
	162	183
	163	184
	166	188
	167	189
	168	190
	171	194
	177	198
	178	199
	179	200
	180	201
	181	202
	182	203
	184	205
	188	211
	190	217
	192	212
	193	213
	194	214
	195	215
	200	223
	201	224
	202	225
	203	226
	204	227
	205	228
	207	229
	208	230
	209	231
	211	233
	212	234
	215	237
	216	238
	218	239
	221	242
	222	243
	223	244
	226	247
	228	249
	233	252
	234	253
	239	254
	240	255
	243	257
	244	258
	245	259
	248	261
	249	268
	250	265
	251	266
	253	280
	254	284
	255	285
net/minecraft/client/renderer/Rect2i	73	70
	64	61
	65	62
	68	65
	69	66
	70	67
	73	70
	10	10
	11	11
	12	12
	13	13
	14	14
	17	17
	18	18
	19	19
	20	20
	22	21
	23	22
	24	23
	25	24
	27	25
	28	26
	29	27
	30	28
	32	29
	36	33
	40	37
	44	41
	45	42
	48	45
	49	46
	52	49
	56	53
	60	57
	61	58
com/mojang/realmsclient/gui/RealmsServerList	47	41
	33	28
	34	29
	37	32
	38	33
	39	34
	43	37
	47	41
	20	17
	21	18
	24	21
	25	22
	27	23
	28	24
	30	25
net/minecraft/client/renderer/entity/state/PhantomRenderState	0	0
net/minecraft/client/renderer/entity/layers/LivingEntityEmissiveLayer	45	51
	35	40
	36	51
	38	41
	39	42
	40	51
	42	43
	43	44
	44	45
	45	51
	25	29
	26	30
	27	31
	28	32
	29	33
	30	34
	31	35
net/minecraft/client/gui/components/Checkbox	185	178
	129	56
	133	60
	137	64
	141	68
	146	73
	147	74
	148	75
	151	78
	156	83
	157	84
	158	85
	159	86
	161	90
	164	95
	168	99
	169	100
	172	102
	173	103
	175	105
	177	108
	178	109
	51	130
	180	110
	52	131
	181	111
	53	132
	182	112
	54	133
	184	113
	185	114
	57	136
	58	137
	59	138
	63	142
	64	143
	68	147
	69	148
	70	149
	74	153
	75	154
	76	155
	80	159
	81	160
	85	164
	86	165
	90	169
	91	170
	92	171
	93	172
	95	173
	96	174
	97	175
	99	178
	104	32
	106	33
	107	34
	108	35
	109	36
	110	37
	111	38
	112	39
	115	42
	116	43
	117	44
	121	48
	125	52
net/minecraft/client/renderer/entity/PufferfishRenderer	66	58
	64	56
	33	30
	65	57
	66	58
	38	34
	43	38
	48	42
	49	43
	50	44
	51	45
	52	42
	53	47
	54	48
	25	24
	58	51
	27	25
	59	52
	28	26
	60	53
	29	27
net/minecraft/client/resources/metadata/animation/AnimationMetadataSection	45	34
	35	29
	38	30
	40	31
	44	33
	45	34
	18	13
	19	15
	20	16
	21	17
	22	18
	23	19
	24	21
	29	26
	30	27
	31	28
net/minecraft/client/renderer/entity/ItemEntityRenderer	166	152
	128	120
	129	121
	133	122
	134	123
	136	124
	138	126
	139	127
	140	128
	141	129
	142	130
	143	131
	144	132
	145	133
	150	136
	151	137
	153	138
	26	25
	154	139
	27	26
	156	141
	29	27
	157	142
	30	28
	158	143
	31	29
	159	144
	160	145
	161	146
	162	147
	35	32
	163	148
	166	152
	40	36
	42	37
	44	38
	45	39
	49	42
	50	54
	53	43
	55	44
	57	45
	58	46
	59	47
	62	48
	63	49
	65	50
	66	51
	68	52
	69	54
	72	63
	73	64
	76	74
	77	75
	78	108
	81	76
	82	77
	86	78
	87	79
	89	80
	91	82
	92	83
	93	84
	94	85
	95	86
	96	87
	97	88
	98	89
	103	92
	104	93
	106	94
	107	95
	109	97
	110	98
	111	99
	112	100
	113	101
	114	102
	115	103
	116	104
	119	108
	122	117
	123	118
	124	119
	125	152
net/minecraft/client/gui/screens/inventory/BookEditScreen	248	223
	129	110
	133	114
	138	119
	139	120
	143	124
	147	128
	151	132
	152	133
	153	134
	155	137
	156	138
	159	141
	160	142
	162	144
	163	145
	164	146
	167	150
	168	151
	169	152
	172	155
	173	156
	174	157
	177	160
	178	161
	181	164
	182	166
	183	167
	185	169
	188	172
	190	173
	192	174
	193	175
	194	176
	69	54
	70	55
	71	56
	199	179
	72	57
	200	180
	74	58
	203	183
	76	59
	204	186
	77	60
	206	184
	207	186
	80	63
	81	64
	211	190
	84	67
	216	195
	89	72
	90	73
	218	197
	219	198
	92	74
	93	75
	94	76
	222	200
	95	77
	223	201
	96	78
	97	79
	98	80
	99	81
	100	82
	228	203
	101	83
	102	84
	103	85
	104	86
	105	87
	233	209
	106	88
	234	210
	235	211
	108	89
	110	90
	238	214
	111	91
	239	215
	113	92
	241	216
	114	93
	242	217
	115	93
	116	98
	117	99
	118	100
	246	221
	119	101
	247	222
	248	223
	121	102
	122	103
	125	106
net/minecraft/client/gui/screens/packs/PackSelectionModel	269	274
	131	134
	259	264
	136	139
	264	269
	265	270
	141	144
	269	274
	146	149
	151	154
	156	159
	31	35
	32	36
	33	37
	161	164
	34	38
	36	39
	37	40
	165	168
	38	41
	166	169
	39	42
	167	170
	40	43
	168	171
	169	172
	170	173
	43	46
	173	176
	174	177
	47	50
	175	178
	177	180
	51	54
	52	55
	180	183
	181	184
	182	185
	55	58
	183	186
	56	59
	184	187
	57	60
	185	188
	60	63
	189	192
	62	64
	190	193
	191	194
	64	65
	65	66
	66	67
	67	68
	196	199
	197	200
	201	204
	202	205
	203	206
	208	211
	209	212
	83	84
	213	217
	214	218
	215	219
	219	223
	224	228
	101	102
	229	233
	105	106
	234	238
	238	242
	239	243
	243	248
	116	118
	244	249
	117	120
	245	250
	118	121
	249	254
	126	129
	254	259
net/minecraft/client/multiplayer/chat/report/NameReport	72	66
	32	30
	64	60
	65	61
	66	62
	37	35
	69	64
	71	65
	72	66
	42	40
	43	41
	46	44
	47	45
	19	18
	51	49
	20	19
	21	20
	24	23
	56	55
	57	55
	59	55
	29	27
	30	28
	31	29
net/minecraft/client/gui/screens/inventory/tooltip/ClientBundleTooltip	215	221
	130	127
	131	128
	135	132
	139	136
	143	140
	144	140
	145	140
	146	140
	147	140
	151	152
	152	153
	154	154
	155	155
	156	156
	158	158
	160	161
	161	162
	163	163
	164	164
	166	166
	169	169
	170	170
	45	40
	173	173
	46	41
	174	174
	175	175
	176	176
	177	177
	50	45
	178	178
	179	179
	180	180
	182	189
	55	50
	185	192
	186	193
	187	194
	60	55
	188	195
	189	196
	191	198
	64	59
	194	201
	195	202
	68	63
	198	205
	72	67
	202	209
	76	71
	206	213
	80	75
	210	218
	211	219
	84	79
	212	221
	213	221
	215	221
	89	84
	90	85
	91	86
	92	87
	94	89
	97	92
	100	95
	101	96
	102	97
	103	98
	106	103
	107	104
	108	105
	109	106
	111	107
	112	109
	113	110
	114	111
	115	112
	117	113
	118	114
	119	115
	120	116
	121	117
	125	122
	126	123
	127	124
net/minecraft/client/renderer/special/NoDataSpecialModelRenderer	18	25
	17	24
	18	25
	12	12
com/mojang/blaze3d/systems/SurfaceException	10	10
	5	5
	6	6
	9	9
	10	10
com/mojang/blaze3d/PrimitiveTopology	29	27
	18	18
	19	19
	20	20
	21	21
	24	24
	25	26
	26	25
	27	27
	29	24
net/minecraft/client/renderer/fog/environment/PowderedSnowFogEnvironment	34	35
	16	16
	34	35
	21	21
	22	22
	23	23
	25	25
	26	26
	28	29
	29	30
	30	31
com/mojang/realmsclient/gui/task/DataFetcher	170	181
	129	70
	132	73
	133	74
	134	75
	135	76
	137	78
	140	81
	141	82
	142	83
	145	93
	146	92
	149	96
	150	97
	151	98
	152	99
	155	102
	28	25
	156	103
	29	26
	30	27
	158	105
	31	28
	161	108
	34	31
	162	109
	35	32
	36	33
	164	111
	38	35
	167	114
	168	115
	42	40
	170	117
	57	137
	59	135
	60	138
	61	139
	62	140
	63	141
	64	142
	67	145
	68	146
	69	147
	71	148
	73	151
	74	152
	75	153
	76	153
	77	154
	78	155
	79	156
	80	156
	81	157
	82	158
	83	159
	84	160
	87	163
	88	164
	90	166
	91	167
	92	168
	93	169
	94	170
	95	171
	99	175
	102	178
	103	179
	104	180
	105	181
	111	54
	113	52
	114	55
	115	56
	116	57
	119	60
	120	61
	121	62
	124	65
	125	66
	126	67
	127	68
net/minecraft/client/renderer/SkyRenderer	516	529
	512	525
	513	526
	514	527
	515	528
	516	529
	82	75
	84	76
	86	77
	87	78
	88	79
	89	80
	90	81
	91	82
	92	83
	94	85
	95	86
	96	87
	97	89
	98	90
	100	93
	101	94
	102	96
	103	97
	106	100
	109	103
	113	107
	114	108
	115	111
	116	112
	117	113
	118	114
	119	115
	120	117
	121	118
	122	119
	123	120
	124	121
	126	124
	127	125
	133	133
	137	137
	141	141
	142	144
	143	145
	144	146
	145	147
	146	148
	147	149
	148	151
	149	152
	155	160
	156	161
	157	164
	158	165
	159	167
	160	168
	161	169
	162	170
	163	171
	164	172
	166	175
	167	176
	173	184
	174	185
	176	188
	177	189
	178	191
	179	192
	180	193
	181	194
	183	195
	185	196
	186	197
	190	198
	193	199
	195	200
	196	200
	197	200
	199	201
	200	202
	201	203
	202	204
	204	208
	205	209
	206	210
	212	218
	214	219
	215	221
	216	222
	218	224
	221	228
	222	229
	223	231
	224	232
	225	233
	226	235
	227	238
	228	241
	229	244
	230	247
	233	250
	234	251
	235	252
	236	253
	239	256
	240	257
	246	265
	247	266
	248	267
	249	271
	250	272
	251	273
	252	274
	253	275
	254	276
	256	278
	259	281
	260	282
	261	303
	263	283
	264	284
	265	285
	266	303
	268	286
	269	287
	270	288
	271	303
	274	291
	275	292
	276	293
	277	294
	278	295
	279	296
	280	297
	281	298
	282	299
	283	300
	284	303
	287	306
	291	311
	292	312
	293	313
	294	314
	296	315
	297	316
	298	320
	299	321
	300	322
	301	323
	302	324
	303	325
	306	328
	307	329
	310	340
	311	341
	313	342
	314	343
	315	344
	316	345
	318	346
	319	347
	320	348
	321	349
	323	350
	324	351
	325	352
	326	353
	327	354
	330	357
	331	358
	334	361
	335	362
	336	363
	337	364
	338	365
	340	366
	345	368
	346	369
	347	370
	349	372
	350	374
	351	375
	352	376
	353	377
	354	378
	355	379
	356	380
	357	381
	360	384
	361	385
	364	388
	366	389
	367	390
	368	391
	369	392
	370	393
	372	394
	377	396
	378	397
	379	398
	381	400
	382	402
	383	403
	384	404
	385	405
	386	406
	387	407
	388	408
	389	409
	392	412
	393	413
	396	416
	397	417
	398	418
	399	419
	401	420
	402	421
	403	422
	404	423
	406	428
	407	429
	408	430
	409	431
	410	432
	411	433
	412	434
	414	437
	415	438
	418	441
	419	442
	420	469
	423	443
	424	444
	425	445
	426	446
	428	447
	429	448
	430	449
	431	450
	433	452
	435	452
	438	453
	439	454
	441	456
	442	458
	443	459
	444	460
	445	461
	446	462
	447	463
	450	466
	451	467
	452	469
	455	472
	456	473
	458	474
	459	475
	460	476
	462	480
	463	481
	464	482
	465	483
	466	484
	467	485
	468	486
	469	487
	471	489
	474	492
	475	493
	477	494
	478	495
	479	496
	480	497
	481	498
	483	499
	488	501
	489	502
	490	503
	492	505
	493	507
	494	508
	495	509
	496	510
	497	511
	498	512
	499	513
	500	514
	503	517
	504	518
	508	521
	509	522
	510	523
	511	524
com/mojang/blaze3d/font/GlyphBitmap	37	37
	17	17
	33	33
	21	21
	37	37
	25	25
	29	29
com/mojang/realmsclient/util/task/ResettingTemplateWorldTask	19	19
	18	18
	19	19
	12	12
	13	13
	14	14
net/minecraft/client/gui/font/providers/BitmapProvider	226	241
	130	127
	131	161
	132	132
	134	133
	135	134
	137	135
	138	136
	140	137
	142	138
	144	140
	145	141
	146	143
	147	144
	148	145
	151	146
	153	147
	154	153
	155	154
	160	177
	161	173
	37	36
	165	182
	38	37
	166	182
	39	38
	167	183
	168	185
	169	186
	43	42
	171	187
	44	43
	172	188
	48	48
	176	193
	53	53
	64	58
	65	59
	193	200
	67	61
	68	62
	198	209
	71	65
	201	214
	74	67
	75	69
	76	70
	78	73
	206	219
	83	87
	211	224
	85	88
	86	89
	216	229
	89	91
	90	92
	92	93
	93	94
	221	234
	222	237
	96	96
	97	97
	98	98
	226	241
	99	100
	102	105
	105	75
	106	77
	107	78
	108	79
	109	80
	110	82
	113	111
	114	112
	116	113
	121	118
	126	123
net/minecraft/client/gui/screens/dialog/MultiButtonDialogScreen	17	15
	17	15
	12	11
	13	12
net/minecraft/client/renderer/item/EmptyModel	33	42
	16	25
	17	26
	33	42
	24	33
	28	37
net/minecraft/client/model/geom/builders/CubeDefinition	34	49
	34	49
	23	37
	24	38
	25	39
	26	40
	27	41
	28	42
	29	43
	30	44
	31	45
net/minecraft/client/renderer/entity/state/SulfurCubeRenderState	0	0
net/minecraft/client/model/animal/package-info	0	0
net/minecraft/client/renderer/entity/MinecartRenderer	14	13
	9	9
	10	10
	14	13
net/minecraft/client/model/animal/sheep/BabySheepModel	52	32
	14	12
	15	13
	18	16
	19	17
	21	18
	22	18
	23	18
	24	18
	26	19
	27	19
	28	19
	29	19
	31	20
	32	21
	33	21
	34	21
	36	23
	37	24
	38	24
	39	24
	41	26
	42	27
	43	27
	44	27
	46	29
	47	30
	48	30
	49	30
	52	32
net/minecraft/client/renderer/entity/ShulkerRenderer	83	77
	64	62
	65	63
	66	64
	67	65
	68	66
	69	67
	70	68
	73	71
	74	71
	76	71
	81	75
	82	76
	83	77
	20	19
	21	22
	24	26
	25	27
	29	30
	34	34
	35	35
	38	37
	39	38
	40	39
	43	41
	44	42
	45	43
	47	44
	48	45
	53	53
	58	57
	63	61
net/minecraft/client/gui/package-info	0	0
net/minecraft/client/model/animal/equine/package-info	0	0
net/minecraft/client/searchtree/package-info	0	0
net/minecraft/client/gui/navigation/ScreenAxis	30	29
	16	15
	17	16
	18	17
	23	22
	24	23
	9	8
	25	24
	10	9
	11	10
	30	29
net/minecraft/client/renderer/entity/state/FireworkRocketRenderState	0	0
net/minecraft/client/renderer/entity/DrownedRenderer	61	54
	35	34
	40	39
	45	43
	47	44
	48	45
	49	46
	50	47
	51	48
	53	50
	23	23
	24	25
	25	26
	57	53
	26	27
	58	54
	27	28
	59	54
	61	54
	30	30
	31	31
net/minecraft/client/gui/screens/ProgressScreen	78	71
	64	59
	67	71
	70	62
	72	63
	73	64
	75	67
	76	68
	78	71
	19	19
	20	20
	21	21
	25	25
	30	30
	35	34
	36	35
	40	38
	41	39
	42	40
	46	43
	47	44
	48	45
	52	48
	53	49
	57	52
	58	53
	62	57
	63	58
net/minecraft/client/model/animal/nautilus/NautilusModel	94	131
	65	81
	67	82
	68	87
	69	89
	71	93
	72	98
	74	102
	75	107
	76	112
	78	117
	83	121
	84	122
	85	123
	87	124
	90	127
	91	128
	92	129
	93	130
	30	26
	94	131
	31	27
	32	28
	34	29
	35	30
	38	33
	42	37
	43	38
	45	39
	47	40
	48	45
	49	47
	51	51
	52	56
	54	60
	55	65
	56	70
	58	75
	62	79
	63	80
net/minecraft/client/renderer/entity/state/WitherRenderState	0	0
net/minecraft/client/gui/components/debugchart/TpsDebugChart	68	63
	64	59
	33	30
	34	31
	35	32
	68	63
	37	33
	38	34
	39	35
	41	36
	42	37
	43	38
	44	39
	48	43
	21	18
	53	48
	22	19
	23	20
	58	53
	27	24
	28	25
	29	26
	63	58
net/minecraft/client/model/monster/phantom/PhantomModel	98	82
	27	24
	28	25
	29	26
	30	27
	31	28
	32	29
	33	30
	34	31
	35	32
	38	35
	39	36
	41	37
	42	38
	43	38
	44	38
	46	40
	47	41
	48	41
	49	41
	51	43
	52	43
	53	43
	54	43
	56	44
	57	46
	58	46
	59	47
	61	49
	62	51
	63	51
	64	52
	66	54
	67	56
	68	56
	69	57
	71	59
	72	61
	73	61
	74	62
	76	64
	77	66
	78	66
	79	67
	82	69
	87	73
	89	74
	90	75
	91	76
	92	77
	93	78
	94	79
	96	80
	97	81
	98	82
com/mojang/blaze3d/systems/DeviceInfo	0	0
net/minecraft/client/renderer/item/CuboidItemModelWrapper	149	154
	129	137
	130	138
	134	142
	136	143
	137	144
	138	145
	139	146
	141	147
	143	148
	144	149
	149	154
	43	45
	44	46
	45	47
	46	48
	47	49
	48	50
	51	53
	52	55
	53	56
	54	57
	57	61
	62	74
	63	75
	64	76
	65	77
	66	78
	67	79
	68	80
	71	83
	72	84
	73	86
	74	87
	75	88
	76	89
	80	93
	81	94
	83	95
	84	96
	85	97
	86	98
	88	100
	91	103
	92	104
	93	119
	98	105
	99	107
	100	108
	101	109
	102	110
	103	111
	107	115
	108	116
	110	119
	113	122
	121	126
	122	128
	123	129
	124	130
	125	132
net/minecraft/client/multiplayer/resolver/ServerRedirectHandler	53	47
	32	27
	33	28
	34	29
	35	30
	36	31
	39	34
	40	35
	43	37
	44	38
	45	39
	47	40
	48	41
	18	15
	50	43
	53	47
	25	22
	27	23
	29	24
	30	25
	31	26
net/minecraft/client/particle/SonicBoomParticle	26	33
	21	19
	22	20
	9	9
	26	33
	11	10
	12	11
	14	12
	15	13
net/minecraft/client/renderer/entity/state/AvatarRenderState	35	37
	35	37
net/minecraft/client/renderer/entity/WitchRenderer	40	36
	17	17
	34	30
	19	18
	35	31
	20	19
	36	32
	37	33
	38	34
	39	35
	24	22
	40	36
	29	26
net/minecraft/client/model/monster/hoglin/package-info	0	0
net/minecraft/client/gui/screens/options/ChatOptionsScreen	32	41
	32	41
	12	12
	13	13
	14	15
	15	17
	16	19
	17	21
	18	23
	19	25
	20	27
	21	29
	26	35
	27	36
	31	40
net/minecraft/client/particle/GlowParticle	169	192
	128	59
	130	60
	136	61
	137	62
	138	63
	139	64
	13	14
	14	15
	15	16
	16	17
	18	18
	20	19
	148	109
	21	20
	149	110
	22	21
	153	123
	26	25
	154	124
	155	125
	157	127
	31	30
	160	130
	36	35
	37	36
	38	37
	166	131
	167	132
	168	133
	169	134
	44	72
	45	73
	49	86
	50	87
	51	88
	53	90
	55	93
	56	94
	57	95
	58	96
	60	99
	61	100
	70	172
	71	173
	75	186
	76	187
	78	188
	84	189
	85	190
	86	191
	87	192
	96	143
	97	144
	101	157
	102	158
	104	159
	110	160
	111	161
	112	162
	113	163
	122	44
	123	45
	127	58
com/mojang/blaze3d/platform/VideoMode	135	132
	129	124
	131	127
	135	132
	22	22
	23	23
	24	24
	25	25
	26	26
	27	27
	28	28
	31	31
	32	32
	33	33
	34	34
	35	35
	36	36
	37	37
	40	40
	41	41
	42	42
	43	43
	44	44
	45	45
	46	46
	49	49
	53	53
	57	57
	61	61
	65	65
	69	69
	74	73
	75	74
	77	75
	78	84
	80	76
	81	77
	92	89
	97	93
	103	97
	104	98
	108	101
	109	102
	110	103
	111	104
	112	105
	114	107
	115	108
	117	110
	119	113
	121	115
	122	116
	124	118
	126	121
	127	122
com/mojang/blaze3d/framegraph/package-info	0	0
com/mojang/realmsclient/dto/RealmsServer	369	358
	256	244
	257	245
	258	246
	259	247
	260	248
	261	249
	262	250
	263	251
	264	252
	265	253
	266	254
	267	255
	268	256
	269	257
	270	258
	271	259
	272	260
	273	261
	274	262
	278	266
	280	268
	281	269
	284	274
	288	278
	292	282
	296	286
	297	287
	299	288
	303	292
	310	320
	311	321
	315	324
	316	325
	317	326
	318	327
	319	328
	320	329
	321	330
	322	331
	343	354
	344	355
	347	358
	361	304
	365	308
	369	312
	114	91
	118	96
	122	101
	126	105
	127	106
	130	109
	131	110
	135	114
	136	115
	137	116
	138	117
	141	119
	142	120
	143	122
	144	123
	145	124
	150	129
	151	130
	153	133
	154	134
	156	137
	157	138
	159	141
	160	142
	162	145
	163	146
	165	149
	166	150
	168	153
	169	154
	172	157
	173	158
	174	159
	177	164
	178	169
	181	172
	183	174
	184	175
	185	176
	188	179
	191	182
	192	183
	193	184
	194	185
	195	186
	199	190
	203	194
	207	198
	211	202
	212	203
	216	207
	221	211
	226	215
	227	216
	229	217
	230	218
	232	219
	233	220
	235	222
	237	223
	238	224
	239	225
	240	226
	241	227
	242	228
	243	229
	244	230
	248	236
	249	237
	250	238
	251	239
	252	240
	253	241
	254	242
	255	243
net/minecraft/client/model/player/PlayerCapeModel	49	44
	32	27
	33	28
	36	30
	41	35
	43	37
	44	39
	45	40
	46	41
	47	42
	49	44
	21	18
	23	19
	26	22
	27	23
	28	24
	30	25
	31	27
net/minecraft/client/gui/screens/OutOfMemoryScreen	39	38
	34	33
	35	34
	39	38
	18	17
	19	18
	23	22
	24	23
	25	24
	26	25
	27	26
	28	27
	29	28
	30	29
net/minecraft/client/gui/screens/inventory/ShulkerBoxScreen	23	23
	19	19
	20	20
	21	21
	22	22
	23	23
	14	14
	15	15
com/mojang/realmsclient/gui/screens/configuration/RealmsBackupInfoScreen	151	154
	128	141
	129	142
	130	143
	131	144
	132	145
	133	146
	134	147
	135	148
	141	154
	146	90
	147	92
	148	98
	149	99
	151	101
	30	28
	31	29
	32	30
	33	31
	37	35
	38	36
	39	37
	41	38
	42	39
	43	40
	47	44
	48	45
	49	46
	53	50
	54	51
	57	54
	58	55
	59	56
	60	57
	61	58
	62	60
	63	60
	65	60
	70	66
	71	67
	72	68
	78	74
	79	75
	80	76
	86	82
	87	83
	88	84
	110	122
	111	124
	112	125
	113	126
	114	127
	115	128
	119	132
	120	133
	121	134
	124	137
	125	138
	126	139
	127	140
net/minecraft/client/gui/components/SpriteIconButton	230	282
	128	267
	132	271
	133	282
	135	272
	137	273
	138	274
	140	275
	141	276
	142	277
	144	278
	145	279
	146	280
	147	282
	35	42
	36	43
	37	44
	38	45
	39	46
	40	47
	168	129
	41	48
	169	130
	42	49
	170	131
	43	50
	171	132
	44	51
	174	135
	47	54
	175	136
	48	55
	51	58
	179	140
	52	59
	180	141
	53	60
	181	142
	55	62
	57	64
	185	146
	186	147
	187	148
	188	149
	61	68
	191	153
	192	154
	193	155
	66	73
	194	156
	67	74
	69	77
	70	78
	198	160
	199	161
	200	162
	73	81
	74	84
	204	166
	77	87
	205	167
	78	88
	80	90
	81	93
	209	171
	210	172
	84	96
	85	97
	214	176
	215	177
	88	100
	90	102
	219	181
	220	182
	94	107
	224	186
	225	187
	227	189
	228	191
	230	205
	104	237
	105	238
	109	242
	110	248
	112	243
	114	244
	115	245
	116	246
	117	248
	127	266
net/minecraft/client/renderer/state/gui/GlyphRenderState	38	33
	32	27
	22	17
	38	33
	23	18
	27	22
com/mojang/blaze3d/platform/DebugMemoryUntracker	42	35
	34	28
	35	35
	38	30
	39	31
	40	32
	42	35
	14	14
	16	15
	17	16
	18	17
	20	18
	21	19
	22	20
	23	21
	24	21
	26	21
	28	22
	29	23
net/minecraft/client/gui/screens/inventory/EnchantmentNames	65	107
	64	106
	65	107
	51	91
	52	92
	54	94
	55	95
	56	96
	58	99
	44	84
	60	102
	47	87
net/minecraft/client/model/monster/breeze/package-info	0	0
net/minecraft/client/model/monster/spider/package-info	0	0
net/minecraft/client/model/animal/allay/package-info	0	0
net/minecraft/client/renderer/item/properties/conditional/ItemModelPropertyTest	0	0
net/minecraft/client/renderer/item/ItemModel	40	38
	40	38
net/minecraft/client/telemetry/TelemetryProperty	184	172
	131	127
	82	77
	149	168
	86	81
	150	169
	90	85
	154	172
	94	89
	98	93
	102	97
	106	101
	45	41
	110	105
	174	146
	111	108
	175	147
	112	109
	176	148
	49	45
	179	151
	52	48
	117	114
	118	115
	119	116
	184	155
	121	118
	123	120
	126	123
net/minecraft/client/particle/SuspendedTownParticle	127	168
	10	12
	12	13
	13	14
	14	15
	15	16
	16	17
	18	18
	20	19
	21	20
	22	21
	24	22
	25	23
	29	27
	34	32
	35	33
	36	34
	40	38
	41	39
	42	40
	44	41
	45	42
	46	49
	49	44
	50	45
	51	46
	52	47
	53	49
	59	154
	60	155
	64	168
	72	130
	73	131
	77	144
	78	145
	79	146
	87	55
	88	56
	92	69
	93	70
	94	71
	95	72
	103	80
	104	81
	108	94
	109	95
	110	96
	111	97
	112	98
	120	106
	121	107
	125	120
	126	121
	127	122
net/minecraft/client/renderer/item/properties/numeric/package-info	0	0
net/minecraft/client/gui/components/PlayerFaceExtractor	53	61
	32	31
	35	34
	36	35
	39	47
	40	48
	41	49
	43	50
	44	51
	46	53
	49	58
	50	59
	52	60
	53	61
	25	24
	26	25
	27	26
	28	27
	31	30
net/minecraft/client/gui/components/debug/DebugEntryDetailedMemory	42	47
	33	38
	34	39
	35	40
	20	25
	36	41
	21	25
	22	25
	24	27
	42	47
	27	30
	31	34
net/minecraft/client/model/animal/fox/FoxModel	106	97
	21	19
	22	20
	23	21
	24	22
	25	23
	26	24
	27	25
	28	26
	29	27
	33	30
	34	31
	36	32
	37	33
	39	34
	40	35
	41	36
	42	37
	45	40
	46	41
	49	44
	50	45
	51	46
	55	49
	56	50
	57	51
	58	52
	62	55
	63	56
	64	57
	65	58
	66	59
	67	60
	68	61
	70	63
	73	66
	74	67
	75	68
	78	71
	79	72
	80	73
	81	74
	82	75
	85	78
	86	79
	87	80
	88	81
	89	82
	90	83
	93	86
	94	87
	97	88
	98	89
	99	90
	100	91
	101	92
	102	93
	103	94
	106	97
net/minecraft/client/gui/font/ActiveArea	0	0
com/mojang/blaze3d/audio/Library	333	306
	257	160
	258	161
	260	164
	264	168
	265	169
	266	170
	268	173
	269	174
	271	177
	272	178
	274	181
	275	182
	278	184
	282	189
	284	190
	285	190
	288	190
	292	194
	293	195
	295	196
	296	197
	297	198
	299	200
	302	203
	306	208
	310	212
	311	213
	313	215
	316	219
	320	229
	65	36
	70	41
	327	233
	328	234
	329	235
	330	236
	75	46
	332	238
	333	239
	79	50
	84	55
	93	261
	94	262
	98	267
	99	268
	100	269
	102	272
	105	274
	106	275
	107	276
	110	279
	115	285
	116	286
	118	288
	119	289
	124	295
	125	296
	126	297
	130	301
	135	306
	148	63
	150	64
	151	65
	152	66
	154	67
	155	68
	156	69
	159	70
	160	71
	163	73
	164	74
	165	75
	168	78
	169	79
	172	81
	174	82
	175	83
	176	84
	178	85
	179	86
	181	87
	182	88
	184	89
	186	90
	188	92
	190	93
	191	94
	193	96
	194	97
	198	98
	199	103
	202	106
	203	107
	205	108
	206	109
	207	110
	209	111
	214	114
	216	115
	220	119
	221	120
	222	121
	223	122
	226	125
	227	126
	228	127
	229	128
	232	131
	233	133
	234	134
	235	135
	238	139
	240	140
	241	141
	245	146
	249	151
	253	155
	254	156
	255	157
net/minecraft/client/renderer/state/gui/GuiRenderState	311	327
	265	286
	266	287
	269	290
	270	291
	272	294
	273	295
	276	298
	277	299
	279	302
	280	303
	283	306
	284	307
	286	310
	287	311
	290	314
	291	315
	293	318
	38	34
	294	319
	39	35
	297	322
	42	38
	298	323
	43	39
	44	40
	300	326
	301	327
	47	43
	48	44
	305	261
	50	46
	306	262
	51	48
	307	263
	308	264
	309	265
	54	51
	310	266
	55	52
	311	267
	57	55
	58	56
	61	59
	62	64
	64	60
	65	61
	66	62
	67	64
	70	67
	71	71
	73	68
	74	69
	75	71
	78	74
	79	78
	81	75
	82	76
	83	78
	86	81
	87	85
	89	82
	90	83
	91	85
	94	88
	95	95
	97	89
	98	90
	99	95
	102	98
	103	99
	104	100
	106	102
	107	103
	109	105
	111	108
	112	109
	116	114
	117	116
	118	117
	120	120
	121	122
	122	123
	123	124
	124	125
	125	126
	126	127
	129	131
	130	132
	133	136
	134	137
	135	138
	137	140
	140	143
	141	144
	142	145
	143	146
	144	147
	148	152
	152	156
	153	157
	156	160
	157	161
	160	164
	164	168
	165	169
	166	182
	168	170
	169	171
	170	172
	173	176
	174	177
	175	178
	178	182
	179	183
	182	186
	183	187
	184	188
	185	189
	186	191
	187	192
	190	195
	191	196
	192	197
	195	200
	196	201
	197	202
	198	203
	199	204
	200	205
	203	208
	204	209
	205	210
	208	213
	209	214
	210	215
	211	216
	212	218
	213	219
	216	222
	217	223
	218	224
	221	227
	222	228
	223	229
	224	230
	226	233
	228	235
	229	236
	232	239
	233	240
	235	241
	236	242
	237	243
	238	244
	241	247
	242	248
	243	249
	245	251
	248	254
	249	255
	250	256
	252	258
net/minecraft/client/renderer/entity/layers/DrownedOuterLayer	32	36
	32	36
	22	20
	23	21
	24	22
	25	23
	29	33
	30	34
	31	35
net/minecraft/client/gui/spectator/PlayerMenuItem	40	40
	17	17
	18	18
	19	19
	35	35
	36	36
	23	23
	24	24
	40	40
	26	26
	30	30
net/minecraft/client/particle/GustParticle	63	80
	32	31
	33	32
	34	36
	36	34
	37	36
	43	42
	12	11
	44	43
	13	12
	14	13
	15	14
	16	15
	48	56
	17	16
	18	17
	22	21
	56	64
	57	65
	27	26
	61	78
	62	79
	63	80
net/minecraft/client/resources/sounds/RidingMinecartSoundInstance	34	41
	16	23
	17	24
	18	25
	34	41
	19	26
	20	27
	24	31
	29	36
net/minecraft/client/resources/sounds/BeeSoundInstance	80	67
	66	57
	67	57
	69	57
	75	62
	80	67
	18	17
	19	18
	20	19
	21	20
	22	21
	23	22
	24	23
	25	24
	26	25
	30	29
	31	30
	33	31
	34	32
	37	35
	38	48
	39	50
	42	36
	43	37
	44	38
	46	39
	47	40
	48	41
	50	42
	52	44
	53	45
	55	50
	58	53
	59	53
	61	53
com/mojang/blaze3d/vulkan/VulkanCommandPool	83	84
	64	64
	65	65
	66	66
	69	69
	70	70
	71	71
	72	72
	73	73
	74	74
	75	75
	77	77
	80	80
	81	81
	83	84
	24	20
	25	22
	26	23
	27	24
	28	25
	29	26
	30	28
	31	30
	33	33
	34	34
	35	35
	39	39
	40	40
	41	41
	42	42
	45	45
	46	46
	47	47
	48	48
	49	49
	51	52
	52	53
	53	54
	56	57
	57	58
	58	59
	61	62
	63	63
net/minecraft/client/renderer/debug/package-info	0	0
net/minecraft/client/gui/components/CommandSuggestions	651	676
	512	520
	513	521
	514	522
	518	527
	519	528
	520	529
	521	530
	527	538
	528	540
	529	541
	530	542
	531	545
	532	549
	533	550
	535	553
	537	556
	540	561
	541	562
	542	563
	543	564
	547	568
	548	569
	550	571
	553	574
	554	575
	557	577
	558	578
	559	579
	560	580
	563	583
	567	588
	568	589
	570	590
	571	591
	572	592
	575	594
	579	599
	580	600
	581	601
	582	602
	583	603
	584	604
	585	605
	586	606
	587	607
	588	608
	589	609
	591	612
	592	613
	593	614
	594	615
	595	616
	597	617
	600	619
	604	624
	605	625
	94	106
	606	626
	95	107
	607	627
	96	108
	608	628
	97	109
	609	629
	98	110
	610	630
	99	111
	100	112
	612	636
	101	113
	102	114
	103	115
	615	639
	105	116
	617	640
	106	117
	618	641
	620	644
	109	120
	621	645
	110	121
	111	122
	624	648
	113	124
	625	649
	627	651
	116	127
	628	652
	117	128
	630	654
	120	131
	121	132
	633	657
	122	133
	634	658
	635	659
	636	660
	125	136
	637	661
	638	662
	127	137
	639	663
	128	138
	640	664
	129	139
	641	665
	130	142
	642	666
	131	143
	133	140
	645	669
	646	670
	647	671
	648	672
	137	148
	649	674
	651	676
	141	152
	145	156
	146	157
	147	158
	148	159
	149	161
	150	162
	153	165
	154	166
	155	167
	158	170
	161	173
	165	177
	166	178
	167	179
	169	180
	172	182
	173	183
	175	184
	181	189
	182	190
	186	193
	187	194
	188	195
	190	196
	191	197
	192	199
	193	200
	194	203
	196	201
	199	207
	200	208
	204	212
	206	213
	207	214
	208	215
	209	216
	212	219
	213	220
	214	221
	217	224
	218	225
	219	226
	220	227
	221	228
	223	231
	225	232
	226	233
	227	234
	229	235
	230	236
	231	237
	232	238
	235	241
	237	242
	238	243
	239	244
	240	245
	241	248
	243	246
	244	248
	246	250
	247	251
	249	252
	250	253
	251	254
	252	255
	254	256
	255	257
	258	260
	259	261
	261	263
	263	265
	271	276
	272	277
	274	280
	275	281
	276	282
	280	286
	281	287
	284	289
	286	290
	287	292
	288	293
	291	296
	295	301
	296	302
	297	303
	298	304
	300	305
	304	309
	306	310
	307	311
	308	312
	309	314
	310	315
	311	316
	312	317
	314	319
	317	323
	318	324
	320	327
	321	328
	325	332
	327	333
	328	334
	329	335
	331	335
	332	336
	335	339
	338	342
	339	343
	342	346
	343	347
	346	350
	347	351
	348	352
	350	356
	353	359
	354	360
	355	361
	357	363
	360	366
	361	371
	363	373
	364	374
	365	375
	369	379
	373	383
	374	385
	375	386
	377	389
	378	390
	381	394
	382	394
	384	394
	389	399
	390	399
	393	399
	398	403
	399	404
	400	405
	402	406
	403	408
	404	409
	405	410
	408	413
	409	414
	412	418
	413	419
	416	420
	417	421
	418	422
	420	426
	421	427
	422	428
	423	429
	424	430
	425	431
	426	432
	429	436
	430	437
	434	441
	435	442
	437	444
	440	447
	441	448
	442	449
	444	451
	448	456
	449	458
	450	459
	451	460
	452	461
	453	462
	455	464
	458	467
	459	467
	461	467
	465	471
	466	471
	469	471
	482	487
	486	485
	487	488
	488	489
	489	492
	490	493
	491	494
	492	495
	493	496
	494	497
	497	500
	498	501
	499	502
	500	503
	501	504
	502	505
	504	506
	505	507
	508	510
	509	511
	510	512
	511	519
net/minecraft/client/gui/screens/multiplayer/SafetyScreen	46	41
	32	29
	34	32
	35	33
	37	34
	38	34
	40	35
	45	40
	46	41
	21	19
	22	20
	23	21
	27	25
	28	26
	29	26
	30	27
	31	28
net/minecraft/client/model/object/leash/LeashKnotModel	32	25
	32	25
	18	17
	19	18
	20	19
	23	22
	24	23
	26	24
	27	24
	28	24
com/mojang/blaze3d/vulkan/VulkanGpuSurface	423	425
	69	66
	70	67
	71	69
	72	70
	73	72
	74	76
	76	77
	77	79
	78	83
	79	84
	80	86
	81	90
	83	91
	84	92
	85	93
	86	94
	88	95
	89	96
	91	97
	92	98
	93	100
	94	102
	95	104
	98	107
	101	110
	102	112
	103	113
	104	114
	105	116
	106	119
	107	122
	108	125
	113	129
	118	134
	122	138
	123	139
	126	139
	127	140
	130	144
	136	148
	137	149
	139	151
	143	155
	144	157
	145	158
	147	161
	148	162
	151	165
	152	176
	157	166
	158	167
	159	169
	160	170
	162	173
	163	174
	164	176
	168	180
	169	183
	170	184
	171	186
	173	189
	174	190
	177	191
	178	197
	181	209
	182	210
	184	211
	187	212
	189	213
	190	214
	191	215
	192	216
	193	217
	195	218
	197	219
	198	220
	199	221
	200	222
	201	223
	203	224
	204	225
	205	226
	207	227
	208	228
	209	229
	210	230
	211	232
	212	234
	213	236
	214	237
	225	240
	226	241
	227	242
	228	244
	229	245
	230	246
	233	249
	234	250
	235	251
	236	252
	237	254
	238	255
	239	256
	240	257
	242	259
	246	263
	251	268
	252	269
	253	270
	254	271
	256	272
	257	273
	259	275
	260	276
	261	277
	262	278
	263	279
	264	280
	265	281
	266	282
	267	283
	268	284
	270	287
	271	288
	272	289
	273	290
	274	291
	275	294
	276	295
	279	297
	282	301
	290	305
	291	306
	293	308
	295	310
	296	311
	298	312
	300	313
	301	315
	302	316
	304	317
	305	318
	306	319
	307	320
	308	321
	309	322
	310	323
	311	324
	312	325
	314	326
	315	327
	316	328
	317	329
	318	330
	319	331
	321	332
	322	333
	324	334
	326	337
	328	338
	329	339
	330	340
	331	341
	332	342
	334	343
	335	344
	336	345
	337	346
	338	347
	340	348
	341	349
	342	350
	343	351
	344	352
	346	353
	347	354
	348	355
	349	356
	350	357
	352	358
	353	359
	354	360
	355	361
	356	362
	358	363
	360	366
	361	367
	363	368
	364	369
	365	370
	366	371
	367	372
	368	373
	369	374
	370	375
	371	376
	373	377
	374	378
	375	379
	376	380
	377	381
	378	382
	380	383
	381	384
	382	385
	383	386
	384	387
	386	388
	387	389
	388	390
	390	391
	392	394
	394	395
	395	396
	396	397
	397	399
	401	403
	402	404
	404	406
	405	407
	406	408
	407	409
	408	410
	409	411
	410	412
	411	413
	412	414
	413	415
	414	416
	415	417
	416	418
	417	419
	420	421
	423	425
net/minecraft/client/renderer/StagedVertexBuffer	371	359
	257	286
	259	289
	262	292
	263	293
	264	294
	265	295
	266	296
	268	299
	269	300
	273	305
	274	306
	275	308
	276	309
	277	310
	278	311
	280	314
	281	315
	282	316
	285	320
	286	320
	288	320
	292	324
	293	325
	294	326
	295	327
	41	42
	43	43
	44	44
	300	330
	45	45
	301	331
	46	46
	302	332
	304	334
	49	49
	308	337
	53	53
	309	338
	54	54
	310	339
	311	340
	56	55
	312	341
	57	56
	313	342
	314	343
	59	58
	60	59
	61	60
	318	348
	319	349
	320	350
	65	65
	66	66
	322	352
	68	67
	69	68
	71	70
	327	357
	72	71
	328	358
	73	72
	329	359
	74	73
	78	78
	79	87
	81	79
	82	80
	83	81
	85	84
	86	85
	87	87
	90	90
	91	91
	92	92
	348	233
	93	119
	349	234
	350	235
	351	236
	96	93
	98	94
	354	239
	99	95
	355	241
	356	242
	101	97
	357	243
	102	98
	358	244
	359	245
	362	248
	107	99
	108	100
	110	101
	366	252
	111	102
	367	253
	368	254
	113	103
	114	104
	371	257
	117	106
	118	107
	122	112
	123	115
	124	112
	125	119
	128	113
	129	114
	130	115
	132	116
	140	119
	143	129
	146	130
	147	131
	148	133
	149	134
	150	136
	151	137
	154	138
	155	140
	156	141
	159	146
	160	147
	163	148
	164	149
	165	150
	166	151
	168	154
	172	159
	173	160
	174	161
	176	163
	179	166
	180	167
	181	168
	182	170
	183	171
	184	172
	185	173
	187	176
	191	181
	192	182
	194	183
	195	184
	197	186
	198	187
	199	188
	200	189
	201	190
	203	192
	204	193
	205	194
	210	200
	211	201
	212	202
	213	203
	216	206
	217	207
	218	208
	219	209
	220	210
	221	211
	225	214
	226	215
	227	216
	228	217
	229	218
	246	275
	247	276
	248	277
	251	280
	252	281
	253	282
	254	283
	255	284
net/minecraft/client/sounds/ChunkedSampleByteBuf	51	48
	32	30
	33	31
	34	32
	37	35
	39	36
	40	37
	43	39
	44	40
	45	41
	46	42
	47	43
	19	17
	51	48
	20	18
	21	19
	25	23
	26	24
	27	25
	28	26
	31	29
net/minecraft/client/renderer/MultiblockChestResources	24	17
	16	11
	21	17
	22	17
	23	17
	24	17
	13	8
	14	9
	15	10
net/minecraft/client/renderer/entity/layers/BlockDecorationLayer	49	41
	33	33
	34	34
	35	41
	38	35
	40	36
	44	37
	46	38
	48	39
	49	41
	26	24
	27	25
	28	26
	29	27
net/minecraft/client/renderer/entity/state/WitchRenderState	0	0
com/mojang/realmsclient/dto/Exclude	0	0
net/minecraft/client/gui/screens/inventory/ContainerScreen	28	27
	16	15
	17	16
	18	17
	19	18
	23	22
	24	23
	25	24
	26	25
	27	26
	28	27
net/minecraft/client/gui/components/debugchart/PingDebugChart	34	32
	34	32
	19	17
	20	18
	24	22
	29	27
	14	12
	15	13
net/minecraft/client/renderer/entity/layers/PhantomEyesLayer	19	19
	19	19
	14	14
	15	15
net/minecraft/realms/RepeatedNarrator	29	27
	16	14
	17	15
	20	18
	21	20
	22	22
	24	21
	26	24
	27	25
	29	27
com/mojang/blaze3d/platform/WindowEventHandler	0	0
net/minecraft/client/resources/language/LanguageManager	89	80
	64	57
	68	61
	71	62
	73	63
	74	64
	77	67
	78	68
	81	71
	85	75
	89	80
	31	29
	32	30
	33	31
	36	34
	38	35
	40	37
	41	38
	43	39
	45	41
	46	42
	48	44
	50	45
	55	49
	56	50
	57	51
	58	52
	60	53
	61	54
	62	55
	63	56
net/minecraft/client/gui/screens/inventory/DispenserScreen	29	29
	19	19
	20	20
	21	21
	25	25
	26	26
	27	27
	28	28
	29	29
	14	14
	15	15
net/minecraft/client/renderer/feature/phase/package-info	0	0
net/minecraft/client/gui/screens/options/DifficultyButtons	76	75
	69	68
	70	69
	71	70
	72	71
	73	72
	74	73
	76	75
	20	18
	21	19
	22	25
	23	26
	25	29
	26	32
	27	34
	28	35
	29	36
	32	40
	34	41
	35	42
	36	43
	38	44
	39	45
	40	46
	42	47
	46	51
	47	52
	48	53
	49	54
	50	55
	53	58
	59	62
com/mojang/realmsclient/client/worldupload/RealmsWorldUploadStatusTracker	21	21
	16	16
	21	21
	11	11
net/minecraft/client/multiplayer/ClientChunkCache	330	346
	256	255
	257	256
	260	259
	261	267
	263	260
	264	261
	265	262
	267	264
	269	267
	272	270
	273	271
	274	272
	275	274
	276	275
	278	277
	281	280
	282	281
	283	282
	284	284
	285	285
	286	286
	287	287
	290	290
	293	293
	294	294
	295	296
	296	297
	41	40
	297	298
	42	41
	298	299
	43	42
	299	300
	44	43
	45	44
	301	302
	304	305
	49	47
	307	308
	53	51
	54	52
	311	313
	56	54
	57	55
	316	318
	61	60
	317	321
	62	67
	318	323
	319	324
	64	61
	320	325
	65	62
	321	326
	66	63
	322	327
	67	64
	323	328
	69	67
	327	343
	328	344
	73	71
	74	72
	330	346
	75	73
	76	74
	80	78
	81	78
	83	78
	88	82
	92	86
	93	87
	94	97
	96	89
	98	90
	99	91
	100	92
	102	94
	104	97
	107	103
	108	104
	109	105
	111	107
	113	108
	114	109
	115	110
	117	111
	118	112
	119	113
	121	115
	122	116
	124	119
	125	120
	130	125
	133	128
	134	129
	135	130
	138	133
	139	134
	141	135
	142	136
	143	137
	144	138
	145	140
	146	141
	147	142
	148	143
	149	144
	150	145
	154	150
	156	152
	160	155
	165	159
	170	163
	175	167
	176	168
	179	171
	183	175
	187	179
	191	183
	195	187
	196	188
	197	189
	198	190
	199	191
	200	192
	204	195
	205	196
	210	215
	211	216
	212	217
	213	218
	221	213
	222	219
	223	220
	224	221
	225	223
	226	224
	227	225
	228	226
	229	227
	231	229
	234	232
	238	236
	239	237
	240	238
	241	239
	242	240
	245	243
	246	244
	247	245
	249	247
	252	250
	253	251
	254	252
net/minecraft/client/renderer/entity/LivingEntityRenderer	344	320
	257	244
	258	245
	260	246
	261	247
	263	248
	264	249
	265	250
	266	251
	269	254
	270	255
	271	256
	273	258
	274	259
	276	262
	277	263
	279	265
	282	268
	283	269
	284	270
	285	271
	286	272
	287	273
	290	276
	291	277
	292	278
	293	279
	294	280
	295	281
	297	282
	300	283
	301	284
	302	285
	303	286
	49	49
	305	288
	50	50
	306	289
	51	51
	52	52
	308	290
	53	53
	309	291
	56	56
	312	293
	316	297
	61	61
	318	298
	319	299
	320	300
	66	65
	67	66
	68	67
	324	303
	69	68
	325	304
	326	305
	71	70
	327	306
	330	309
	331	310
	76	75
	333	311
	78	76
	334	312
	79	77
	335	313
	80	78
	81	79
	337	314
	82	80
	338	315
	341	318
	86	84
	87	85
	344	320
	89	86
	92	87
	93	88
	96	89
	98	90
	99	91
	101	92
	102	93
	103	94
	104	95
	105	96
	106	97
	109	100
	111	101
	112	103
	113	104
	117	108
	118	109
	119	110
	122	113
	126	117
	132	124
	133	125
	134	126
	136	127
	137	128
	139	130
	140	130
	142	130
	146	135
	150	139
	154	143
	155	144
	156	145
	157	146
	158	147
	159	148
	164	153
	168	157
	170	158
	173	161
	174	162
	176	165
	177	166
	178	167
	179	168
	180	169
	182	172
	183	173
	184	174
	185	175
	186	176
	187	177
	188	178
	189	179
	190	180
	191	181
	192	182
	193	183
	194	184
	196	186
	199	189
	203	193
	207	197
	211	200
	212	201
	213	202
	214	203
	218	207
	219	208
	220	209
	221	210
	222	211
	223	212
	224	213
	225	214
	226	216
	227	217
	228	218
	230	219
	232	220
	236	226
	240	230
	241	231
	245	235
	250	239
	255	243
net/minecraft/client/model/animal/nautilus/package-info	0	0
net/minecraft/client/renderer/block/model/SpecialBlockModelWrapper	37	32
	16	15
	32	28
	17	16
	18	17
	34	29
	36	31
	37	32
	22	21
	23	22
	31	27
net/minecraft/client/renderer/ShaderDefines	94	98
	64	67
	67	70
	68	71
	70	73
	71	74
	75	79
	79	83
	80	84
	18	14
	19	16
	20	17
	84	88
	21	19
	85	89
	24	23
	89	93
	90	94
	28	27
	29	28
	30	29
	94	98
	31	30
	33	32
	34	33
	35	34
	36	35
	37	36
	38	37
	39	38
	43	43
	44	45
	45	46
	46	47
	47	48
	49	51
	50	52
	52	55
	56	59
net/minecraft/client/animation/definitions/WardenAnimation	0	0
net/minecraft/client/renderer/Sheets	126	116
	97	88
	101	92
	105	96
	74	65
	77	68
	109	100
	81	72
	113	104
	85	76
	117	108
	118	109
	120	110
	89	80
	121	111
	122	112
	123	113
	124	114
	93	84
	125	115
	126	116
net/minecraft/client/resources/sounds/RidingEntitySoundInstance	72	76
	66	69
	67	70
	68	71
	70	73
	72	76
	18	27
	19	28
	20	29
	21	30
	22	31
	23	32
	24	33
	26	34
	27	35
	28	36
	29	37
	30	38
	34	42
	39	47
	43	51
	47	55
	51	59
	56	64
	57	65
	58	76
	61	66
	62	67
	63	76
com/mojang/blaze3d/vulkan/VulkanGpuTextureView	71	64
	67	60
	71	64
	19	16
	20	17
	22	19
	23	20
	25	21
	26	22
	27	23
	28	24
	29	25
	30	26
	31	27
	32	28
	33	29
	34	30
	36	31
	37	32
	38	33
	40	34
	43	37
	44	38
	48	42
	49	43
	53	47
	54	48
	55	49
	56	50
	58	52
	62	56
com/mojang/realmsclient/gui/screens/RealmsParentalConsentScreen	63	59
	32	32
	33	33
	34	34
	35	35
	36	36
	37	36
	40	36
	42	37
	43	38
	44	39
	45	40
	49	44
	50	45
	54	49
	55	50
	25	25
	57	53
	26	26
	58	54
	27	27
	59	55
	31	31
	63	59
com/mojang/blaze3d/pipeline/MainTarget	127	125
	20	18
	22	19
	23	20
	26	23
	27	24
	28	28
	31	25
	32	26
	33	30
	36	33
	38	35
	39	36
	40	37
	41	38
	43	41
	44	42
	45	43
	47	46
	48	47
	49	48
	51	51
	52	52
	53	53
	56	56
	57	57
	59	58
	60	59
	61	60
	62	61
	66	67
	71	77
	72	78
	73	79
	79	86
	80	87
	81	88
	90	97
	91	98
	92	99
	95	102
	97	103
	98	104
	99	106
	101	105
	110	110
	111	111
	113	112
	114	116
	116	113
	117	114
	122	121
	127	125
net/minecraft/client/gui/components/ContainerObjectSelectionList	202	204
	131	124
	132	125
	136	129
	141	134
	142	135
	144	138
	145	139
	147	142
	148	143
	24	22
	152	148
	25	23
	156	153
	29	28
	157	154
	31	29
	159	156
	160	157
	33	30
	34	33
	35	34
	36	35
	165	164
	166	165
	167	168
	40	37
	168	166
	41	38
	169	167
	42	39
	171	170
	44	40
	172	171
	46	43
	174	174
	47	44
	175	176
	176	177
	177	178
	50	46
	178	179
	51	47
	179	180
	52	48
	55	50
	56	51
	184	185
	57	52
	58	54
	62	58
	191	191
	64	62
	192	192
	65	63
	193	193
	66	64
	194	194
	195	195
	68	67
	69	68
	197	198
	70	70
	198	199
	200	202
	74	31
	202	204
	79	77
	80	83
	82	78
	83	79
	84	80
	86	83
	90	87
	92	87
	94	87
	99	92
	104	97
	105	98
	106	99
	107	100
	109	102
	110	103
	111	104
	112	105
	115	108
	126	119
net/minecraft/client/renderer/entity/state/MinecartTntRenderState	0	0
net/minecraft/client/renderer/item/ModelRenderProperties	30	20
	17	12
	19	13
	20	13
	22	13
	27	17
	28	18
	29	19
	30	20
net/minecraft/client/gui/components/toasts/NowPlayingToast	129	121
	128	120
	65	60
	129	121
	68	63
	69	63
	71	63
	75	67
	76	68
	77	69
	78	70
	82	74
	83	75
	84	76
	86	78
	90	82
	91	83
	95	87
	96	88
	100	92
	39	33
	40	34
	104	96
	43	37
	44	38
	45	39
	109	101
	46	40
	47	41
	48	42
	50	44
	114	106
	53	48
	119	111
	57	52
	58	53
	59	54
	60	55
	124	116
	61	56
	62	57
net/minecraft/client/gui/components/debug/DebugEntryBiome	44	43
	32	31
	33	33
	34	33
	35	33
	38	36
	41	40
	44	43
	22	26
	23	27
	25	28
	26	40
	29	29
	31	30
net/minecraft/client/resources/model/geometry/QuadCollection	148	155
	128	144
	129	145
	130	146
	131	147
	132	148
	133	149
	134	150
	135	151
	136	152
	137	153
	138	154
	140	155
	141	155
	142	155
	143	155
	144	155
	145	155
	146	155
	147	155
	148	155
	28	34
	29	35
	30	36
	31	37
	32	38
	33	39
	34	40
	35	41
	36	42
	39	46
	40	48
	41	49
	43	52
	47	56
	48	57
	49	58
	50	59
	51	60
	52	61
	53	62
	54	63
	59	69
	63	74
	64	75
	67	78
	71	82
	79	90
	80	91
	84	95
	85	96
	89	100
	90	101
	91	102
	92	103
	93	104
	94	105
	95	106
	96	107
	100	120
	101	122
	102	123
	103	125
	104	126
	105	128
	106	129
	107	130
	108	131
	112	135
	114	136
	115	137
	116	138
	120	139
	124	141
	125	142
	127	143
com/mojang/blaze3d/platform/CompareOp	0	0
net/minecraft/client/renderer/blockentity/state/ConduitRenderState	0	0
net/minecraft/client/renderer/entity/AbstractMinecartRenderer	191	171
	34	31
	35	32
	36	33
	37	34
	38	35
	42	38
	44	39
	46	40
	48	41
	49	42
	50	43
	52	44
	54	45
	55	46
	57	48
	60	51
	61	52
	62	53
	65	56
	66	57
	67	58
	69	59
	70	60
	71	61
	72	62
	74	63
	77	66
	78	67
	79	68
	80	69
	83	72
	84	73
	86	74
	87	75
	90	78
	91	79
	92	80
	94	81
	95	82
	97	83
	98	84
	99	85
	100	86
	102	87
	103	88
	104	89
	105	90
	106	91
	109	95
	111	96
	112	97
	113	98
	117	101
	119	102
	120	103
	121	104
	122	105
	123	106
	124	107
	127	110
	128	111
	130	112
	131	113
	132	114
	134	115
	135	116
	136	117
	139	122
	140	123
	141	124
	142	125
	144	127
	145	128
	146	129
	148	131
	151	136
	152	137
	153	138
	155	139
	156	140
	157	141
	158	142
	159	143
	160	144
	161	145
	162	146
	163	147
	164	148
	166	150
	167	151
	168	152
	170	154
	173	159
	174	160
	178	163
	179	164
	180	164
	182	164
	187	168
	188	169
	189	170
	191	171
net/minecraft/client/gui/font/providers/UnihexProvider	477	519
	54	48
	55	49
	59	54
	64	59
	68	477
	69	479
	70	480
	71	481
	72	483
	75	486
	76	486
	78	486
	88	297
	89	298
	90	298
	91	299
	96	304
	100	308
	105	312
	110	316
	115	193
	116	195
	117	196
	118	198
	124	204
	125	205
	126	206
	130	210
	135	215
	139	224
	140	240
	141	236
	145	244
	146	245
	148	283
	150	251
	151	252
	152	253
	153	254
	154	255
	159	259
	161	261
	162	262
	163	263
	164	264
	165	266
	166	267
	167	268
	168	269
	173	274
	174	275
	175	276
	176	277
	177	278
	178	279
	180	292
	181	291
	191	450
	192	452
	193	453
	195	456
	199	460
	200	461
	204	464
	206	465
	207	466
	209	468
	210	469
	212	472
	219	64
	220	65
	222	67
	223	68
	224	72
	226	69
	227	70
	230	75
	233	78
	234	79
	235	80
	237	82
	242	169
	246	173
	247	174
	248	176
	249	177
	250	178
	251	179
	252	180
	254	183
	259	188
	266	498
	270	502
	271	503
	272	505
	273	506
	274	507
	275	508
	276	509
	277	510
	278	511
	280	514
	285	519
	294	398
	298	402
	299	403
	300	404
	301	406
	302	407
	303	408
	304	409
	305	410
	306	411
	307	412
	308	413
	309	414
	310	415
	312	418
	316	422
	317	423
	318	424
	319	426
	320	427
	321	428
	322	429
	323	430
	324	431
	325	432
	326	433
	327	434
	328	435
	329	436
	330	437
	332	440
	338	322
	343	329
	346	334
	351	339
	356	344
	363	355
	366	360
	371	365
	376	370
	381	375
	382	376
	383	377
	384	378
	385	381
	386	382
	391	386
	405	86
	407	87
	409	90
	410	91
	411	92
	416	96
	417	97
	419	100
	420	102
	421	103
	424	106
	425	107
	426	108
	427	110
	428	111
	429	112
	430	113
	431	114
	433	116
	434	110
	436	119
	437	120
	438	121
	440	93
	443	126
	447	130
	448	131
	449	132
	450	133
	451	134
	452	135
	453	136
	454	137
	455	138
	456	139
	457	140
	458	142
	459	143
	460	144
	461	145
	462	146
	463	147
	465	141
	471	153
	472	154
	473	155
	474	158
	475	159
	477	162
net/minecraft/client/renderer/blockentity/LecternRenderer	59	66
	32	30
	37	40
	38	41
	39	42
	40	43
	44	46
	45	66
	48	47
	49	48
	51	49
	52	50
	54	51
	56	52
	26	25
	58	64
	27	26
	59	66
	28	27
net/minecraft/client/color/block/BlockTintSource	24	21
	20	17
	24	21
	15	13
net/minecraft/client/model/animal/cow/ColdCowModel	39	46
	32	36
	33	38
	34	39
	36	41
	37	43
	38	44
	39	46
	16	13
	17	14
	20	17
	21	19
	22	22
	23	24
	24	26
	25	28
	27	31
	28	33
	29	33
	30	34
net/minecraft/client/renderer/entity/state/VillagerRenderState	12	14
	12	14
net/minecraft/client/renderer/debug/VillageSectionsDebugRenderer	19	20
	16	17
	17	18
	18	19
	19	20
	15	16
net/minecraft/client/sounds/SoundEngineExecutor	75	67
	64	55
	66	58
	67	59
	68	60
	70	62
	73	65
	74	66
	75	67
	15	13
	17	14
	20	17
	21	18
	22	19
	23	20
	24	21
	29	25
	34	29
	35	30
	37	32
	41	35
	46	39
	50	43
	51	44
	53	46
	58	49
	59	50
	62	53
	63	54
net/minecraft/client/gui/components/Button	120	133
	67	82
	68	83
	69	84
	73	88
	77	92
	78	93
	18	17
	82	97
	83	98
	87	102
	88	103
	89	104
	94	22
	30	126
	31	127
	35	131
	36	132
	101	34
	37	133
	103	35
	104	36
	105	37
	109	41
	110	42
	114	46
	51	66
	52	67
	53	68
	119	51
	120	52
	56	71
	57	72
	58	73
	62	77
	63	78
net/minecraft/client/resources/model/cuboid/ItemModelGenerator	233	236
	40	35
	45	40
	50	46
	54	50
	55	51
	57	53
	58	54
	59	55
	60	56
	63	60
	64	61
	66	62
	67	63
	68	64
	69	65
	70	66
	71	67
	72	68
	74	70
	77	74
	78	75
	80	77
	84	84
	85	85
	87	86
	88	87
	90	88
	91	89
	94	94
	95	95
	96	96
	97	97
	98	98
	99	100
	100	101
	101	102
	103	103
	104	104
	105	105
	108	108
	109	109
	110	110
	112	112
	113	113
	116	116
	117	117
	118	118
	119	119
	120	120
	121	122
	123	125
	124	126
	125	127
	126	128
	127	130
	129	133
	130	134
	131	135
	135	138
	136	139
	137	140
	138	141
	140	142
	141	143
	143	144
	145	146
	146	147
	147	148
	149	150
	150	151
	151	152
	153	154
	154	155
	155	156
	157	158
	158	159
	159	160
	160	162
	163	165
	164	166
	166	168
	169	171
	170	172
	172	173
	173	174
	174	175
	175	176
	176	177
	178	178
	179	179
	180	180
	181	181
	182	182
	186	186
	187	187
	191	200
	192	201
	194	203
	197	206
	198	206
	200	206
	212	228
	213	229
	216	232
	220	236
	229	211
	231	212
	232	214
	233	215
net/minecraft/client/model/monster/nautilus/ZombieNautilusCoralModel	50	75
	32	38
	33	41
	35	46
	36	47
	37	52
	39	57
	40	58
	41	63
	43	68
	48	73
	49	74
	18	16
	50	75
	19	17
	20	18
	21	19
	24	22
	26	23
	28	27
	29	28
	30	33
net/minecraft/client/renderer/feature/ShapeOutlineFeatureRenderer	40	34
	40	34
	17	16
	18	18
	19	19
	20	20
	21	21
	22	22
	23	23
	24	24
	25	25
	26	26
	27	27
	29	29
net/minecraft/client/model/monster/vex/package-info	0	0
net/minecraft/client/renderer/entity/state/SnifferRenderState	0	0
net/minecraft/client/renderer/special/BellSpecialRenderer	52	51
	35	51
	36	51
	37	51
	44	32
	45	33
	49	37
	50	38
	51	39
	52	40
	21	19
	22	20
	23	21
	30	47
net/minecraft/client/renderer/entity/LlamaSpitRenderer	49	41
	32	28
	34	29
	36	30
	37	31
	41	34
	46	38
	47	39
	48	40
	49	41
	20	19
	21	20
	22	21
	26	24
	28	25
	29	26
	30	27
com/mojang/blaze3d/opengl/GlRenderPass	202	200
	131	123
	135	127
	140	132
	141	133
	142	134
	143	135
	144	136
	145	137
	146	138
	150	142
	151	143
	152	144
	156	148
	157	149
	161	153
	166	158
	167	159
	171	163
	172	164
	176	174
	177	175
	181	179
	54	45
	182	180
	55	46
	56	47
	57	48
	186	184
	59	49
	60	50
	61	51
	191	189
	64	54
	192	190
	196	194
	69	59
	197	195
	70	60
	201	199
	74	64
	202	200
	75	65
	79	69
	80	70
	81	71
	83	74
	84	75
	88	79
	89	80
	91	82
	93	85
	94	86
	98	90
	99	91
	100	92
	104	96
	105	97
	106	98
	110	102
	111	103
	115	107
	116	108
	119	111
	123	115
	127	119
net/minecraft/client/renderer/extract/package-info	0	0
net/minecraft/client/animation/definitions/RabbitAnimation	0	0
com/mojang/realmsclient/dto/RealmsSetting	22	18
	17	12
	18	13
	19	14
	22	18
	13	8
net/minecraft/client/model/AdultAndBabyModelPair	5	5
	5	5
net/minecraft/client/resources/model/BlockStateModelLoader	89	112
	64	80
	66	81
	70	87
	71	88
	72	90
	73	91
	74	92
	77	96
	83	106
	85	108
	86	109
	89	112
	35	34
	37	35
	38	35
	39	36
	40	38
	41	39
	42	40
	43	41
	44	42
	45	43
	46	44
	49	46
	50	47
	51	49
	52	57
	53	54
	54	55
	55	56
	56	72
	57	73
	62	78
	63	79
net/minecraft/client/gui/layouts/package-info	0	0
net/minecraft/client/renderer/texture/SpriteLoader	129	162
	129	162
	40	38
	41	39
	42	40
	45	43
	49	47
	50	51
	52	52
	53	53
	55	55
	56	56
	57	57
	58	58
	59	59
	60	67
	65	71
	66	72
	69	74
	70	75
	71	76
	73	78
	76	81
	77	82
	78	83
	79	85
	80	86
	84	90
	85	91
	86	92
	87	93
	88	96
	89	98
	90	99
	94	102
	95	103
	96	104
	97	105
	99	106
	101	124
	102	120
	106	131
	107	133
	111	143
	112	144
	113	145
	114	146
	118	150
	120	151
	121	152
	124	154
net/minecraft/client/gui/layouts/Layout	26	20
	21	15
	22	16
	23	17
	25	19
	26	20
	12	11
	13	12
net/minecraft/client/renderer/item/properties/conditional/Damaged	20	22
	20	22
	15	17
net/minecraft/client/renderer/block/model/properties/select/SelectBlockModelProperty	0	0
net/minecraft/client/model/monster/guardian/GuardianParticleModel	11	11
	10	10
	11	11
net/minecraft/client/renderer/block/dispatch/WeightedVariants	58	61
	36	38
	41	44
	46	49
	47	50
	19	19
	52	55
	21	20
	22	21
	23	22
	24	23
	57	60
	58	61
	27	27
	28	29
	29	30
	31	33
net/minecraft/client/resources/sounds/package-info	0	0
net/minecraft/client/model/object/chest/package-info	0	0
net/minecraft/client/multiplayer/chat/report/package-info	0	0
net/minecraft/client/model/monster/silverfish/SilverfishModel	105	86
	64	47
	66	49
	67	50
	68	51
	72	55
	73	57
	74	57
	75	58
	77	60
	78	62
	79	62
	80	63
	82	65
	83	67
	84	67
	85	68
	88	70
	93	74
	95	76
	96	77
	97	78
	100	81
	101	82
	102	83
	103	84
	104	85
	41	22
	105	86
	42	23
	43	24
	44	25
	47	28
	51	32
	55	36
	56	37
	58	38
	59	39
	60	41
	61	42
	62	44
	63	45
net/minecraft/client/renderer/special/EndCubeSpecialRenderer	67	71
	32	65
	67	51
	38	71
	44	31
	45	32
	49	36
	50	37
	20	19
	21	20
	24	56
	25	57
	26	58
	62	47
	30	63
	63	48
	31	64
net/minecraft/client/data/models/blockstates/package-info	0	0
net/minecraft/client/gui/components/toasts/package-info	0	0
net/minecraft/client/model/animal/chicken/AdultChickenModel	76	52
	65	48
	66	49
	67	49
	68	49
	70	51
	71	51
	72	51
	73	51
	76	52
	19	16
	20	17
	21	18
	25	22
	26	23
	27	24
	28	25
	31	28
	32	29
	36	33
	37	34
	39	35
	40	36
	41	36
	42	36
	44	38
	45	38
	46	38
	49	39
	50	39
	51	39
	54	40
	55	42
	56	42
	57	43
	59	45
	60	45
	62	46
	63	47
net/minecraft/client/renderer/entity/state/TippableArrowRenderState	0	0
com/mojang/blaze3d/systems/RenderPassBackend	0	0
net/minecraft/client/renderer/entity/EntityRenderers	223	274
	27	71
	28	72
	29	73
	30	74
	31	75
	32	76
	33	77
	34	78
	35	79
	36	80
	37	81
	38	82
	39	83
	40	84
	41	85
	42	86
	43	87
	44	88
	45	89
	46	90
	47	91
	48	92
	49	93
	50	94
	51	95
	52	96
	53	97
	54	98
	55	99
	56	100
	57	101
	58	102
	59	103
	60	104
	61	105
	62	106
	63	110
	64	113
	65	114
	66	115
	67	116
	68	117
	69	118
	70	119
	71	120
	72	121
	73	122
	74	123
	75	124
	76	125
	77	126
	78	127
	79	128
	80	129
	81	130
	82	131
	83	132
	84	133
	85	134
	86	135
	87	136
	88	137
	89	140
	90	144
	91	145
	92	146
	93	147
	94	148
	95	149
	96	150
	97	151
	98	152
	99	153
	100	154
	101	155
	102	156
	103	157
	104	158
	105	159
	106	160
	107	161
	108	162
	109	163
	110	164
	111	165
	112	166
	113	167
	114	168
	115	172
	116	175
	117	176
	118	177
	119	178
	120	179
	121	180
	122	181
	123	182
	124	183
	125	184
	126	185
	127	186
	128	187
	129	190
	130	194
	131	196
	132	197
	133	198
	134	199
	135	200
	136	201
	137	202
	138	203
	139	204
	140	205
	141	206
	142	210
	143	217
	144	218
	145	219
	146	220
	147	221
	148	222
	149	223
	150	224
	151	225
	152	226
	153	227
	154	230
	155	232
	156	233
	157	234
	158	235
	159	236
	160	237
	161	238
	162	239
	163	240
	164	241
	165	242
	166	243
	167	244
	168	245
	169	246
	170	247
	171	248
	172	249
	173	250
	174	251
	175	252
	176	253
	177	254
	178	255
	179	259
	180	266
	181	267
	182	271
	183	274
	186	32
	187	33
	190	36
	191	37
	193	39
	194	40
	195	41
	197	43
	198	44
	203	51
	207	52
	208	53
	213	58
	214	60
	215	61
	218	61
	219	62
	220	63
	223	67
net/minecraft/client/gui/screens/recipebook/OverlayRecipeComponent	305	310
	259	230
	260	231
	261	232
	262	233
	263	234
	264	235
	267	238
	274	245
	275	246
	279	250
	281	251
	282	252
	284	254
	285	255
	287	256
	288	257
	289	258
	291	259
	293	260
	295	262
	298	269
	299	266
	300	267
	302	273
	305	276
	52	47
	53	48
	54	49
	57	61
	59	62
	60	63
	62	64
	63	65
	65	66
	66	67
	67	68
	68	69
	71	70
	72	71
	73	72
	74	73
	77	76
	78	77
	79	78
	80	79
	83	82
	84	83
	85	84
	86	85
	89	88
	91	89
	92	91
	93	92
	94	93
	96	94
	97	95
	98	96
	99	97
	101	99
	105	103
	106	104
	109	107
	113	112
	118	117
	119	118
	122	120
	123	121
	124	122
	125	123
	129	127
	134	133
	139	138
	140	149
	143	139
	144	140
	145	141
	147	142
	148	143
	150	145
	151	146
	153	149
	156	152
	157	153
	160	156
	166	161
	170	165
	179	290
	180	291
	181	292
	184	295
	185	296
	186	297
	187	298
	190	302
	195	307
	196	308
	198	310
	212	179
	213	180
	214	181
	217	184
	218	185
	219	186
	220	187
	222	188
	223	189
	224	190
	226	192
	228	194
	229	196
	230	198
	231	199
	232	200
	233	201
	241	209
	246	214
	247	215
	249	217
net/minecraft/client/multiplayer/ClientAdvancements	104	108
	66	68
	69	71
	72	74
	76	78
	77	79
	78	80
	80	83
	81	84
	82	85
	83	86
	86	89
	89	92
	90	93
	91	94
	92	95
	93	96
	94	97
	95	98
	97	100
	98	101
	35	34
	36	35
	100	103
	37	36
	103	107
	40	39
	104	108
	41	40
	42	41
	45	44
	46	45
	47	47
	48	48
	49	49
	50	50
	51	51
	52	52
	53	53
	54	54
	56	57
	57	58
	58	59
	60	62
	61	63
	62	64
net/minecraft/client/particle/CritParticle	91	116
	68	77
	69	78
	73	91
	74	92
	11	13
	75	93
	12	14
	76	94
	13	15
	14	16
	15	17
	16	18
	17	19
	18	20
	19	21
	84	53
	21	22
	85	54
	22	23
	23	24
	24	25
	25	26
	89	67
	90	68
	27	27
	91	69
	29	28
	30	29
	31	30
	35	34
	40	39
	41	40
	42	41
	43	42
	47	46
	54	102
	55	103
	59	116
	60	116
net/minecraft/client/renderer/chunk/SectionTaskDynamicQueue	74	68
	65	59
	70	63
	71	64
	73	67
	74	68
	16	14
	17	15
	20	18
	21	19
	22	20
	23	21
	25	22
	26	24
	27	25
	28	26
	29	27
	30	28
	33	30
	34	31
	35	32
	36	33
	38	36
	39	37
	40	38
	44	43
	45	44
	47	45
	48	49
	49	50
	52	46
	53	47
	58	55
	62	59
	63	59
net/minecraft/client/color/item/MapColor	37	31
	32	26
	17	15
	18	16
	19	16
	37	31
	22	20
	23	21
	27	25
	28	26
	29	26
net/minecraft/client/renderer/GlobalSettingsUniform	53	48
	32	27
	33	28
	34	29
	35	30
	36	31
	37	32
	38	33
	39	34
	40	35
	41	36
	42	37
	43	38
	44	39
	45	40
	47	43
	48	44
	52	47
	53	48
	28	15
net/minecraft/client/data/package-info	0	0
net/minecraft/client/input/package-info	0	0
net/minecraft/client/renderer/debug/LightSectionDebugRenderer	125	121
	35	33
	36	34
	37	35
	41	41
	42	42
	43	43
	44	44
	47	49
	48	50
	50	51
	51	52
	52	53
	55	56
	56	57
	57	58
	58	59
	59	60
	60	61
	61	62
	64	65
	65	66
	66	67
	67	68
	68	69
	69	70
	70	71
	71	72
	72	73
	73	74
	76	77
	77	78
	78	79
	82	79
	84	80
	87	85
	88	86
	89	87
	90	88
	91	89
	92	90
	94	91
	95	92
	96	93
	104	101
	106	102
	107	103
	109	105
	110	106
	111	107
	112	108
	113	109
	114	110
	115	111
	116	112
	117	113
	118	114
	124	120
	125	121
com/mojang/realmsclient/dto/PendingInvitesList	32	31
	32	31
	18	15
	20	18
	21	19
	22	20
	23	21
	24	22
	25	23
	29	27
	30	28
net/minecraft/client/renderer/package-info	0	0
net/minecraft/client/renderer/block/MovingBlockRenderState	67	57
	49	45
	50	45
	67	57
	36	36
	52	45
	37	36
	39	36
	57	49
	26	27
	44	41
	62	53
	31	31
com/mojang/realmsclient/util/task/package-info	0	0
net/minecraft/client/renderer/debug/SolidFaceRenderer	58	64
	33	33
	37	34
	38	36
	39	37
	41	38
	42	39
	43	40
	44	41
	45	42
	46	43
	47	44
	48	45
	49	46
	52	50
	21	21
	22	22
	55	61
	56	62
	26	28
	58	64
	28	29
	30	31
	31	32
net/minecraft/client/resources/WaypointStyleManager	37	33
	33	29
	34	30
	37	33
	28	23
	29	24
net/minecraft/client/gui/components/tabs/GridLayoutTab	43	42
	32	31
	17	16
	33	32
	18	17
	37	36
	22	21
	38	37
	39	38
	27	26
	43	42
net/minecraft/client/gui/screens/recipebook/SearchRecipeBookCategory	37	26
	33	22
	34	23
	37	26
net/minecraft/client/renderer/entity/AbstractCubeMobRenderer	45	41
	34	31
	35	32
	36	33
	37	34
	38	35
	42	38
	43	39
	12	12
	44	40
	13	13
	45	41
	17	16
	22	20
	23	21
	24	22
	28	25
	29	26
	30	27
	31	28
net/minecraft/client/renderer/entity/SilverfishRenderer	28	27
	18	18
	23	23
	28	27
	13	13
	14	14
net/minecraft/client/renderer/entity/state/DonkeyRenderState	0	0
net/minecraft/client/renderer/Octree	269	269
	257	73
	259	74
	260	75
	261	75
	263	75
	266	77
	267	77
	269	77
	18	17
	19	18
	20	19
	21	20
	22	21
	26	22
	27	23
	29	24
	30	25
	31	26
	32	27
	34	28
	35	29
	38	32
	42	36
	43	37
	46	42
	47	43
	48	44
	49	45
	55	96
	68	94
	69	97
	70	98
	71	99
	72	100
	74	101
	75	102
	76	103
	78	104
	80	105
	81	106
	82	107
	83	108
	86	111
	87	112
	88	113
	89	114
	91	115
	92	116
	93	117
	95	118
	97	119
	98	120
	99	121
	100	122
	103	123
	104	124
	105	125
	108	127
	109	128
	110	129
	111	130
	115	137
	116	138
	117	139
	119	142
	120	143
	122	146
	123	147
	125	150
	129	154
	140	160
	141	161
	142	162
	144	164
	145	165
	147	170
	148	171
	149	172
	151	174
	152	175
	154	180
	155	181
	156	182
	158	184
	159	185
	161	188
	166	195
	167	196
	168	197
	169	198
	170	199
	172	202
	173	203
	174	213
	175	215
	176	216
	177	217
	181	221
	185	225
	190	231
	197	245
	198	247
	199	248
	203	254
	204	255
	205	256
	206	258
	208	260
	212	264
	217	269
	247	66
	248	67
	249	68
	250	69
	253	72
	254	73
	255	73
net/minecraft/client/renderer/entity/ZombieNautilusRenderer	75	83
	34	39
	66	75
	36	44
	37	45
	71	79
	40	49
	72	80
	41	50
	73	81
	74	82
	75	83
	44	54
	45	56
	46	58
	52	64
	53	68
	55	65
	56	66
	57	68
	27	28
	28	29
	61	71
	30	34
	31	35
com/mojang/blaze3d/systems/package-info	0	0
net/minecraft/client/renderer/entity/state/CreeperRenderState	0	0
net/minecraft/client/renderer/feature/submit/TranslucentSubmit	19	19
	19	19
	15	15
net/minecraft/client/searchtree/IntersectionIterator	39	36
	32	25
	33	26
	36	29
	37	30
	39	32
	17	15
	18	16
	20	17
	21	18
	26	22
	27	36
	30	23
	31	24
net/minecraft/client/renderer/item/properties/conditional/BundleHasSelectedItem	21	23
	16	18
	21	23
net/minecraft/client/renderer/FaceInfo	107	103
	67	90
	68	91
	69	92
	70	93
	72	94
	73	95
	74	96
	80	49
	81	50
	82	51
	83	52
	84	53
	85	54
	86	55
	91	59
	95	63
	96	64
	99	67
	104	103
	105	103
	106	103
	107	103
	55	79
	56	80
	57	81
	58	82
	60	83
	61	84
	62	85
net/minecraft/client/sounds/LoopingAudioStream	56	56
	32	20
	36	24
	41	29
	42	30
	43	31
	44	32
	45	33
	46	34
	49	37
	18	52
	19	53
	54	41
	55	42
	56	43
	24	56
	28	16
	29	17
	30	18
	31	19
net/minecraft/client/model/geom/builders/LayerDefinition	23	23
	19	19
	23	23
	10	10
	11	11
	12	12
	15	15
net/minecraft/client/resources/model/ResolvedModel	122	130
	23	23
	24	26
	25	26
	26	27
	27	26
	30	30
	34	34
	38	38
	39	39
	40	40
	41	41
	43	44
	45	47
	49	51
	53	55
	54	56
	55	57
	56	58
	58	61
	60	64
	64	68
	68	72
	69	73
	70	74
	71	75
	73	78
	75	81
	79	85
	83	89
	87	93
	91	97
	95	101
	96	102
	97	103
	98	104
	99	105
	100	106
	103	110
	105	113
	109	117
	110	118
	111	119
	112	120
	113	121
	114	122
	115	123
	116	124
	117	125
	118	126
	122	130
com/mojang/realmsclient/dto/RegionSelectionPreferenceDto	24	23
	19	18
	20	19
	21	20
	24	23
net/minecraft/client/renderer/block/BuiltInBlockModels	363	302
	257	216
	263	220
	264	221
	265	222
	268	222
	271	223
	274	223
	277	224
	278	225
	281	227
	282	227
	285	229
	290	234
	294	236
	296	236
	306	270
	307	271
	310	274
	311	275
	312	276
	315	279
	316	280
	319	283
	320	284
	322	286
	68	69
	69	70
	325	289
	70	71
	72	72
	73	73
	74	74
	75	75
	76	76
	77	77
	79	78
	80	79
	82	80
	83	81
	339	302
	85	82
	86	83
	88	84
	90	85
	346	243
	91	86
	347	244
	348	245
	93	87
	94	89
	95	94
	96	95
	353	252
	98	97
	354	253
	99	98
	355	254
	100	99
	356	255
	101	100
	102	101
	103	102
	105	103
	361	260
	106	104
	362	261
	363	262
	109	107
	110	108
	113	111
	117	115
	121	120
	122	120
	124	120
	130	126
	131	126
	133	126
	139	131
	140	132
	141	133
	144	137
	145	137
	147	137
	153	143
	154	143
	156	143
	162	149
	163	150
	165	150
	171	156
	172	157
	174	157
	180	163
	181	163
	183	163
	189	169
	190	169
	192	169
	198	174
	200	174
	205	178
	206	178
	211	182
	212	182
	217	187
	218	189
	219	190
	221	190
	222	190
	228	197
	229	199
	231	199
	237	205
	238	205
	240	205
	246	210
	248	210
	249	210
	254	216
	255	216
net/minecraft/client/particle/HugeExplosionParticle	56	62
	32	31
	34	32
	35	33
	36	37
	39	35
	40	37
	12	11
	44	41
	13	12
	14	13
	15	14
	16	15
	17	16
	18	17
	19	18
	51	48
	20	19
	52	49
	21	20
	56	62
	25	24
	30	29
	31	30
net/minecraft/client/renderer/entity/state/ThrownItemRenderState	0	0
net/minecraft/client/renderer/entity/DragonFireballRenderer	61	63
	32	29
	33	30
	35	31
	37	32
	39	33
	40	35
	43	39
	45	40
	46	41
	49	44
	50	45
	51	46
	52	47
	53	48
	22	20
	23	21
	56	53
	57	59
	27	24
	61	63
net/minecraft/client/particle/TerrainParticle	109	157
	65	73
	70	78
	76	157
	83	134
	84	135
	85	136
	22	22
	86	137
	23	23
	88	140
	26	36
	27	37
	28	38
	29	39
	30	40
	31	41
	95	111
	96	112
	33	42
	97	113
	34	43
	98	114
	35	44
	36	45
	100	117
	37	46
	38	47
	41	50
	105	92
	106	93
	43	51
	107	95
	44	52
	45	53
	109	94
	46	54
	50	58
	55	63
	60	68
com/mojang/blaze3d/platform/BlendOp	0	0
net/minecraft/client/model/animal/bee/BeeStingerModel	28	24
	16	15
	17	16
	20	19
	21	20
	23	21
	24	21
	25	22
	26	23
	28	24
net/minecraft/client/renderer/entity/TntRenderer	74	63
	64	56
	69	60
	72	61
	73	62
	74	63
	19	18
	20	19
	21	20
	22	21
	26	24
	27	25
	28	26
	29	27
	30	28
	31	29
	34	32
	35	33
	36	34
	38	35
	39	36
	42	39
	44	40
	45	41
	48	44
	49	45
	50	46
	51	47
	52	48
	56	52
	57	52
	59	52
net/minecraft/client/model/monster/creaking/CreakingModel	94	113
	64	77
	65	82
	66	84
	68	88
	72	92
	73	93
	77	97
	78	98
	79	99
	84	103
	85	104
	86	105
	87	106
	89	107
	27	23
	91	110
	28	24
	92	111
	29	25
	93	112
	30	26
	94	113
	32	27
	33	28
	34	29
	35	30
	36	31
	39	34
	40	35
	42	36
	44	37
	46	38
	47	43
	48	45
	49	47
	51	51
	52	53
	54	56
	55	58
	57	61
	58	66
	59	68
	61	72
	62	74
net/minecraft/client/renderer/block/model/properties/conditional/IsXmas	9	9
	9	9
com/mojang/realmsclient/util/UploadTokenCache	20	20
	16	16
	19	19
	20	20
	11	11
	15	15
net/minecraft/client/renderer/entity/BatRenderer	32	29
	32	29
	18	17
	23	21
	28	25
	13	13
	29	26
	14	14
	30	27
	31	28
net/minecraft/client/renderer/entity/SpectralArrowRenderer	21	20
	16	16
	21	20
	11	11
	12	12
com/mojang/blaze3d/platform/Window	548	538
	512	503
	514	505
	518	537
	519	538
	523	508
	527	512
	528	513
	531	516
	533	517
	534	518
	535	519
	537	521
	540	524
	544	528
	548	532
	80	77
	82	78
	83	79
	85	80
	87	81
	88	82
	89	83
	90	84
	91	85
	93	89
	95	92
	98	93
	100	94
	101	95
	103	96
	104	97
	106	98
	107	99
	108	100
	109	101
	111	103
	112	104
	113	105
	114	106
	115	107
	118	110
	120	111
	122	112
	123	113
	124	114
	125	115
	126	116
	127	117
	128	118
	131	121
	133	124
	134	125
	135	126
	137	127
	138	128
	139	129
	141	133
	143	133
	144	134
	147	137
	151	141
	155	145
	156	147
	157	148
	158	149
	159	150
	160	151
	161	152
	162	153
	163	154
	168	159
	169	160
	174	164
	178	168
	179	169
	180	170
	181	171
	182	172
	183	173
	184	174
	187	177
	190	180
	191	181
	193	184
	194	185
	195	187
	196	188
	197	190
	198	191
	199	192
	200	193
	201	194
	203	195
	204	196
	205	197
	206	198
	210	202
	212	205
	215	208
	219	213
	221	215
	224	218
	225	219
	230	222
	231	223
	234	226
	235	227
	236	228
	240	232
	241	233
	243	236
	244	237
	245	238
	246	239
	247	240
	250	243
	251	244
	252	245
	254	247
	258	250
	259	251
	260	252
	261	253
	262	254
	263	255
	264	256
	267	259
	268	260
	269	261
	272	264
	273	285
	275	265
	276	266
	278	267
	279	268
	280	285
	283	269
	284	285
	286	270
	288	271
	289	272
	292	275
	293	276
	294	277
	295	278
	296	279
	297	280
	298	281
	300	285
	303	288
	304	289
	305	290
	307	291
	308	292
	309	293
	312	296
	313	297
	314	298
	317	301
	318	302
	320	304
	323	307
	324	308
	326	310
	329	313
	330	314
	333	317
	334	318
	336	321
	337	322
	338	323
	339	324
	342	327
	345	330
	349	334
	350	335
	351	336
	352	337
	354	339
	357	342
	358	343
	359	344
	360	345
	362	347
	367	350
	368	351
	369	352
	370	353
	371	354
	372	355
	374	357
	376	358
	378	361
	379	362
	380	363
	381	364
	382	365
	383	366
	385	369
	386	370
	387	371
	388	372
	390	373
	391	374
	393	375
	397	379
	398	380
	399	381
	400	382
	402	383
	404	385
	407	388
	408	389
	411	392
	412	393
	413	394
	414	395
	415	396
	418	399
	419	402
	420	408
	422	411
	423	412
	425	415
	429	419
	430	420
	431	421
	432	422
	433	423
	434	424
	435	425
	438	428
	439	429
	442	432
	446	436
	450	440
	454	444
	458	448
	462	452
	466	456
	467	457
	470	460
	471	461
	474	464
	478	468
	482	472
	486	476
	490	480
	494	484
	498	488
	502	493
	506	497
	507	498
	510	501
	511	502
com/mojang/realmsclient/util/JsonUtils	93	92
	64	66
	66	68
	71	73
	72	74
	73	75
	75	77
	15	14
	16	15
	80	82
	17	16
	81	83
	18	17
	82	84
	19	18
	84	86
	21	20
	25	26
	89	91
	26	27
	90	92
	27	28
	91	92
	28	29
	29	30
	93	92
	31	32
	35	37
	36	38
	37	39
	39	41
	44	48
	45	49
	46	50
	48	52
	54	59
	55	60
	56	60
	58	60
	62	64
	63	65
net/minecraft/client/gui/layouts/GridLayout	218	232
	132	143
	133	144
	137	148
	138	149
	141	152
	145	156
	18	18
	19	19
	149	160
	22	22
	23	23
	27	27
	29	28
	30	29
	159	172
	32	31
	160	173
	33	32
	161	174
	34	33
	162	175
	163	176
	164	177
	37	36
	38	37
	167	180
	40	39
	41	40
	42	41
	43	43
	171	184
	44	44
	46	47
	47	48
	48	50
	49	51
	179	193
	180	195
	53	55
	181	196
	54	56
	56	57
	184	199
	57	59
	58	60
	60	63
	188	203
	61	65
	62	66
	192	207
	65	69
	66	70
	67	72
	68	73
	196	211
	197	212
	70	76
	71	77
	199	213
	200	214
	73	78
	201	215
	74	80
	202	216
	75	81
	204	219
	77	84
	78	85
	206	220
	81	88
	82	89
	210	224
	83	90
	86	93
	214	228
	90	97
	218	232
	94	101
	98	105
	102	111
	103	112
	105	113
	106	114
	108	116
	109	117
	113	124
	117	128
	118	129
	122	133
	123	134
	127	138
com/mojang/realmsclient/dto/RealmsRegion	71	70
	65	64
	66	65
	67	66
	68	67
	69	68
	71	70
	42	41
	43	42
	44	43
	47	47
	48	48
	49	49
	52	53
	60	60
	61	61
net/minecraft/client/searchtree/MergingUniqueIterator	44	36
	32	26
	33	27
	35	28
	36	29
	39	31
	40	32
	41	33
	44	36
	18	15
	19	16
	21	17
	22	18
	26	22
	27	23
	28	24
	29	25
net/minecraft/client/model/animal/equine/DonkeyModel	69	63
	66	60
	67	61
	68	62
	69	63
	19	16
	20	17
	27	23
	30	24
	33	35
	36	36
	39	39
	40	40
	41	41
	45	45
	46	45
	47	45
	51	49
	52	50
	53	50
	54	51
	55	52
	57	53
	58	54
	59	54
	60	55
	61	56
	62	57
net/minecraft/client/renderer/entity/state/SlimeRenderState	0	0
net/minecraft/client/model/animal/feline/AdultOcelotModel	9	9
	8	8
	9	9
net/minecraft/client/gui/contextualbar/ExperienceBar	39	36
	32	28
	33	29
	36	32
	39	36
	17	16
	18	17
	22	21
	24	22
	25	23
	27	24
	28	25
	29	26
	31	27
com/mojang/blaze3d/pipeline/BindGroupLayout	109	117
	64	70
	71	77
	74	80
	75	81
	79	85
	80	86
	17	16
	18	17
	82	88
	19	18
	83	89
	22	21
	87	94
	88	95
	26	25
	90	97
	91	98
	30	29
	95	103
	34	33
	35	35
	36	36
	101	109
	38	39
	102	110
	103	111
	105	113
	42	43
	43	45
	44	46
	108	116
	109	117
	46	49
	50	53
	51	55
	52	56
	53	58
	54	59
	55	60
	58	64
	59	65
	60	66
net/minecraft/client/color/item/ItemTintSources	22	27
	16	21
	17	22
	18	23
	19	24
	20	25
	21	26
	22	27
	11	16
	14	19
	15	20
net/minecraft/client/model/Model	62	60
	34	33
	35	34
	38	37
	42	41
	46	45
	47	46
	50	49
	51	50
	20	19
	21	20
	53	52
	22	21
	23	22
	57	56
	26	25
	58	57
	30	29
	62	60
net/minecraft/client/gui/Hud	1472	1460
	1024	881
	1025	882
	1028	886
	1029	887
	1030	888
	1032	891
	1033	892
	1034	893
	1037	896
	1040	901
	1041	902
	1044	905
	1045	906
	1046	907
	1047	908
	1048	909
	1049	910
	1050	911
	1051	912
	1052	914
	1054	915
	1055	916
	1058	919
	1059	920
	1061	921
	1062	922
	1063	923
	1064	924
	1065	925
	1066	926
	1067	927
	1068	928
	1072	932
	1076	935
	1077	936
	1078	936
	1082	940
	1086	944
	1090	948
	1091	949
	1092	950
	1093	951
	1094	952
	1096	954
	1099	957
	1100	958
	1101	960
	1102	961
	1107	965
	1108	966
	1109	967
	1110	968
	1112	970
	1113	971
	1114	972
	1117	975
	1118	975
	1119	976
	1123	979
	1124	980
	1125	981
	1126	982
	1128	985
	1129	986
	1132	989
	1135	992
	1136	993
	1137	1022
	1139	994
	1140	995
	1141	1022
	1143	996
	1145	997
	1148	998
	1149	999
	1150	1000
	1151	1002
	1153	1002
	1154	1003
	1155	1004
	1157	1006
	1158	1007
	1159	1008
	1160	1009
	1161	1010
	1163	1013
	1164	1014
	1167	1018
	1168	1002
	1170	1022
	1173	1025
	1174	1026
	1175	1029
	1178	1032
	1179	1033
	1180	1033
	1182	1034
	1183	1035
	1185	1036
	1186	1037
	1187	1038
	1188	1039
	1191	1040
	1193	1041
	1195	1042
	1197	1043
	1199	1044
	1200	1045
	1203	1048
	1204	1049
	1205	1050
	1206	1051
	1207	1052
	1210	1055
	1212	1056
	1214	1057
	1215	1058
	1216	1060
	1217	1062
	1218	1063
	1219	1064
	199	185
	200	186
	201	187
	1225	1068
	202	188
	1226	1070
	203	189
	1227	1071
	204	190
	1228	1072
	205	191
	1229	1073
	1230	1074
	207	192
	208	194
	1232	1076
	209	196
	210	198
	211	200
	1235	1079
	1236	1082
	214	202
	215	203
	1239	1085
	1240	1086
	1241	1087
	218	206
	1242	1088
	219	207
	1244	1091
	222	210
	1246	1092
	223	211
	1247	1093
	1248	1094
	226	214
	1251	1097
	1252	1098
	230	218
	1254	1099
	231	219
	1255	1100
	232	220
	1256	1101
	233	221
	1257	1102
	1258	1103
	1260	1104
	1261	1105
	238	224
	1262	1106
	239	225
	240	248
	1264	1107
	242	226
	1266	1120
	243	227
	1267	1121
	244	228
	245	229
	246	230
	1270	1132
	247	231
	1271	1149
	248	232
	250	235
	1274	1133
	1275	1134
	252	236
	1276	1135
	253	237
	254	238
	1278	1136
	255	239
	1279	1137
	256	240
	1280	1138
	257	241
	1281	1139
	258	242
	259	243
	260	244
	1284	1142
	261	245
	1286	1143
	263	248
	1287	1144
	1289	1147
	266	251
	1290	1149
	267	252
	1293	1152
	270	255
	1294	1153
	271	256
	1295	1154
	1297	1156
	274	259
	275	260
	1300	1159
	277	262
	1301	1160
	278	263
	1303	1163
	280	265
	1304	1164
	1305	1165
	1306	1166
	283	268
	1307	1167
	284	269
	285	270
	1310	1171
	287	272
	1312	1172
	1313	1173
	290	275
	1314	1174
	291	276
	1317	1177
	294	279
	1318	1178
	295	280
	1320	1179
	297	281
	1321	1180
	1322	1181
	299	282
	1323	1184
	300	283
	1324	1185
	301	284
	1325	1186
	303	286
	1327	1189
	305	288
	306	289
	1330	1192
	307	290
	1331	1193
	308	291
	309	292
	1334	1196
	1335	1197
	1336	1198
	1337	1199
	1338	1200
	315	298
	316	299
	1341	1203
	1342	1204
	319	302
	1343	1205
	320	303
	1344	1206
	321	304
	322	305
	323	306
	1347	1209
	324	307
	1348	1210
	325	308
	1349	1211
	326	309
	1350	1212
	327	310
	328	311
	1353	1215
	1354	1216
	331	314
	1356	1219
	1357	1220
	334	317
	335	330
	1359	1223
	1360	1224
	338	318
	1362	1227
	1363	1228
	340	319
	341	320
	1365	1230
	342	321
	343	322
	1368	1233
	345	323
	1369	1234
	348	326
	1372	1237
	349	327
	1373	1238
	350	328
	1374	1239
	351	330
	1377	1242
	354	333
	1378	1243
	355	334
	1379	1244
	356	360
	1380	1245
	358	335
	359	336
	1383	1248
	360	337
	361	338
	362	339
	1387	1252
	364	342
	365	343
	366	344
	367	345
	1391	1256
	370	347
	371	348
	1395	1260
	373	350
	375	353
	1399	1264
	376	354
	378	355
	1403	1268
	380	358
	381	360
	1407	1272
	384	363
	1408	1273
	385	401
	1409	1274
	1410	1275
	1411	1276
	388	364
	1412	1277
	389	365
	1413	1278
	390	366
	1414	1279
	391	367
	392	368
	393	369
	1417	1282
	394	370
	396	373
	397	374
	1421	1286
	399	377
	400	378
	401	379
	1425	1290
	402	380
	1426	1291
	403	381
	405	382
	1429	1294
	406	383
	1430	1296
	1431	1298
	408	384
	1432	1299
	409	385
	1433	1300
	410	386
	1434	1301
	1435	1302
	412	387
	1436	1303
	1437	1304
	414	388
	1438	1305
	415	389
	416	390
	1441	1308
	418	391
	419	392
	420	393
	1444	1311
	423	396
	1448	1315
	425	399
	426	401
	1452	1320
	429	404
	1453	1321
	430	405
	1454	1322
	431	406
	432	407
	1456	1323
	433	408
	1457	1324
	434	409
	1458	1325
	436	411
	1460	1327
	1461	1327
	439	414
	1463	1327
	440	415
	441	416
	442	417
	1466	1329
	443	418
	1467	1330
	444	419
	445	420
	1469	1332
	1470	1332
	448	424
	1472	1332
	449	425
	450	426
	451	427
	453	429
	456	432
	457	433
	458	434
	459	438
	460	439
	461	440
	463	436
	465	442
	468	445
	470	446
	471	475
	474	447
	475	447
	476	475
	480	448
	481	449
	482	450
	483	451
	485	452
	486	453
	487	454
	488	455
	489	456
	490	457
	491	458
	492	459
	495	462
	496	463
	498	464
	499	465
	500	466
	501	467
	503	468
	504	469
	508	475
	511	478
	512	479
	515	480
	516	481
	517	482
	518	483
	519	484
	520	485
	523	487
	527	492
	529	493
	530	533
	533	494
	534	495
	536	497
	537	498
	539	499
	540	500
	541	501
	542	502
	543	503
	546	506
	547	507
	548	508
	550	510
	551	511
	552	512
	555	515
	556	516
	557	517
	559	519
	561	520
	562	521
	563	522
	564	523
	565	525
	569	529
	572	533
	575	536
	576	536
	577	536
	581	540
	582	541
	584	543
	587	546
	588	547
	590	550
	592	551
	593	552
	594	553
	597	556
	599	557
	600	558
	602	561
	604	562
	605	563
	606	564
	607	565
	609	567
	612	570
	613	571
	614	626
	617	572
	618	573
	619	574
	620	575
	621	576
	623	577
	624	578
	626	586
	627	587
	628	588
	630	590
	634	594
	635	596
	636	597
	637	598
	638	599
	641	602
	642	603
	643	604
	644	605
	646	607
	650	611
	651	612
	652	613
	653	614
	654	615
	655	616
	656	617
	659	620
	661	621
	662	622
	665	626
	668	629
	669	630
	670	631
	671	632
	674	635
	675	636
	676	637
	677	638
	679	639
	682	642
	683	643
	684	644
	686	647
	687	648
	690	651
	693	654
	694	673
	697	655
	698	656
	700	658
	701	659
	703	662
	706	667
	707	668
	708	669
	709	670
	710	671
	711	673
	716	676
	717	677
	718	682
	719	684
	720	685
	721	686
	722	687
	723	688
	724	689
	725	690
	726	691
	727	692
	728	693
	730	695
	732	696
	733	697
	734	698
	736	699
	737	701
	738	702
	741	709
	742	705
	743	706
	744	707
	745	708
	746	709
	747	710
	749	711
	750	712
	752	713
	754	714
	755	715
	757	716
	758	718
	759	719
	760	720
	762	721
	763	722
	765	724
	768	728
	772	733
	773	734
	774	735
	775	736
	776	737
	778	740
	779	741
	782	745
	786	749
	787	758
	790	750
	791	751
	792	752
	793	753
	795	756
	799	763
	803	767
	804	768
	805	817
	807	769
	809	770
	810	771
	811	772
	812	773
	813	774
	814	775
	815	776
	816	777
	818	780
	819	781
	820	782
	822	785
	823	786
	824	787
	826	788
	827	789
	829	790
	830	791
	831	792
	832	793
	833	794
	834	795
	835	796
	836	797
	837	798
	840	801
	841	802
	843	803
	844	804
	846	805
	847	806
	848	807
	849	808
	850	809
	851	810
	854	813
	855	814
	857	815
	858	817
	861	822
	862	823
	863	841
	865	824
	866	826
	867	827
	868	828
	869	829
	871	832
	872	833
	874	836
	875	837
	878	841
	953	1424
	954	1425
	955	1426
	956	1427
	957	1428
	958	1429
	959	1430
	960	1431
	961	1432
	964	1435
	965	1436
	966	1437
	968	1439
	971	1441
	972	1442
	974	1444
	981	1450
	982	1451
	983	1452
	984	1453
	985	1454
	986	1455
	988	1457
	990	1460
	995	856
	996	857
	998	858
	999	859
	1000	860
	1002	862
	1003	863
	1004	864
	1006	865
	1007	866
	1009	867
	1010	868
	1012	871
	1013	872
	1016	875
	1018	876
	1020	877
	1021	878
	1022	879
	1023	880
com/mojang/blaze3d/vulkan/VulkanCommandEncoder	613	706
	513	585
	514	586
	518	600
	519	601
	521	603
	522	604
	523	605
	524	606
	525	607
	526	608
	527	609
	528	610
	529	611
	530	612
	531	613
	532	614
	534	615
	535	616
	537	618
	541	621
	542	622
	544	623
	545	624
	547	625
	549	627
	551	631
	552	632
	553	633
	554	634
	555	635
	556	636
	557	637
	558	638
	559	639
	560	640
	562	646
	568	660
	569	658
	570	659
	574	664
	575	665
	577	668
	582	673
	583	674
	74	68
	75	69
	77	70
	589	680
	78	72
	79	73
	80	74
	592	681
	81	75
	593	682
	82	76
	594	683
	83	77
	84	78
	85	80
	86	82
	599	688
	88	85
	600	689
	89	86
	602	691
	91	89
	604	692
	93	90
	605	693
	94	91
	95	92
	607	695
	608	696
	99	96
	611	699
	100	97
	612	701
	101	98
	613	706
	102	99
	103	100
	107	101
	108	103
	109	104
	111	107
	112	108
	115	111
	116	112
	119	115
	123	120
	124	121
	126	122
	127	123
	128	124
	130	128
	135	132
	136	133
	138	134
	139	135
	141	137
	142	138
	143	139
	150	144
	154	148
	155	156
	157	149
	158	150
	160	152
	161	153
	162	156
	165	159
	166	160
	168	162
	169	163
	170	165
	173	168
	174	169
	176	171
	177	172
	178	174
	181	177
	182	178
	184	180
	185	181
	186	183
	189	186
	190	187
	193	190
	194	191
	195	192
	196	193
	197	194
	198	195
	199	196
	200	197
	201	198
	205	202
	206	203
	207	204
	208	205
	209	206
	211	207
	214	208
	215	209
	216	210
	219	212
	220	213
	221	214
	222	215
	223	217
	227	221
	232	226
	233	227
	234	229
	235	230
	236	231
	238	234
	240	235
	241	236
	243	238
	244	239
	245	240
	246	241
	247	242
	248	243
	251	244
	252	245
	253	246
	255	249
	256	250
	257	251
	260	254
	261	255
	262	256
	263	257
	265	259
	266	260
	269	263
	270	265
	271	266
	272	267
	273	268
	274	269
	275	270
	276	271
	277	272
	278	273
	279	274
	280	275
	281	276
	282	277
	283	278
	285	280
	288	283
	289	284
	290	285
	291	286
	294	290
	296	291
	297	292
	298	293
	299	294
	300	295
	301	296
	302	297
	303	298
	304	299
	305	300
	306	301
	307	302
	308	303
	309	304
	310	305
	311	306
	312	307
	314	309
	316	312
	319	315
	321	316
	324	321
	329	326
	330	327
	332	329
	333	330
	334	331
	335	332
	336	334
	337	335
	339	338
	342	341
	343	342
	344	343
	345	344
	346	345
	347	346
	348	347
	350	348
	351	349
	354	352
	356	353
	357	354
	358	355
	359	356
	360	357
	361	358
	363	359
	364	360
	368	364
	369	365
	370	366
	372	368
	376	372
	377	373
	378	374
	379	375
	381	377
	387	391
	388	392
	389	393
	391	396
	392	402
	394	404
	395	405
	396	406
	397	407
	398	408
	400	409
	401	410
	402	411
	403	412
	404	413
	406	414
	407	415
	408	416
	409	417
	410	418
	411	419
	413	420
	414	421
	415	422
	417	424
	421	428
	422	429
	423	430
	425	432
	429	436
	430	437
	432	439
	434	440
	436	444
	437	445
	439	447
	443	451
	444	452
	445	453
	446	454
	447	455
	448	456
	449	457
	451	459
	455	474
	456	475
	457	476
	458	477
	460	478
	461	479
	462	492
	466	506
	467	507
	468	520
	471	535
	472	536
	473	537
	474	538
	475	539
	476	540
	477	541
	478	542
	479	543
	480	544
	481	545
	482	546
	484	547
	485	548
	487	550
	491	554
	492	555
	497	569
	498	570
	499	571
	500	572
	501	573
	502	574
	503	575
	504	576
	505	577
	506	578
	507	579
	508	580
	510	581
	511	582
net/minecraft/client/renderer/chunk/package-info	0	0
net/minecraft/client/gui/screens/dialog/DialogScreen	250	265
	51	54
	52	55
	53	56
	54	57
	55	58
	59	62
	61	63
	63	64
	65	65
	67	66
	68	67
	70	68
	72	70
	73	71
	74	72
	75	73
	79	77
	80	78
	83	81
	85	82
	86	83
	88	84
	90	85
	93	86
	94	87
	95	88
	97	90
	98	91
	100	92
	101	93
	104	98
	107	103
	111	107
	112	108
	113	109
	114	110
	115	111
	118	114
	119	115
	120	116
	121	117
	122	118
	126	122
	127	123
	129	124
	131	125
	132	126
	134	128
	137	132
	138	137
	139	138
	141	140
	142	141
	147	146
	152	151
	157	156
	158	157
	161	160
	162	161
	165	164
	166	165
	167	166
	168	167
	171	170
	172	171
	174	173
	176	175
	180	178
	181	179
	182	189
	183	191
	184	184
	185	195
	186	196
	187	197
	188	199
	190	201
	193	205
	197	209
	198	210
	199	211
	200	212
	201	213
	202	214
	204	216
	205	217
	208	220
	209	221
	210	222
	211	224
	212	225
	214	228
	217	231
	224	238
	228	242
	229	244
	231	245
	233	247
	235	249
	236	250
	237	251
	238	252
	241	255
	242	256
	245	260
	249	264
	250	265
net/minecraft/client/model/object/projectile/ArrowModel	45	40
	32	29
	33	30
	35	31
	40	35
	41	36
	42	37
	43	38
	45	40
	17	17
	18	18
	21	21
	22	22
	24	23
	25	25
	26	25
	28	26
	30	28
	31	28
net/minecraft/client/server/LanServer	26	26
	17	17
	21	21
	25	25
	26	26
	11	11
	12	12
	13	13
	14	14
net/minecraft/client/particle/PlayerCloudParticle	90	106
	69	67
	70	68
	74	81
	13	15
	14	16
	15	17
	17	18
	18	19
	82	89
	19	20
	83	90
	20	21
	21	22
	22	23
	23	24
	87	103
	88	104
	25	25
	89	105
	26	26
	90	106
	27	27
	28	28
	29	29
	31	30
	32	31
	34	32
	35	33
	36	34
	40	38
	45	43
	50	48
	51	49
	52	50
	53	51
	54	52
	55	53
	56	54
	57	55
	58	56
	59	57
	63	61
net/minecraft/client/renderer/entity/PandaRenderer	149	147
	128	130
	130	131
	131	132
	132	133
	137	138
	138	139
	139	140
	140	141
	141	142
	143	144
	146	147
	147	147
	149	147
	40	57
	42	58
	43	59
	47	62
	48	63
	53	67
	58	71
	59	72
	60	73
	61	74
	62	75
	63	76
	64	77
	65	78
	66	79
	67	80
	68	81
	69	82
	70	83
	71	84
	75	87
	77	88
	78	89
	79	90
	80	91
	82	92
	83	93
	85	94
	86	95
	87	96
	88	97
	90	98
	91	99
	92	100
	93	101
	94	102
	95	103
	96	104
	98	105
	99	106
	100	107
	101	108
	102	109
	103	110
	104	111
	106	112
	107	113
	108	114
	109	115
	110	116
	111	117
	112	118
	114	119
	115	120
	119	124
	120	125
	121	126
	122	127
	125	128
	127	129
net/minecraft/client/resources/metadata/animation/AnimationFrame	32	25
	16	13
	32	25
	17	15
	23	18
	24	18
	28	21
	29	22
	14	10
	15	12
net/minecraft/client/gui/narration/NarratableEntry	27	24
	16	15
	27	24
	12	11
net/minecraft/client/particle/WhiteSmokeParticle	27	45
	16	25
	22	31
	23	32
	27	45
	12	21
	13	22
	14	23
	15	24
com/mojang/blaze3d/vulkan/glsl/ShaderCompileException	6	6
	5	5
	6	6
net/minecraft/client/gui/screens/DirectJoinServerScreen	92	94
	65	69
	66	70
	67	71
	71	75
	72	76
	76	80
	77	81
	78	82
	81	85
	82	86
	86	90
	24	22
	88	91
	25	23
	89	92
	26	24
	27	25
	91	93
	28	26
	92	94
	32	30
	33	31
	34	32
	36	34
	41	40
	42	41
	43	42
	44	43
	45	44
	46	46
	47	51
	49	53
	50	54
	54	58
	55	59
	59	63
	60	64
	61	65
	62	66
net/minecraft/client/renderer/entity/state/WardenRenderState	0	0
net/minecraft/client/gui/screens/dialog/package-info	0	0
net/minecraft/client/renderer/item/ClientItem	40	31
	16	11
	17	11
	18	12
	36	25
	21	16
	37	27
	22	17
	38	28
	39	29
	40	31
	25	20
	15	10
net/minecraft/client/gui/screens/dialog/DialogListDialogScreen	32	27
	32	27
	18	17
	19	18
	23	21
	27	25
	29	26
	30	26
net/minecraft/client/gui/screens/reporting/AbstractReportScreen	249	227
	65	55
	66	56
	67	57
	68	58
	69	59
	72	62
	74	63
	75	64
	76	65
	77	66
	79	67
	84	72
	86	73
	87	74
	88	75
	90	76
	92	77
	93	78
	94	79
	97	82
	98	83
	103	89
	104	91
	105	92
	106	93
	107	94
	108	95
	109	96
	110	97
	111	98
	113	100
	114	101
	115	102
	116	103
	119	106
	120	107
	121	108
	122	109
	126	113
	127	114
	128	115
	131	118
	132	119
	134	120
	135	121
	136	122
	137	123
	139	124
	140	125
	141	126
	142	128
	143	129
	145	132
	147	135
	149	137
	150	138
	153	141
	154	142
	155	144
	156	144
	157	145
	160	148
	163	150
	164	151
	166	153
	169	156
	170	157
	173	160
	175	161
	176	163
	177	163
	178	164
	181	167
	182	168
	184	170
	187	173
	188	174
	192	178
	193	179
	195	181
	197	183
	201	187
	202	188
	203	189
	212	199
	213	200
	214	201
	218	205
	219	206
	220	207
	221	208
	222	208
	223	208
	225	209
	226	209
	227	210
	228	211
	229	212
	230	212
	232	213
	233	213
	234	214
	235	215
	236	216
	237	216
	239	217
	244	222
	245	223
	249	227
net/minecraft/client/gui/screens/inventory/ItemCombinerScreen	53	50
	33	33
	35	34
	36	35
	40	39
	41	40
	42	41
	43	42
	17	17
	49	47
	18	18
	19	19
	53	50
	22	22
	26	26
	27	27
	28	28
	29	29
net/minecraft/client/entity/ClientAvatarState	103	95
	65	56
	67	61
	70	64
	74	68
	78	72
	82	76
	83	77
	84	78
	23	20
	87	81
	24	21
	88	82
	25	22
	89	83
	26	23
	92	86
	29	26
	30	27
	33	30
	98	90
	99	91
	37	34
	38	35
	39	36
	103	95
	41	37
	42	38
	43	39
	46	40
	47	41
	48	44
	49	45
	51	42
	54	48
	55	51
	56	52
	58	49
	61	55
	62	58
	63	59
net/minecraft/client/resources/ClientPackSource	124	100
	68	50
	69	51
	70	52
	73	55
	77	55
	82	60
	83	61
	84	62
	85	63
	88	67
	92	71
	93	72
	94	73
	95	74
	96	75
	97	76
	98	77
	103	81
	104	82
	109	87
	114	92
	119	96
	121	97
	122	98
	124	100
net/minecraft/client/renderer/texture/MipmapStrategy	23	21
	18	17
	19	18
	23	21
net/minecraft/client/resources/sounds/SoundEventRegistration	27	28
	16	16
	19	19
	23	23
	27	28
	13	13
	14	14
	15	15
net/minecraft/client/resources/model/cuboid/CuboidModelElement	163	164
	128	127
	129	128
	130	129
	132	132
	136	136
	137	137
	138	138
	140	140
	144	145
	145	146
	146	146
	148	149
	150	147
	154	154
	155	155
	156	156
	159	158
	160	160
	161	161
	34	29
	35	30
	163	164
	57	50
	58	51
	59	52
	60	53
	61	54
	62	55
	63	56
	65	58
	66	59
	67	60
	68	61
	69	62
	70	63
	72	66
	73	67
	77	71
	81	77
	82	80
	83	81
	84	82
	87	84
	88	94
	89	95
	90	96
	91	85
	92	89
	93	90
	94	91
	95	92
	97	86
	99	99
	101	100
	103	78
	107	105
	108	106
	109	107
	110	108
	112	110
	116	115
	118	116
	119	117
	122	119
	126	124
	127	125
net/minecraft/client/gui/components/debug/DebugEntryVersion	18	28
	18	28
	13	15
	14	24
com/mojang/realmsclient/gui/screens/RealmsNotificationsScreen	190	179
	128	154
	131	157
	135	160
	136	161
	137	162
	138	163
	139	164
	140	165
	141	166
	144	169
	145	170
	146	172
	147	173
	148	174
	149	175
	24	22
	152	178
	153	179
	161	32
	35	67
	164	37
	36	68
	166	38
	167	39
	40	72
	169	40
	41	73
	43	75
	174	45
	47	79
	48	80
	49	81
	178	50
	52	85
	181	55
	53	86
	54	87
	183	56
	56	89
	185	57
	190	62
	63	95
	64	96
	65	97
	66	98
	67	99
	69	101
	73	105
	74	106
	76	108
	79	111
	83	115
	88	120
	90	121
	91	122
	93	124
	98	128
	101	131
	103	132
	104	133
	106	134
	107	135
	109	136
	111	137
	112	138
	113	139
	116	142
	117	143
	118	144
	119	145
	122	148
	123	149
	124	150
	127	153
net/minecraft/client/main/package-info	0	0
net/minecraft/client/renderer/entity/layers/ParrotOnShoulderLayer	55	66
	32	39
	34	41
	37	53
	38	54
	39	54
	40	54
	44	55
	45	56
	46	57
	47	58
	48	59
	49	60
	50	61
	20	20
	52	62
	21	21
	22	22
	54	65
	55	66
	26	32
	27	33
	28	34
	30	37
	31	38
net/minecraft/client/multiplayer/ChunkBatchSizeCalculator	33	28
	33	28
	18	18
	22	19
	23	20
	24	21
	25	22
	26	23
	28	25
	14	14
	15	15
net/minecraft/client/gui/render/pip/package-info	0	0
net/minecraft/client/model/monster/endermite/package-info	0	0
net/minecraft/client/model/animal/parrot/package-info	0	0
net/minecraft/client/renderer/state/LightmapRenderState	0	0
net/minecraft/client/gui/spectator/SpectatorMenuListener	0	0
net/minecraft/client/model/animal/bee/AdultBeeModel	91	57
	22	18
	24	19
	25	20
	26	21
	27	22
	31	26
	32	27
	33	28
	34	29
	37	32
	38	33
	40	34
	41	34
	42	34
	44	35
	45	35
	46	35
	48	36
	49	36
	50	36
	53	37
	54	38
	55	38
	56	38
	58	40
	59	41
	60	41
	61	41
	64	43
	65	44
	66	46
	67	46
	68	47
	70	49
	71	51
	72	51
	73	52
	75	54
	76	54
	77	54
	78	54
	80	55
	81	55
	82	55
	83	55
	85	56
	86	56
	87	56
	88	56
	91	57
net/minecraft/client/player/inventory/package-info	0	0
net/minecraft/client/renderer/item/properties/conditional/FishingRodCast	29	30
	18	20
	20	21
	21	22
	24	24
	29	30
net/minecraft/client/gui/components/Tooltip	70	75
	64	68
	34	37
	66	71
	38	41
	70	75
	42	45
	46	49
	50	54
	55	59
	56	60
	58	62
	27	30
	28	31
	29	32
	61	65
	30	33
	62	66
	31	34
	63	67
net/minecraft/client/renderer/item/properties/select/CustomModelDataProperty	41	39
	19	18
	20	19
	36	34
	21	19
	41	39
	27	28
	28	29
	29	29
	31	29
net/minecraft/client/particle/BlockMarker	33	42
	16	16
	17	17
	33	42
	18	18
	22	22
	27	27
	13	13
	14	14
	15	15
com/mojang/realmsclient/gui/screens/RealmsCreateRealmScreen	133	119
	128	114
	132	118
	133	119
	40	35
	41	36
	42	37
	43	38
	47	42
	49	43
	51	44
	52	45
	54	46
	55	47
	56	48
	58	49
	59	50
	61	51
	62	52
	63	53
	65	54
	66	55
	67	56
	71	60
	72	61
	76	65
	77	66
	80	69
	81	70
	82	71
	83	72
	84	73
	85	74
	86	75
	87	76
	88	76
	89	77
	90	78
	92	80
	93	80
	94	81
	96	83
	97	84
	99	86
	101	89
	102	90
	105	93
	107	95
	110	98
	112	101
	113	102
	114	103
	119	108
	120	109
	121	109
	122	110
	123	111
	124	112
	127	113
com/mojang/realmsclient/util/task/SwitchSlotTask	54	54
	33	31
	34	32
	37	35
	38	36
	39	37
	41	40
	42	41
	43	42
	44	43
	46	46
	47	47
	50	50
	19	17
	20	18
	21	19
	22	20
	54	54
	26	23
	27	25
	29	27
	30	28
net/minecraft/client/renderer/entity/state/RabbitRenderState	0	0
net/minecraft/client/model/npc/VillagerModel	124	97
	25	23
	26	24
	27	25
	28	26
	29	27
	30	28
	33	31
	34	32
	36	33
	38	34
	39	34
	40	34
	43	35
	44	36
	45	36
	48	38
	49	39
	50	39
	51	39
	53	41
	54	41
	55	41
	56	41
	58	42
	59	42
	60	42
	63	43
	64	44
	65	44
	68	46
	69	48
	70	49
	71	51
	72	53
	73	55
	75	57
	76	58
	77	58
	78	58
	80	60
	81	61
	82	61
	83	61
	86	63
	90	67
	91	68
	92	69
	97	73
	99	74
	100	75
	102	76
	103	77
	104	78
	106	80
	109	83
	110	84
	111	85
	112	86
	113	87
	117	91
	122	95
	123	96
	124	97
net/minecraft/client/renderer/blockentity/state/BrushableBlockRenderState	0	0
net/minecraft/client/renderer/blockentity/state/BlockEntityRenderState	34	37
	32	35
	33	36
	34	37
	23	26
	24	27
	25	28
	26	29
	27	30
	28	31
	31	34
net/minecraft/client/renderer/entity/AbstractZombieRenderer	48	41
	32	31
	33	32
	34	33
	38	36
	43	40
	44	41
	46	41
	48	41
	19	21
	21	22
	22	23
	26	26
	31	30
net/minecraft/client/model/animal/polarbear/PolarBearModel	76	65
	65	56
	66	57
	67	58
	69	59
	70	60
	71	61
	73	62
	74	63
	75	64
	76	65
	18	15
	19	16
	22	19
	23	20
	25	21
	26	23
	27	24
	28	26
	29	28
	30	30
	31	33
	33	35
	34	37
	35	37
	36	37
	37	38
	40	40
	41	41
	42	41
	43	42
	44	43
	46	44
	47	44
	48	45
	49	46
	51	47
	52	47
	57	51
	59	52
	60	53
	62	54
	63	55
net/minecraft/client/gui/screens/recipebook/GhostSlots	84	80
	64	60
	65	61
	68	66
	69	75
	71	67
	72	68
	73	69
	74	70
	76	75
	80	79
	81	80
	82	80
	84	80
	22	22
	23	23
	26	26
	27	27
	30	30
	31	31
	32	32
	34	34
	37	37
	38	38
	41	41
	42	42
	45	45
	46	46
	47	47
	49	48
	50	49
	52	51
	55	54
	57	55
	59	56
	61	57
	62	58
net/minecraft/client/renderer/entity/state/ItemClusterRenderState	36	33
	32	33
	33	33
	36	33
	16	16
	17	17
	18	18
	19	19
	22	22
	26	26
	27	27
	28	28
	29	29
	30	30
	31	31
net/minecraft/client/renderer/state/level/LevelRenderState	44	46
	33	35
	34	36
	35	37
	36	38
	37	39
	38	40
	39	41
	40	42
	41	43
	42	44
	43	45
	44	46
net/minecraft/client/resources/model/ModelDebugName	0	0
com/mojang/realmsclient/gui/screens/RealmsSelectWorldTemplateScreen	365	396
	260	381
	261	382
	262	383
	263	384
	267	388
	271	392
	275	396
	297	261
	298	263
	299	264
	300	265
	302	266
	304	268
	306	271
	307	272
	309	273
	311	275
	313	277
	317	281
	318	282
	319	283
	320	284
	322	287
	323	288
	325	291
	326	292
	72	68
	73	69
	329	295
	76	78
	77	79
	78	80
	334	300
	79	81
	335	312
	336	313
	81	82
	337	314
	82	83
	339	315
	340	316
	85	85
	341	317
	86	86
	343	320
	88	89
	344	321
	89	90
	345	322
	347	325
	348	326
	93	94
	349	327
	94	95
	350	328
	95	96
	351	329
	96	97
	352	330
	97	98
	353	331
	99	99
	355	333
	101	100
	102	101
	103	102
	359	337
	104	103
	360	339
	105	104
	361	340
	106	105
	362	341
	363	342
	108	106
	365	345
	110	107
	111	108
	112	109
	116	113
	117	114
	118	115
	122	119
	123	120
	124	121
	125	122
	129	126
	130	127
	131	128
	132	129
	136	133
	137	134
	140	137
	141	138
	143	140
	146	143
	147	144
	149	146
	152	149
	153	150
	155	152
	158	158
	161	161
	162	162
	163	164
	165	165
	168	166
	169	169
	170	170
	171	171
	172	172
	174	175
	176	177
	177	179
	178	180
	180	183
	182	184
	183	185
	184	187
	185	189
	187	192
	189	194
	190	199
	192	201
	193	203
	194	204
	198	208
	199	209
	200	210
	206	216
	208	217
	210	218
	211	219
	213	221
	216	224
	217	225
	218	226
	219	227
	220	228
	221	230
	222	231
	223	232
	224	233
	225	234
	226	235
	227	236
	228	237
	230	240
	233	243
	237	351
	238	352
	240	355
	241	357
	242	363
	243	364
	246	367
	247	368
	251	372
	252	373
	253	374
	255	376
net/minecraft/client/renderer/entity/layers/CarriedBlockLayer	37	38
	32	33
	33	34
	35	35
	36	36
	37	38
	15	14
	16	15
	20	25
	21	26
	22	38
	25	27
	27	28
	28	29
	29	30
	30	31
	31	32
net/minecraft/client/server/IntegratedPlayerList	30	26
	16	16
	17	17
	21	20
	22	21
	25	22
	14	15
	30	26
com/mojang/realmsclient/client/RealmsError	184	163
	64	158
	131	105
	69	163
	136	110
	141	115
	78	52
	142	116
	144	117
	83	57
	150	26
	152	27
	88	62
	155	28
	156	29
	30	124
	99	73
	35	129
	36	130
	37	131
	167	32
	103	77
	168	33
	40	133
	169	34
	41	134
	170	35
	42	135
	171	36
	107	81
	43	136
	172	37
	174	37
	111	85
	47	140
	115	89
	180	39
	52	146
	181	40
	119	93
	184	43
	120	94
	121	95
	122	96
	59	153
	125	98
	126	99
com/mojang/blaze3d/opengl/VertexArrayCache	205	194
	128	127
	129	128
	133	129
	134	130
	138	131
	139	132
	140	133
	141	134
	142	135
	143	136
	144	137
	145	138
	147	140
	149	143
	150	144
	23	21
	24	22
	152	148
	25	23
	27	25
	155	152
	156	153
	157	154
	158	155
	159	156
	163	160
	164	161
	37	38
	165	162
	38	39
	166	163
	42	45
	170	165
	43	46
	44	47
	174	166
	47	48
	175	167
	48	49
	176	168
	49	50
	177	169
	178	170
	51	51
	179	171
	52	52
	53	53
	54	54
	183	172
	185	175
	58	56
	61	57
	189	180
	62	58
	64	61
	68	66
	69	68
	70	69
	71	70
	75	71
	203	192
	76	72
	204	193
	77	73
	205	194
	79	75
	80	76
	81	77
	82	78
	83	79
	84	80
	85	81
	86	82
	87	83
	89	86
	90	87
	92	89
	94	92
	95	93
	98	97
	107	106
	108	107
	109	108
	111	109
	113	111
	115	113
	120	119
	121	120
	122	121
	123	122
	124	123
	126	124
	127	126
net/minecraft/client/renderer/RenderBuffers	38	32
	16	11
	32	27
	19	14
	36	30
	37	31
	38	32
	23	18
	27	22
	13	9
	15	10
	31	26
net/minecraft/client/gui/components/CycleButton	304	345
	259	267
	260	268
	261	269
	264	271
	265	272
	266	273
	267	274
	269	276
	279	320
	280	321
	25	24
	283	324
	288	329
	294	335
	295	336
	296	337
	299	340
	47	56
	48	57
	304	345
	49	58
	50	59
	51	60
	52	61
	53	62
	54	63
	55	64
	56	65
	57	66
	58	67
	59	68
	60	69
	64	73
	65	74
	66	75
	68	77
	71	80
	72	81
	74	83
	77	86
	78	87
	82	91
	83	92
	85	94
	87	96
	90	99
	91	100
	92	101
	94	102
	95	103
	96	104
	99	107
	100	108
	105	113
	106	114
	107	115
	108	116
	110	119
	114	123
	115	124
	116	125
	117	126
	121	129
	122	130
	126	134
	127	135
	130	138
	131	139
	132	140
	133	141
	134	142
	137	145
	141	149
	145	153
	150	158
	156	163
	157	164
	158	165
	159	166
	160	167
	161	168
	163	170
	166	173
	170	176
	174	180
	178	184
	182	188
	186	192
	192	199
	193	200
	200	206
	201	207
	202	208
	205	211
	210	216
	214	220
	218	224
	222	228
	223	229
	227	233
	228	234
	232	238
	233	239
	237	243
	238	244
	242	248
	243	249
	247	253
	251	257
	255	261
net/minecraft/client/renderer/entity/StriderRenderer	66	60
	66	60
	35	36
	36	37
	38	39
	43	44
	44	45
	46	45
	48	45
	53	49
	23	22
	25	23
	58	53
	27	28
	59	54
	28	29
	60	55
	61	56
	62	57
	31	33
net/minecraft/client/renderer/entity/VillagerRenderer	55	52
	36	39
	37	40
	39	40
	41	40
	46	44
	51	48
	52	49
	53	50
	22	20
	54	51
	55	52
	24	21
	25	22
	26	31
	27	32
	31	35
net/minecraft/client/animation/definitions/BatAnimation	0	0
net/minecraft/client/gui/components/debug/DebugEntryChunkGeneration	62	58
	32	35
	33	43
	36	36
	38	37
	39	38
	42	41
	43	43
	46	46
	47	47
	49	48
	51	49
	52	50
	53	51
	55	52
	56	53
	57	54
	59	55
	28	32
	60	56
	29	33
	30	34
	62	58
net/minecraft/client/gui/screens/inventory/InventoryScreen	144	153
	129	139
	130	140
	131	141
	132	142
	133	143
	134	144
	139	149
	140	150
	141	151
	144	153
	32	28
	33	29
	34	30
	35	31
	39	35
	41	36
	42	37
	44	43
	48	47
	49	48
	50	56
	52	54
	53	56
	57	60
	62	65
	63	66
	67	70
	68	71
	72	75
	73	76
	75	77
	76	78
	77	79
	81	83
	86	88
	91	93
	92	94
	93	95
	94	96
	96	97
	97	98
	100	112
	101	113
	103	114
	104	115
	106	116
	107	117
	108	118
	110	119
	111	120
	112	121
	113	122
	114	123
	115	124
	117	126
	119	129
	120	130
	121	131
	124	134
	125	135
	126	136
net/minecraft/client/renderer/entity/state/FrogRenderState	0	0
net/minecraft/client/gui/layouts/EqualSpacingLayout	174	168
	129	125
	130	126
	131	127
	136	132
	137	133
	138	134
	143	139
	144	141
	145	144
	147	146
	150	149
	151	151
	152	154
	154	156
	27	16
	28	17
	157	159
	158	160
	31	20
	159	161
	32	21
	33	22
	164	166
	37	26
	165	167
	166	168
	39	27
	40	67
	43	28
	44	29
	173	102
	46	31
	174	103
	47	32
	48	33
	51	36
	53	37
	55	38
	56	39
	57	40
	58	41
	59	42
	60	43
	61	45
	62	46
	63	47
	64	48
	65	49
	69	53
	70	55
	71	56
	74	59
	75	61
	76	64
	78	67
	82	71
	83	72
	87	76
	88	77
	91	80
	95	84
	99	88
	103	92
	104	93
	108	97
	115	111
	116	112
	117	113
	122	118
	123	119
	124	120
com/mojang/blaze3d/audio/DeviceTracker	0	0
net/minecraft/client/renderer/blockentity/state/EndPortalRenderState	0	0
com/mojang/blaze3d/font/TrueTypeGlyphProvider	216	223
	128	126
	129	127
	130	129
	132	132
	133	133
	134	134
	138	138
	146	222
	147	223
	158	150
	159	152
	160	153
	33	38
	34	39
	162	154
	36	40
	164	155
	165	156
	38	41
	39	42
	167	157
	168	158
	41	43
	42	44
	44	45
	172	162
	45	46
	46	48
	47	49
	48	50
	177	169
	50	51
	51	52
	180	174
	53	55
	54	56
	185	179
	58	60
	59	61
	62	64
	190	184
	65	57
	195	189
	69	72
	70	73
	200	194
	74	77
	75	78
	76	79
	77	80
	205	199
	79	81
	207	201
	80	82
	208	202
	81	83
	209	203
	82	84
	211	206
	87	89
	216	210
	93	93
	94	94
	95	95
	97	98
	98	99
	99	100
	102	102
	104	103
	105	104
	106	105
	107	106
	108	107
	110	108
	111	110
	114	109
	118	115
	119	118
	121	116
	126	124
	127	125
net/minecraft/client/renderer/chunk/RenderSectionRegion	83	80
	32	30
	64	63
	33	31
	34	32
	35	33
	36	34
	69	68
	40	37
	74	72
	45	42
	79	76
	50	49
	83	80
	55	53
	60	58
	29	27
	30	28
	31	29
net/minecraft/client/renderer/debug/EntityBlockIntersectionDebugRenderer	17	17
	16	16
	17	17
	14	16
	15	16
net/minecraft/client/model/monster/enderman/package-info	0	0
net/minecraft/client/gui/screens/advancements/AdvancementsScreen	289	274
	256	242
	260	245
	264	249
	265	250
	266	251
	268	253
	272	257
	273	258
	277	261
	278	262
	279	263
	282	267
	283	268
	288	273
	289	274
	65	54
	66	55
	69	58
	70	59
	71	60
	72	61
	76	65
	77	66
	78	67
	79	68
	80	69
	81	70
	82	71
	85	73
	87	76
	89	77
	90	78
	91	79
	95	83
	96	84
	100	88
	101	89
	105	93
	106	94
	107	95
	108	96
	110	98
	114	102
	115	103
	116	104
	118	106
	119	107
	120	108
	121	109
	125	114
	130	119
	131	120
	132	121
	133	122
	135	124
	140	130
	142	131
	143	132
	144	133
	145	134
	146	135
	147	136
	148	137
	149	138
	150	139
	151	140
	152	141
	153	142
	154	143
	157	147
	158	148
	162	152
	163	153
	164	154
	167	156
	168	157
	169	158
	170	159
	172	162
	177	168
	178	169
	183	174
	184	175
	185	176
	187	178
	191	183
	192	184
	193	185
	194	186
	195	187
	196	188
	197	192
	200	190
	201	192
	204	195
	205	196
	206	197
	207	198
	210	201
	211	202
	214	206
	215	207
	218	210
	219	211
	220	212
	222	213
	223	214
	225	215
	228	218
	229	219
	230	220
	231	221
	235	225
	239	228
	240	229
	241	232
	243	230
	244	232
	248	235
	252	238
	253	239
	254	240
net/minecraft/client/gui/screens/inventory/MenuAccess	0	0
net/minecraft/client/renderer/entity/WindChargeRenderer	38	44
	33	39
	21	19
	22	20
	38	44
	23	21
	27	25
	29	35
	30	36
net/minecraft/client/resources/server/PackReloadConfig	0	0
net/minecraft/client/gui/components/MultiLineEditBox	320	318
	256	255
	257	256
	259	259
	260	260
	263	263
	280	277
	281	278
	285	282
	286	283
	290	287
	291	288
	37	47
	38	48
	39	49
	295	292
	40	50
	296	293
	41	51
	42	52
	43	53
	44	54
	300	297
	45	55
	301	298
	48	58
	49	59
	305	302
	306	303
	52	62
	53	63
	310	307
	311	308
	56	66
	57	67
	315	312
	60	70
	316	313
	61	71
	64	74
	320	318
	65	75
	68	78
	73	83
	74	84
	78	88
	79	89
	81	91
	82	92
	84	94
	88	98
	89	99
	90	100
	91	101
	95	105
	100	110
	101	114
	104	111
	105	112
	110	120
	111	121
	116	126
	117	127
	118	128
	119	214
	122	132
	123	133
	124	134
	125	135
	127	136
	128	137
	129	138
	130	139
	133	140
	134	142
	135	143
	137	144
	139	145
	140	146
	141	147
	142	148
	144	149
	145	150
	147	151
	148	152
	149	153
	150	154
	152	157
	156	159
	157	160
	158	161
	159	162
	161	163
	162	164
	167	168
	170	171
	171	172
	174	175
	175	176
	177	177
	178	178
	179	180
	180	181
	181	182
	183	184
	187	188
	188	189
	190	191
	191	192
	193	194
	195	197
	198	200
	202	205
	203	206
	206	209
	207	210
	208	211
	210	214
	214	218
	216	219
	217	220
	218	221
	219	222
	221	224
	225	228
	229	232
	231	233
	233	234
	234	235
	236	237
	238	238
	239	239
	243	243
	244	244
	247	247
	248	248
	250	249
	251	250
	255	254
net/minecraft/client/model/monster/guardian/package-info	0	0
net/minecraft/client/gui/components/events/GuiEventListener	85	77
	34	31
	38	35
	70	64
	42	39
	74	69
	75	69
	77	69
	46	43
	81	73
	50	47
	19	16
	85	77
	22	19
	26	23
	58	52
	30	27
	62	56
net/minecraft/client/renderer/item/properties/numeric/Count	30	26
	19	19
	20	20
	22	21
	23	21
	25	21
	13	13
	14	14
	30	26
	15	14
net/minecraft/client/model/animal/wolf/package-info	0	0
net/minecraft/client/renderer/texture/atlas/SpriteSource	39	33
	39	21
	24	32
	25	33
net/minecraft/client/input/MouseButtonEvent	19	17
	19	17
	10	6
	14	11
net/minecraft/client/particle/SimpleVerticalParticle	37	63
	16	25
	17	26
	18	27
	19	28
	37	63
	23	32
	11	20
	12	21
	13	22
	29	47
	14	23
	15	24
net/minecraft/client/renderer/PlayerSkinRenderCache	148	150
	128	131
	67	69
	68	70
	132	135
	69	70
	133	136
	135	139
	72	70
	76	74
	140	143
	77	75
	78	76
	79	77
	80	78
	81	79
	145	148
	146	149
	147	150
	84	81
	148	150
	89	86
	93	90
	31	33
	34	37
	35	37
	36	38
	37	39
	38	40
	39	41
	104	104
	105	106
	106	107
	107	108
	110	111
	47	50
	50	54
	114	115
	51	55
	118	119
	119	120
	121	123
	60	63
	61	64
	125	127
	62	65
	126	128
	63	66
net/minecraft/client/model/monster/silverfish/package-info	0	0
net/minecraft/client/renderer/DynamicUniforms	104	81
	65	45
	70	49
	74	53
	78	57
	82	61
	88	80
	89	80
	90	80
	91	80
	92	80
	93	81
	99	68
	100	69
	101	70
	102	71
	103	72
	104	73
	43	27
	44	28
	45	29
	49	32
	50	33
	51	34
	55	37
	60	41
net/minecraft/client/data/models/model/ItemModelUtils	199	188
	130	140
	131	140
	133	140
	139	145
	143	149
	144	149
	146	149
	151	153
	155	157
	159	161
	162	161
	36	36
	167	167
	40	40
	168	168
	169	169
	170	170
	44	44
	174	176
	175	176
	48	48
	177	176
	52	52
	182	182
	56	56
	184	182
	186	182
	60	60
	64	64
	192	186
	193	187
	195	188
	68	68
	196	188
	198	188
	199	188
	72	74
	76	80
	80	86
	84	90
	88	94
	92	98
	96	104
	100	110
	109	114
	113	118
	118	125
	122	131
	123	131
	125	131
com/mojang/blaze3d/IndexType	17	14
	17	14
	10	10
	11	11
	14	14
	15	14
net/minecraft/client/multiplayer/ServerData	181	164
	136	150
	137	151
	138	152
	139	153
	140	154
	147	160
	148	161
	151	164
	41	40
	42	41
	170	129
	43	42
	44	43
	172	131
	173	132
	174	133
	47	46
	48	47
	176	135
	49	48
	177	136
	51	49
	53	50
	181	140
	54	51
	55	52
	58	55
	62	59
	66	63
	67	64
	70	67
	71	68
	72	69
	73	70
	74	71
	78	76
	82	80
	83	81
	86	84
	90	88
	94	92
	98	96
	102	100
	103	101
	106	104
	107	105
	110	108
	111	109
	112	110
	113	111
	116	114
	117	115
	118	116
	119	117
	122	120
	126	124
	127	125
net/minecraft/client/renderer/entity/state/LightningBoltRenderState	0	0
net/minecraft/client/gui/screens/friends/AbstractFriendsTab	70	57
	64	53
	65	53
	38	33
	70	57
	39	34
	40	35
	42	37
	43	38
	47	41
	48	42
	49	43
	53	46
	54	47
	23	20
	55	48
	24	21
	56	49
	25	22
	28	25
	61	53
	62	53
	63	53
net/minecraft/client/particle/ParticleDescription	34	31
	16	15
	32	30
	17	16
	34	31
	20	19
	24	23
	25	24
	26	25
	29	27
	30	28
	31	29
net/minecraft/client/renderer/entity/SheepRenderer	42	37
	35	31
	36	32
	37	33
	38	34
	39	35
	41	36
	42	37
	17	17
	19	18
	20	19
	21	20
	25	23
	30	27
net/minecraft/client/gui/screens/inventory/AbstractRecipeBookScreen	152	135
	132	117
	134	118
	135	119
	139	123
	141	124
	142	125
	146	129
	147	130
	23	23
	151	134
	24	24
	152	135
	25	25
	29	29
	30	30
	31	31
	32	32
	34	33
	35	34
	40	39
	41	40
	42	41
	43	42
	44	43
	45	44
	46	45
	47	46
	48	47
	49	48
	52	51
	56	55
	57	56
	59	58
	61	61
	62	62
	64	63
	65	64
	67	65
	68	66
	69	67
	73	71
	74	72
	75	73
	78	76
	83	81
	84	81
	86	81
	91	86
	92	86
	94	86
	99	91
	100	92
	101	93
	104	95
	105	95
	108	95
	113	101
	114	101
	116	101
	121	106
	126	111
	127	112
net/minecraft/client/gui/screens/worldselection/DataPackReloadCookie	0	0
net/minecraft/client/gui/components/TextCursorUtils	21	20
	17	16
	18	17
	21	20
	13	12
	14	13
com/mojang/blaze3d/vulkan/VulkanGpuSampler	102	101
	64	64
	65	68
	67	65
	68	66
	69	68
	73	72
	78	77
	83	82
	88	87
	27	32
	28	33
	29	34
	93	92
	30	35
	31	36
	32	37
	33	38
	98	97
	35	40
	36	41
	37	42
	38	43
	102	101
	39	44
	40	45
	41	46
	42	47
	48	48
	49	49
	50	50
	51	51
	52	52
	53	53
	55	55
	59	59
	60	60
com/mojang/realmsclient/gui/screens/configuration/RealmsInviteScreen	120	106
	37	35
	38	36
	39	37
	40	38
	44	42
	46	43
	48	44
	49	45
	50	46
	52	47
	54	48
	55	49
	56	50
	60	54
	61	55
	65	59
	66	60
	68	62
	71	65
	72	88
	75	66
	76	67
	77	88
	80	68
	81	69
	82	88
	85	71
	86	72
	87	73
	88	74
	89	75
	91	76
	92	76
	93	77
	94	78
	96	80
	98	83
	99	84
	100	85
	101	88
	104	91
	105	92
	106	93
	110	97
	111	98
	115	102
	117	103
	118	104
	120	106
net/minecraft/client/renderer/blockentity/WallAndGroundTransformations	30	27
	16	14
	19	15
	20	17
	21	18
	23	20
	26	23
	30	27
net/minecraft/client/renderer/blockentity/state/BlockEntityWithBoundingBoxRenderState	0	0
com/mojang/blaze3d/resource/package-info	0	0
net/minecraft/client/renderer/entity/ItemFrameRenderer	162	141
	130	110
	135	114
	140	118
	141	119
	142	120
	143	121
	144	122
	145	123
	146	124
	147	125
	148	126
	149	127
	150	128
	151	129
	152	130
	153	131
	157	136
	158	137
	160	139
	162	141
	38	34
	39	35
	40	36
	41	37
	42	38
	46	41
	47	41
	49	41
	54	45
	55	46
	57	47
	59	48
	61	49
	63	50
	64	51
	68	54
	69	55
	70	56
	72	58
	73	59
	75	62
	76	63
	78	64
	79	65
	80	66
	81	67
	82	68
	85	71
	86	72
	88	74
	91	77
	92	78
	93	79
	95	80
	96	81
	97	82
	98	83
	99	84
	100	85
	101	86
	102	87
	103	88
	105	89
	107	90
	108	91
	111	94
	112	95
	115	98
	120	102
	125	106
net/minecraft/client/renderer/special/ShieldSpecialRenderer	88	95
	68	50
	69	53
	70	54
	72	55
	41	32
	73	56
	42	33
	43	34
	75	57
	76	59
	79	73
	80	74
	82	77
	52	91
	86	81
	87	82
	88	83
	57	95
	63	38
net/minecraft/client/player/inventory/Hotbar	80	77
	64	59
	65	60
	67	63
	68	64
	71	67
	72	68
	73	69
	76	73
	80	77
	27	25
	28	25
	40	31
	41	32
	44	35
	45	36
	48	39
	49	41
	50	43
	51	44
	52	45
	54	47
	58	51
	59	52
	60	54
	61	55
	62	56
	63	58
com/mojang/blaze3d/TracyFrameCapture	125	112
	35	33
	36	34
	37	35
	38	36
	39	37
	40	38
	41	39
	44	42
	46	43
	47	44
	48	45
	50	48
	51	49
	52	50
	56	53
	57	54
	59	55
	60	56
	61	57
	63	58
	64	59
	65	60
	66	61
	67	62
	68	63
	69	64
	71	66
	76	69
	77	90
	79	70
	81	71
	82	72
	83	73
	84	74
	87	77
	88	78
	89	80
	90	81
	91	82
	92	83
	93	84
	96	87
	98	88
	99	90
	104	93
	105	100
	107	94
	109	96
	110	97
	112	100
	115	103
	116	104
	117	105
	118	106
	122	109
	123	110
	124	111
	125	112
net/minecraft/client/gui/screens/options/HasGamemasterPermissionReaction	0	0
net/minecraft/client/gui/screens/worldselection/WorldSelectionList	742	835
	513	620
	517	624
	518	631
	521	625
	522	626
	523	631
	526	628
	527	631
	530	636
	532	639
	533	640
	534	641
	536	644
	537	645
	538	646
	539	647
	540	648
	543	652
	546	655
	547	656
	549	663
	550	662
	551	678
	552	679
	553	680
	555	682
	558	685
	559	686
	562	690
	563	691
	564	692
	565	693
	566	694
	567	695
	568	696
	569	697
	570	698
	571	699
	575	704
	577	705
	578	706
	579	707
	581	708
	582	709
	583	710
	584	711
	585	712
	586	713
	588	716
	589	717
	592	720
	593	754
	594	723
	596	726
	597	727
	598	728
	599	729
	601	730
	602	731
	603	734
	604	736
	605	743
	606	744
	611	750
	613	769
	614	770
	615	771
	616	772
	617	773
	618	776
	619	778
	620	779
	621	780
	111	120
	112	121
	624	784
	114	122
	627	787
	116	123
	628	788
	117	124
	118	125
	119	126
	631	791
	120	127
	632	792
	121	128
	633	798
	634	797
	123	130
	635	813
	636	814
	125	133
	637	815
	126	134
	127	135
	640	818
	642	820
	131	139
	132	140
	133	141
	646	824
	647	825
	137	146
	649	827
	138	147
	139	148
	140	152
	652	830
	141	153
	143	149
	657	835
	146	156
	147	157
	148	158
	154	163
	155	164
	667	372
	668	373
	159	168
	672	377
	161	169
	673	378
	162	170
	674	379
	164	173
	676	380
	165	174
	677	381
	678	382
	679	383
	168	177
	680	384
	169	192
	171	178
	172	179
	684	388
	173	181
	175	184
	176	185
	180	188
	181	189
	183	192
	186	195
	187	196
	189	199
	190	200
	702	306
	703	307
	704	308
	195	205
	707	311
	196	206
	708	312
	197	207
	198	208
	199	209
	712	316
	713	317
	202	212
	203	212
	204	213
	205	214
	717	321
	718	322
	210	219
	722	326
	211	220
	723	327
	212	221
	213	223
	214	224
	215	225
	727	331
	216	227
	728	332
	218	230
	220	233
	732	336
	221	234
	733	337
	222	235
	223	236
	225	238
	737	341
	226	239
	738	342
	227	240
	228	241
	742	347
	231	244
	235	248
	236	249
	237	250
	240	253
	241	254
	245	258
	250	262
	251	263
	252	264
	254	266
	257	269
	258	270
	259	270
	261	270
	265	274
	266	275
	267	276
	270	279
	275	284
	276	285
	277	289
	279	287
	280	289
	285	354
	288	358
	296	396
	297	397
	301	401
	306	406
	307	407
	308	408
	325	425
	326	427
	327	428
	328	429
	329	430
	330	431
	331	432
	333	433
	334	434
	335	435
	336	436
	337	437
	338	438
	341	441
	342	442
	343	443
	344	444
	345	445
	347	448
	348	449
	349	450
	350	451
	351	452
	354	455
	355	456
	356	457
	357	458
	358	459
	361	462
	362	463
	363	464
	366	467
	367	490
	370	469
	371	470
	372	471
	373	472
	374	473
	375	474
	377	476
	380	480
	381	481
	383	483
	384	484
	385	485
	386	486
	387	487
	389	490
	393	494
	394	496
	395	496
	396	496
	398	498
	399	499
	401	502
	402	503
	404	506
	409	511
	410	512
	411	513
	413	514
	414	515
	416	516
	417	517
	419	518
	421	519
	422	520
	423	521
	424	522
	426	523
	427	524
	428	525
	429	526
	430	527
	431	528
	432	529
	433	530
	434	531
	437	534
	438	535
	439	536
	440	537
	442	539
	443	540
	444	541
	445	542
	447	544
	448	545
	449	546
	450	547
	452	549
	453	550
	454	551
	455	552
	456	553
	457	554
	459	560
	460	561
	461	562
	462	563
	465	571
	466	572
	469	575
	470	576
	471	577
	475	581
	478	584
	483	589
	484	590
	485	591
	487	592
	488	593
	489	594
	490	595
	491	596
	492	597
	496	602
	501	607
	502	608
	503	609
	504	610
	505	611
	506	612
	509	616
net/minecraft/client/renderer/feature/FeatureRendererType	25	20
	16	11
	17	13
	20	16
	25	20
net/minecraft/client/renderer/feature/FlameFeatureRenderer	87	75
	64	55
	65	56
	66	57
	67	58
	68	59
	69	60
	70	61
	71	62
	72	43
	74	64
	77	69
	78	70
	87	75
	24	20
	25	21
	26	22
	27	24
	28	25
	30	27
	33	30
	34	31
	36	32
	37	33
	39	34
	40	35
	42	36
	43	37
	45	38
	47	39
	48	40
	49	41
	50	43
	52	43
	53	44
	55	45
	56	46
	57	47
	58	48
	59	49
	60	50
	61	51
	62	52
net/minecraft/client/searchtree/IdSearchTree	41	35
	18	17
	19	18
	35	29
	20	19
	21	20
	39	33
	40	34
	41	35
	27	24
	28	25
	29	25
	31	25
net/minecraft/client/telemetry/TelemetryPropertyMap	109	111
	66	68
	73	75
	78	79
	82	83
	20	19
	21	20
	24	23
	89	90
	28	27
	92	93
	93	94
	31	29
	32	31
	33	32
	97	98
	98	99
	35	35
	100	102
	39	39
	40	40
	104	106
	41	40
	105	107
	43	40
	109	111
	48	45
	49	47
	50	48
	52	51
	56	57
	57	58
	58	59
	59	60
	61	62
net/minecraft/client/resources/sounds/BeeFlyingSoundInstance	19	19
	19	19
	9	9
	10	10
	14	14
net/minecraft/client/renderer/debug/LightDebugRenderer	57	65
	32	33
	34	34
	36	35
	38	37
	39	38
	40	39
	41	40
	42	42
	44	52
	45	53
	46	54
	49	57
	50	58
	51	59
	52	60
	53	61
	25	24
	57	65
	26	25
	27	26
	28	27
net/minecraft/client/model/animal/ghast/HappyGhastHarnessModel	45	48
	32	34
	37	40
	38	41
	39	42
	40	43
	42	45
	43	46
	45	48
	20	19
	21	20
	22	21
	25	24
	26	25
	28	26
	30	29
net/minecraft/client/renderer/state/GameRenderState	17	16
	17	16
com/mojang/blaze3d/shaders/GpuDebugOptions	0	0
com/mojang/realmsclient/dto/Subscription	43	36
	33	24
	38	30
	39	31
	24	16
	25	17
	41	33
	26	18
	27	19
	43	36
	28	20
	30	22
	31	23
net/minecraft/client/gui/screens/inventory/StructureBlockEditScreen	451	471
	39	40
	76	75
	77	76
	78	77
	81	80
	82	81
	84	83
	87	86
	88	87
	89	88
	90	89
	91	90
	92	91
	93	92
	94	93
	95	94
	99	98
	100	99
	102	100
	103	101
	104	102
	105	103
	106	104
	107	105
	108	106
	110	107
	111	108
	112	109
	113	110
	115	112
	116	113
	117	114
	118	115
	119	116
	121	118
	122	120
	123	121
	124	122
	125	123
	126	124
	127	125
	128	126
	131	128
	132	129
	133	130
	134	131
	136	133
	137	134
	138	137
	141	139
	142	142
	145	144
	146	146
	147	147
	148	148
	151	150
	152	153
	155	155
	156	158
	159	160
	160	161
	161	162
	162	163
	163	164
	164	165
	165	166
	166	167
	167	168
	168	169
	169	170
	170	171
	171	172
	172	173
	173	174
	174	175
	176	178
	180	183
	181	184
	183	185
	186	188
	187	189
	188	190
	190	191
	191	192
	192	193
	193	194
	194	195
	195	196
	196	197
	197	198
	198	199
	199	200
	200	201
	201	202
	202	203
	204	204
	205	205
	206	206
	207	207
	208	208
	209	209
	210	210
	211	211
	212	212
	213	213
	214	214
	215	215
	216	216
	218	217
	219	218
	220	219
	221	220
	222	221
	223	222
	224	223
	225	224
	227	225
	228	226
	229	227
	230	228
	232	229
	233	230
	234	231
	238	235
	239	236
	243	240
	244	241
	245	242
	246	243
	247	244
	248	245
	249	246
	250	247
	251	248
	252	249
	254	250
	256	251
	257	252
	258	253
	259	254
	260	255
	261	256
	262	257
	263	258
	264	259
	265	260
	266	261
	269	264
	270	265
	271	266
	272	267
	274	268
	275	270
	276	273
	277	276
	278	279
	280	281
	283	284
	284	285
	285	286
	286	287
	287	288
	288	289
	289	290
	290	291
	291	292
	292	293
	294	294
	295	295
	296	296
	297	297
	298	298
	299	299
	300	300
	301	301
	302	302
	303	303
	304	304
	305	305
	307	306
	309	308
	310	309
	311	310
	312	311
	313	312
	314	313
	315	314
	316	315
	317	316
	318	317
	319	318
	320	319
	321	320
	323	322
	324	323
	325	324
	326	325
	327	326
	328	327
	329	328
	330	329
	331	330
	332	331
	333	332
	334	333
	335	334
	336	335
	337	336
	338	337
	339	338
	340	340
	341	343
	343	345
	346	349
	347	352
	348	354
	349	355
	350	356
	351	377
	356	382
	357	383
	358	384
	364	390
	365	391
	366	392
	372	398
	373	399
	374	400
	380	406
	381	407
	385	411
	386	412
	389	413
	390	414
	391	415
	394	417
	399	423
	401	424
	402	425
	404	426
	405	427
	406	428
	409	431
	410	432
	411	433
	412	434
	413	435
	415	436
	418	439
	419	440
	420	441
	421	442
	422	443
	424	444
	425	445
	428	448
	429	449
	430	450
	431	451
	432	452
	433	453
	436	456
	437	457
	438	458
	441	461
	442	462
	446	466
	451	471
net/minecraft/client/renderer/entity/FishingHookRenderer	169	153
	129	121
	130	122
	131	123
	133	124
	134	125
	135	126
	136	127
	137	128
	138	129
	139	130
	141	131
	142	132
	146	135
	151	139
	153	140
	154	141
	155	142
	156	150
	29	27
	30	28
	159	144
	160	145
	34	31
	162	146
	163	147
	164	148
	165	150
	39	37
	41	38
	169	153
	42	39
	44	40
	46	41
	47	42
	48	43
	49	44
	50	45
	51	46
	53	47
	55	48
	56	49
	57	50
	58	51
	60	52
	61	53
	62	55
	63	56
	64	57
	65	58
	66	59
	68	61
	70	62
	71	63
	72	64
	81	67
	82	67
	83	67
	87	71
	89	72
	90	84
	91	85
	92	86
	93	87
	94	88
	95	89
	98	90
	101	91
	108	73
	109	74
	111	75
	112	79
	113	80
	114	81
	116	82
	121	97
	125	103
	126	109
net/minecraft/client/renderer/feature/GizmoFeatureRenderer	187	177
	31	27
	32	29
	33	30
	34	31
	35	32
	36	33
	37	34
	38	35
	40	37
	43	40
	44	74
	46	41
	47	42
	48	43
	50	45
	51	46
	52	47
	53	48
	54	49
	55	50
	58	52
	60	53
	62	55
	65	58
	66	59
	67	63
	70	67
	71	68
	72	69
	75	71
	77	74
	80	77
	81	123
	84	78
	85	79
	86	80
	87	81
	88	82
	89	83
	90	84
	91	85
	92	86
	93	87
	95	89
	96	90
	97	91
	98	92
	99	93
	101	94
	102	95
	104	96
	109	97
	113	98
	114	99
	119	103
	120	104
	121	105
	122	106
	124	108
	128	112
	129	116
	131	123
	134	126
	135	140
	137	127
	138	128
	139	129
	140	130
	141	132
	142	133
	143	135
	144	136
	147	140
	150	143
	151	157
	153	144
	154	145
	155	146
	156	147
	157	148
	158	150
	159	151
	160	152
	161	153
	162	154
	164	157
	167	160
	168	172
	170	161
	171	162
	172	163
	173	164
	174	165
	175	167
	176	168
	177	169
	179	172
	187	177
net/minecraft/client/renderer/item/ConditionalItemModel	88	93
	67	72
	68	73
	70	75
	71	76
	72	77
	73	78
	79	86
	81	86
	86	91
	87	92
	88	93
	27	26
	28	27
	29	28
	30	29
	34	41
	35	42
	36	44
	44	48
	45	50
	46	51
	47	52
	48	53
	49	55
	53	60
	58	65
	59	66
	60	67
	61	67
	62	67
net/minecraft/client/gui/screens/ConnectScreen	215	253
	53	55
	54	56
	55	57
	56	58
	59	68
	60	69
	61	92
	64	72
	65	73
	66	74
	67	75
	69	77
	71	80
	72	81
	73	82
	75	85
	76	86
	77	87
	78	88
	79	89
	80	90
	81	92
	84	95
	85	99
	88	102
	90	105
	91	106
	93	109
	94	109
	95	109
	96	110
	97	111
	99	114
	100	116
	101	119
	103	122
	106	124
	107	125
	108	126
	110	129
	111	130
	113	131
	115	134
	117	135
	118	136
	119	137
	120	138
	122	141
	123	142
	125	146
	126	147
	127	148
	130	160
	133	164
	134	165
	135	166
	136	167
	142	171
	143	172
	145	174
	148	177
	149	178
	150	182
	152	190
	155	193
	156	194
	157	195
	158	196
	162	200
	163	201
	164	202
	167	205
	168	206
	172	210
	173	211
	174	212
	176	214
	179	217
	183	221
	188	226
	189	227
	190	228
	191	229
	192	230
	193	231
	195	234
	196	235
	199	239
	200	240
	201	241
	205	245
	207	246
	208	247
	209	248
	211	249
	214	252
	215	253
com/mojang/blaze3d/opengl/GlDevice	397	405
	257	271
	258	272
	259	273
	262	277
	263	279
	264	280
	265	281
	268	285
	270	286
	271	287
	272	288
	274	290
	279	293
	280	294
	281	295
	282	296
	283	297
	284	298
	288	302
	289	303
	290	304
	293	307
	297	311
	301	315
	302	316
	307	320
	308	321
	312	325
	313	326
	314	327
	315	328
	317	330
	318	331
	319	332
	320	333
	322	334
	323	335
	324	336
	325	337
	328	339
	329	340
	330	341
	77	71
	78	72
	334	347
	335	348
	80	73
	336	349
	337	350
	82	75
	338	351
	83	76
	84	77
	340	352
	341	353
	86	79
	342	354
	89	82
	345	357
	346	358
	91	83
	347	359
	92	84
	348	360
	93	85
	349	361
	94	86
	350	362
	95	87
	351	363
	352	364
	97	88
	353	365
	354	366
	99	89
	100	90
	101	91
	102	92
	103	93
	359	372
	105	96
	106	97
	363	376
	108	100
	109	101
	110	102
	111	103
	367	380
	114	107
	115	108
	371	384
	118	111
	120	112
	121	113
	377	404
	378	405
	379	405
	124	116
	381	405
	129	121
	387	389
	135	126
	392	394
	140	138
	397	399
	145	151
	151	164
	152	165
	153	166
	154	167
	157	170
	158	172
	159	173
	160	174
	162	176
	163	177
	165	180
	166	181
	167	182
	168	183
	169	184
	172	187
	173	188
	174	189
	176	190
	177	214
	180	191
	181	192
	182	193
	183	194
	187	198
	188	199
	192	203
	193	204
	194	205
	195	206
	196	207
	199	209
	200	210
	201	211
	206	220
	211	225
	217	230
	218	231
	219	232
	220	233
	221	234
	222	235
	223	236
	225	238
	226	239
	232	245
	233	246
	234	247
	235	248
	236	249
	237	250
	238	251
	239	252
	241	254
	242	255
	247	261
	252	266
com/mojang/blaze3d/systems/SamplerCache	81	74
	73	65
	74	66
	75	67
	76	68
	77	69
	78	70
	15	13
	79	71
	16	14
	17	29
	81	74
	19	15
	20	16
	21	17
	22	18
	23	19
	24	20
	30	31
	39	36
	43	40
	47	44
	51	48
	55	52
	59	56
	60	57
	62	59
net/minecraft/client/MusicToastDisplayState	43	40
	35	32
	20	18
	21	19
	22	20
	23	21
	39	36
	26	24
	43	40
	30	28
net/minecraft/client/model/object/cart/package-info	0	0
net/minecraft/client/renderer/blockentity/SkullBlockRenderer	153	160
	128	137
	132	141
	136	145
	140	149
	141	150
	142	151
	143	152
	150	159
	151	160
	152	160
	153	160
	51	47
	52	48
	53	49
	54	50
	55	51
	56	52
	57	53
	58	54
	61	59
	62	60
	63	61
	64	62
	65	63
	66	64
	67	65
	68	66
	69	67
	73	71
	79	76
	80	77
	81	78
	82	79
	86	82
	91	92
	92	93
	93	94
	94	95
	95	96
	96	97
	98	99
	100	102
	101	103
	102	104
	106	107
	108	108
	109	109
	110	110
	111	111
	112	112
	115	124
	116	125
	117	126
	118	127
	121	130
	122	131
	123	132
	124	133
net/minecraft/client/renderer/entity/layers/SpiderEyesLayer	19	19
	19	19
	14	14
	15	15
net/minecraft/client/gui/screens/friends/package-info	0	0
net/minecraft/client/input/KeyEvent	19	12
	19	12
net/minecraft/client/renderer/state/gui/GuiItemRenderState	78	87
	65	71
	69	76
	73	81
	78	87
	21	25
	22	26
	23	27
	24	28
	25	29
	26	30
	27	31
	28	32
	31	36
	32	37
	33	38
	34	39
	35	42
	36	43
	37	44
	38	45
	39	46
	40	47
	41	48
	43	40
	48	54
	49	55
	53	59
	57	63
	61	67
net/minecraft/client/resources/server/PackLoadFeedback	0	0
com/mojang/blaze3d/systems/GpuDevice	172	193
	128	149
	129	150
	131	152
	135	157
	139	161
	143	165
	147	169
	151	173
	152	174
	155	177
	28	28
	156	178
	29	29
	30	30
	31	31
	159	181
	160	182
	33	33
	35	35
	163	185
	38	38
	168	189
	42	42
	172	193
	53	53
	54	54
	55	57
	57	55
	61	70
	62	71
	66	83
	67	84
	71	88
	72	89
	75	91
	76	92
	77	93
	78	95
	80	97
	81	98
	84	100
	85	101
	86	102
	87	103
	89	106
	90	107
	92	110
	93	111
	95	113
	96	114
	98	118
	101	121
	102	122
	106	126
	107	127
	111	131
	112	132
	115	133
	116	135
	118	138
	121	141
	122	142
	124	144
net/minecraft/client/resources/model/cuboid/MissingCuboidModel	42	28
	34	23
	35	24
	22	20
	24	21
	40	28
	41	28
	25	21
	42	28
	28	22
net/minecraft/client/model/ArmedModel	0	0
net/minecraft/client/resources/model/cuboid/UnbakedCuboidGeometry	75	74
	64	62
	65	64
	66	65
	68	67
	75	74
	22	19
	26	25
	28	27
	29	28
	30	29
	31	30
	33	31
	34	32
	36	33
	37	34
	38	35
	41	38
	42	39
	43	40
	46	43
	47	44
	48	45
	51	48
	52	49
	53	50
	54	51
	56	53
	57	54
	58	55
	59	56
	62	59
	63	60
net/minecraft/client/model/animal/fish/TropicalFishSmallModel	63	48
	19	18
	20	19
	21	20
	24	23
	25	24
	27	25
	29	26
	30	26
	31	26
	32	26
	34	27
	35	27
	36	27
	37	27
	39	28
	40	30
	41	30
	42	31
	44	33
	45	35
	46	35
	47	36
	49	38
	50	39
	51	39
	52	39
	55	41
	60	45
	61	46
	62	47
	63	48
net/minecraft/client/renderer/entity/state/SnowGolemRenderState	0	0
net/minecraft/client/renderer/entity/ParrotRenderer	47	45
	33	31
	34	32
	35	33
	36	34
	37	35
	38	36
	39	37
	42	40
	43	41
	44	42
	45	43
	46	44
	47	45
	18	19
	19	20
	23	23
	28	27
net/minecraft/client/multiplayer/prediction/PredictiveAction	0	0
net/minecraft/client/renderer/chunk/SectionCopy	75	73
	65	64
	66	65
	70	68
	71	69
	72	70
	73	71
	74	72
	75	73
	29	28
	30	29
	31	30
	32	31
	33	32
	35	34
	36	35
	37	39
	39	36
	40	37
	43	42
	46	46
	51	50
	52	51
	53	52
	54	53
	55	54
	56	55
	57	56
	59	59
	60	60
	62	63
net/minecraft/client/renderer/state/level/WeatherRenderState	19	19
	16	16
	17	17
	18	18
	19	19
	15	15
com/mojang/blaze3d/vulkan/VulkanTransientMemory	397	425
	259	269
	260	271
	261	274
	262	276
	263	277
	268	284
	273	291
	277	302
	278	304
	279	305
	280	306
	283	310
	284	311
	286	312
	288	313
	289	314
	290	316
	291	317
	292	318
	293	319
	294	320
	298	328
	304	333
	309	338
	313	342
	314	343
	316	344
	318	345
	319	346
	320	348
	66	54
	322	349
	67	55
	68	57
	324	351
	69	58
	325	352
	70	59
	326	353
	71	60
	327	354
	72	61
	73	62
	330	355
	75	63
	76	64
	332	357
	77	66
	333	358
	78	67
	79	68
	335	359
	337	360
	82	68
	338	361
	340	364
	85	69
	341	365
	86	70
	343	369
	89	74
	91	76
	92	78
	348	370
	93	79
	349	371
	94	80
	350	373
	351	374
	352	375
	97	80
	355	380
	100	81
	101	82
	103	86
	359	390
	105	90
	106	93
	362	388
	107	95
	363	389
	108	101
	364	391
	365	392
	112	105
	113	106
	369	396
	114	107
	115	108
	116	109
	373	400
	119	112
	120	114
	121	115
	122	116
	378	405
	123	117
	379	406
	381	408
	126	120
	382	409
	127	121
	128	122
	129	123
	387	415
	132	125
	388	416
	136	128
	392	420
	138	130
	139	132
	140	133
	141	134
	397	425
	144	138
	145	139
	147	140
	148	141
	151	144
	153	159
	156	145
	158	147
	159	148
	160	149
	161	150
	162	151
	163	153
	164	155
	165	156
	167	159
	170	163
	171	164
	172	165
	173	166
	174	167
	175	168
	176	169
	178	170
	179	171
	181	173
	183	176
	184	177
	185	178
	188	181
	189	182
	190	183
	191	184
	193	185
	194	186
	195	187
	198	190
	200	194
	205	198
	206	199
	209	202
	210	203
	213	206
	214	208
	216	210
	218	211
	219	213
	220	215
	223	217
	224	219
	225	220
	226	221
	231	226
	235	230
	236	232
	237	233
	242	240
	243	242
	244	245
	245	247
	246	248
	251	255
	252	257
	253	260
	254	262
net/minecraft/client/model/animal/fox/AdultFoxModel	132	106
	128	102
	129	103
	130	104
	131	105
	132	106
	21	19
	22	20
	25	23
	26	24
	28	25
	29	26
	30	26
	31	26
	33	28
	34	28
	35	28
	38	29
	39	29
	40	29
	43	30
	44	30
	45	30
	49	31
	50	33
	51	33
	52	34
	54	36
	55	37
	56	37
	57	38
	58	38
	60	39
	61	40
	62	41
	63	42
	64	43
	65	45
	66	45
	67	46
	70	48
	75	53
	76	54
	77	55
	78	56
	79	57
	81	58
	82	59
	84	60
	85	61
	87	62
	88	63
	89	64
	91	65
	92	66
	93	67
	94	68
	95	69
	99	73
	100	74
	101	75
	102	76
	103	77
	104	78
	105	79
	106	80
	107	81
	111	85
	112	86
	113	87
	114	88
	115	89
	116	90
	117	91
	118	92
	122	96
	123	97
	124	98
net/minecraft/client/gui/screens/advancements/AdvancementTabType	141	157
	64	79
	65	80
	66	81
	130	146
	67	82
	131	147
	68	83
	132	148
	69	84
	133	149
	134	150
	72	87
	139	155
	76	91
	140	156
	141	157
	80	95
	84	99
	86	101
	87	102
	88	103
	89	104
	91	106
	93	109
	94	110
	97	113
	98	114
	99	115
	101	117
	102	118
	103	119
	105	121
	106	122
	107	123
	109	125
	110	126
	111	127
	113	129
	114	130
	117	133
	118	134
	121	137
	122	138
	123	139
	124	140
	125	141
net/minecraft/client/particle/DustParticleBase	44	52
	32	40
	37	45
	42	50
	11	21
	43	51
	12	22
	44	52
	13	23
	14	24
	15	25
	16	26
	17	27
	19	28
	21	29
	22	30
	23	31
	24	32
	27	35
net/minecraft/client/gui/screens/friends/AbstractFriendsEntryContainerWidget	109	119
	68	78
	69	79
	70	79
	71	80
	73	82
	75	84
	79	88
	80	89
	81	90
	82	91
	86	95
	87	96
	91	100
	96	105
	101	110
	102	111
	104	114
	41	44
	105	115
	42	45
	106	116
	107	117
	108	118
	45	57
	109	119
	46	58
	47	59
	48	60
	49	61
	50	62
	51	63
	52	64
	53	65
	54	66
	63	73
net/minecraft/client/telemetry/TelemetryEventLogger	0	0
net/minecraft/client/resources/model/sprite/Material	30	26
	16	13
	17	14
	18	16
	22	19
	26	22
	27	23
	30	26
	15	11
net/minecraft/client/multiplayer/chat/report/AbuseReportSender	88	83
	64	66
	68	70
	72	74
	73	75
	74	76
	75	77
	81	83
	21	19
	87	32
	88	33
	29	27
	39	43
	40	46
	43	46
	44	46
	45	46
	46	46
	50	50
	51	51
	52	52
	53	53
	54	54
	55	55
	56	56
	57	57
	59	60
net/minecraft/client/renderer/texture/MissingTextureAtlasSprite	39	40
	34	35
	19	18
	35	36
	20	19
	21	21
	22	22
	23	23
	39	40
	24	24
	26	26
	30	31
	15	14
net/minecraft/client/renderer/entity/EntityRenderDispatcher	208	224
	130	134
	131	135
	132	136
	133	137
	134	138
	136	139
	137	140
	139	141
	144	154
	147	157
	148	158
	149	159
	150	160
	152	161
	153	162
	154	163
	156	164
	157	165
	160	168
	161	169
	164	172
	165	173
	168	176
	169	177
	172	180
	173	181
	174	182
	175	183
	176	184
	178	185
	180	186
	182	188
	185	191
	186	192
	187	193
	191	197
	64	63
	192	198
	195	201
	68	79
	69	80
	70	81
	71	82
	199	205
	72	83
	73	84
	74	85
	75	86
	76	87
	204	210
	77	88
	205	221
	78	89
	206	222
	79	90
	207	223
	208	224
	83	93
	84	94
	85	95
	86	96
	91	101
	95	105
	96	106
	97	107
	98	107
	100	107
	105	111
	106	112
	107	113
	108	114
	109	114
	111	114
	113	116
	117	121
	118	122
	119	123
	122	126
	123	127
	127	131
com/mojang/blaze3d/vulkan/VulkanUtils	224	245
	20	74
	21	75
	23	77
	26	80
	27	81
	28	82
	29	83
	30	84
	32	86
	35	89
	38	92
	40	94
	41	95
	42	97
	43	98
	47	108
	51	112
	52	113
	54	114
	55	115
	57	116
	58	117
	60	118
	61	119
	63	120
	64	121
	66	122
	67	123
	69	124
	70	125
	72	126
	73	127
	75	128
	76	129
	78	130
	79	131
	81	132
	82	133
	84	134
	85	135
	87	136
	88	137
	90	138
	91	139
	93	140
	94	141
	96	142
	97	143
	99	144
	100	145
	102	146
	103	147
	105	148
	106	149
	108	150
	109	151
	111	152
	112	153
	114	154
	115	155
	117	156
	118	157
	120	158
	121	159
	123	160
	124	161
	126	162
	127	163
	129	164
	130	165
	132	166
	133	167
	135	168
	136	169
	138	170
	139	171
	141	172
	142	173
	144	174
	145	175
	147	176
	148	177
	150	179
	151	179
	153	179
	157	184
	159	205
	160	206
	161	207
	162	208
	163	209
	164	210
	165	204
	166	203
	167	202
	168	201
	169	200
	170	199
	171	198
	172	197
	173	196
	174	195
	175	194
	176	193
	177	192
	179	188
	180	187
	182	185
	183	186
	185	191
	186	190
	188	211
	189	189
	191	212
	196	217
	200	221
	204	225
	208	229
	212	233
	216	237
	220	241
	221	242
	222	243
	223	244
	224	245
net/minecraft/client/gui/screens/dialog/DialogControlSet	56	58
	32	32
	33	33
	34	34
	35	35
	38	38
	39	39
	40	40
	41	41
	43	44
	47	48
	48	49
	49	50
	51	52
	55	57
	56	58
	26	26
	27	27
	30	30
	31	31
net/minecraft/client/searchtree/IdentifierSearchTree	49	48
	32	31
	33	32
	34	33
	35	34
	36	35
	38	38
	39	39
	41	40
	12	11
	44	43
	15	14
	49	48
	20	19
	26	25
	27	26
	30	28
	31	29
net/minecraft/client/sounds/Weighted	0	0
com/mojang/blaze3d/systems/RenderPassDescriptor	68	68
	64	63
	35	34
	36	35
	68	68
	40	39
	41	40
	45	44
	46	45
	50	49
	51	50
	22	21
	55	54
	56	55
	26	25
	27	26
	60	59
	30	29
	31	30
net/minecraft/client/resources/model/ClientItemInfoLoader	70	91
	64	83
	65	85
	66	86
	67	87
	70	91
	32	31
	34	32
	35	33
	36	35
	38	36
	39	37
	40	40
	41	56
	42	47
	43	48
	44	49
	45	51
	46	52
	47	53
	48	53
	49	53
	51	53
	53	54
	55	72
	56	73
	57	74
	59	75
	63	82
net/minecraft/client/DeltaTracker	122	114
	64	83
	65	84
	68	87
	69	88
	71	91
	72	92
	75	95
	76	96
	80	100
	85	105
	86	106
	88	108
	93	114
	32	51
	33	52
	97	114
	34	53
	35	54
	99	114
	38	57
	39	58
	41	59
	42	60
	107	19
	43	61
	108	20
	44	62
	112	24
	48	66
	49	67
	50	68
	117	29
	53	71
	54	72
	56	74
	122	34
	58	76
	61	79
	62	80
net/minecraft/client/renderer/entity/state/DisplayEntityRenderState	0	0
net/minecraft/client/multiplayer/chat/report/ChatReport	143	129
	131	121
	132	122
	134	123
	135	123
	136	123
	137	124
	139	125
	143	129
	33	32
	34	33
	37	36
	38	37
	39	38
	40	39
	42	41
	46	44
	47	45
	48	46
	49	47
	50	48
	51	49
	56	54
	61	59
	62	60
	65	63
	66	64
	69	67
	73	71
	74	72
	77	75
	82	80
	87	86
	88	87
	90	88
	91	89
	93	90
	94	91
	96	93
	97	93
	99	93
	104	99
	105	100
	106	101
	109	103
	111	104
	113	105
	115	106
	116	107
	120	112
	122	113
	123	114
	124	115
	125	116
	127	117
net/minecraft/client/renderer/debug/EntityHitboxDebugRenderer	144	111
	128	100
	129	100
	135	104
	136	105
	137	106
	140	107
	141	108
	142	109
	144	111
	27	26
	28	27
	32	33
	33	55
	35	34
	36	35
	40	37
	47	38
	48	38
	51	39
	53	40
	54	41
	55	42
	56	43
	58	46
	62	55
	65	59
	66	60
	67	61
	68	62
	69	63
	72	67
	78	71
	79	72
	80	73
	83	74
	84	75
	85	76
	88	77
	89	78
	90	79
	91	80
	92	81
	93	82
	101	83
	106	87
	107	88
	108	89
	109	90
	111	91
	114	91
	117	91
	122	95
	123	96
	124	97
	125	98
	126	99
	127	100
net/minecraft/client/renderer/entity/CowRenderer	57	60
	36	41
	41	47
	46	51
	47	52
	48	53
	52	56
	53	60
	22	23
	23	24
	55	57
	24	25
	56	58
	57	60
	27	29
	28	31
	29	33
	30	35
net/minecraft/client/renderer/blockentity/TestInstanceRenderer	80	82
	65	68
	66	69
	70	73
	75	78
	80	82
	29	28
	34	38
	35	39
	36	40
	37	41
	38	42
	39	43
	40	44
	41	45
	42	47
	43	48
	45	50
	49	55
	50	56
	52	58
	53	59
	55	61
	58	64
	60	65
	62	66
	63	67
net/minecraft/client/animation/definitions/FrogAnimation	0	0
net/minecraft/client/model/object/equipment/ElytraModel	60	52
	23	20
	24	21
	25	22
	26	23
	29	26
	30	27
	32	28
	33	29
	34	31
	35	31
	36	32
	38	34
	39	36
	40	36
	41	37
	44	39
	49	43
	51	44
	52	45
	53	46
	54	47
	56	48
	57	49
	58	50
	59	51
	60	52
net/minecraft/client/gui/screens/inventory/tooltip/ClientTooltipComponent	35	34
	16	15
	32	31
	17	16
	18	17
	19	18
	35	34
	12	11
	28	27
net/minecraft/client/data/models/ModelProvider	167	161
	128	132
	129	134
	131	135
	132	137
	133	138
	134	139
	136	140
	137	141
	139	143
	142	146
	148	47
	149	48
	150	49
	152	50
	153	51
	155	52
	156	53
	158	54
	159	55
	160	56
	161	57
	37	41
	38	42
	39	43
	167	65
	40	44
	47	154
	48	155
	49	156
	51	158
	54	161
	63	72
	64	73
	65	74
	66	75
	68	77
	71	80
	72	82
	73	83
	74	84
	76	85
	77	86
	79	88
	82	91
	83	92
	84	93
	94	103
	95	104
	98	107
	99	108
	100	109
	102	111
	106	115
	107	116
	112	119
	113	120
	114	126
	117	121
	118	122
	119	123
	121	126
	123	127
	124	128
	125	129
	126	130
net/minecraft/client/gui/components/debug/DebugEntryPostEffect	17	22
	17	22
	12	17
	13	18
	14	19
	15	20
com/mojang/realmsclient/dto/PreferredRegionsDto	11	8
	11	8
net/minecraft/client/color/ColorLerper	61	71
	32	40
	33	41
	36	43
	38	44
	40	46
	41	47
	42	48
	19	28
	20	29
	21	30
	22	31
	23	32
	55	62
	24	33
	56	65
	25	34
	57	67
	26	35
	58	68
	27	36
	61	71
com/mojang/blaze3d/pipeline/BlendFunction	34	49
	17	32
	33	48
	18	33
	34	49
	21	36
	22	37
	25	40
	26	41
	29	44
	30	45
net/minecraft/client/renderer/item/properties/conditional/ConditionalItemModelProperty	0	0
net/minecraft/client/gui/screens/options/OptionsScreen	166	164
	132	133
	134	134
	136	135
	137	135
	142	140
	143	141
	146	144
	151	149
	152	150
	156	154
	157	155
	159	157
	163	161
	164	162
	166	164
	52	48
	53	49
	54	50
	55	51
	56	52
	60	56
	61	57
	62	58
	63	59
	64	60
	65	61
	67	63
	70	66
	71	67
	73	68
	75	69
	76	70
	77	71
	78	72
	79	73
	80	74
	81	78
	82	83
	83	84
	84	85
	85	86
	86	87
	88	90
	90	91
	91	92
	93	93
	94	94
	95	95
	99	99
	100	100
	104	104
	105	105
	108	108
	112	112
	113	113
	114	114
	117	117
	121	123
	124	124
	125	125
	127	127
net/minecraft/client/resources/model/cuboid/CuboidModel	99	94
	64	57
	65	58
	68	61
	69	62
	73	66
	74	67
	75	68
	77	70
	81	75
	85	80
	86	80
	88	80
	92	85
	93	88
	94	90
	95	91
	97	94
	99	86
	43	40
	49	45
	51	46
	52	47
	54	48
	55	49
	57	50
	58	51
	59	52
	60	53
	63	56
net/minecraft/client/multiplayer/CommonListenerCookie	0	0
net/minecraft/client/gui/screens/dialog/DialogScreens	40	36
	33	31
	34	32
	20	19
	21	20
	37	33
	38	34
	39	35
	24	26
	40	36
	25	27
	26	27
	28	27
net/minecraft/client/particle/EndRodParticle	38	45
	33	31
	34	32
	38	45
	9	11
	11	12
	12	13
	13	14
	15	15
	17	16
	19	17
	20	18
	21	19
	25	23
	26	24
	27	25
net/minecraft/client/Screenshot	123	153
	27	26
	28	27
	31	30
	32	31
	34	33
	36	35
	39	41
	40	44
	41	45
	44	47
	45	48
	47	50
	50	53
	51	65
	52	60
	54	63
	55	64
	56	80
	57	81
	58	82
	60	84
	61	86
	62	88
	65	91
	66	92
	69	95
	70	96
	72	97
	73	98
	74	99
	76	100
	77	139
	79	101
	80	102
	81	103
	82	104
	83	105
	84	106
	87	108
	88	109
	89	110
	90	111
	91	112
	93	114
	94	115
	95	116
	96	118
	97	119
	98	120
	99	121
	100	122
	101	123
	104	127
	105	128
	111	133
	113	136
	114	137
	115	141
	118	144
	120	153
	121	148
	122	149
	123	150
net/minecraft/client/model/animal/camel/CamelModel	73	62
	64	54
	66	55
	67	56
	68	57
	71	60
	72	61
	73	62
	34	30
	35	31
	36	32
	38	33
	39	34
	40	35
	41	36
	42	37
	43	38
	44	39
	48	42
	51	43
	53	44
	55	45
	56	46
	57	47
	58	48
	59	49
	60	50
	63	53
net/minecraft/client/particle/ElderGuardianParticle	32	41
	32	41
	18	18
	19	19
	20	20
	21	21
	22	22
	26	26
net/minecraft/client/renderer/blockentity/ConduitRenderer	174	169
	130	119
	131	120
	132	121
	134	122
	135	123
	136	124
	137	125
	138	126
	139	136
	141	137
	142	138
	144	139
	145	140
	146	141
	147	142
	152	145
	153	146
	154	147
	155	148
	156	149
	157	150
	158	151
	159	152
	160	153
	161	154
	162	155
	164	156
	165	157
	166	158
	167	159
	168	160
	169	161
	170	162
	171	163
	172	164
	173	167
	174	169
	53	48
	54	49
	55	50
	56	51
	57	52
	58	53
	61	56
	62	57
	63	58
	64	58
	65	58
	68	59
	72	63
	73	64
	74	65
	75	65
	76	65
	79	66
	83	70
	84	71
	85	72
	86	72
	87	72
	90	73
	94	77
	95	78
	96	79
	97	79
	98	79
	101	80
	106	84
	111	94
	112	95
	113	96
	114	97
	115	98
	116	99
	117	100
	121	103
	122	104
	123	105
	124	106
	125	107
	126	117
	127	169
net/minecraft/client/resources/model/sprite/SpriteId	13	9
	13	9
net/minecraft/client/gui/screens/dialog/WaitingForResponseScreen	93	84
	65	56
	66	57
	67	58
	68	59
	69	60
	70	61
	71	62
	74	65
	79	69
	84	74
	89	79
	90	80
	93	84
	35	30
	36	31
	37	32
	38	33
	39	34
	43	38
	45	39
	47	40
	48	41
	49	42
	51	43
	52	44
	53	45
	57	49
	58	50
	59	51
	63	55
net/minecraft/client/model/animal/llama/LlamaModel	90	87
	26	24
	27	25
	28	26
	29	27
	30	28
	31	29
	32	30
	33	31
	34	32
	37	35
	38	36
	40	37
	41	39
	42	40
	43	42
	44	44
	45	46
	46	48
	48	50
	49	52
	50	52
	51	53
	53	55
	54	57
	55	57
	56	58
	58	60
	59	62
	60	62
	61	63
	63	65
	64	66
	65	67
	66	67
	67	68
	68	69
	69	70
	70	71
	72	72
	77	76
	79	77
	80	78
	82	79
	83	80
	84	81
	85	82
	86	83
	87	84
	88	85
	89	86
	90	87
net/minecraft/client/multiplayer/ProfileKeyPairManager	25	24
	20	19
	25	24
	15	14
net/minecraft/client/model/monster/piglin/PiglinModel	74	65
	65	55
	66	57
	69	60
	70	61
	72	63
	74	65
	12	12
	13	13
	17	16
	19	17
	21	18
	23	19
	25	20
	26	21
	27	22
	28	23
	29	24
	30	25
	31	26
	32	27
	34	28
	35	29
	37	30
	38	31
	40	32
	41	33
	42	34
	43	35
	44	36
	45	37
	46	38
	47	39
	48	40
	49	41
	50	42
	52	44
	53	45
	56	48
	60	51
	61	52
	62	53
	63	57
net/minecraft/client/renderer/debug/PathfindingRenderer	160	144
	64	58
	128	113
	65	59
	129	114
	66	60
	130	115
	67	61
	131	117
	68	62
	69	64
	135	123
	138	126
	140	141
	77	71
	142	127
	143	129
	144	130
	82	76
	146	131
	83	77
	147	132
	84	78
	85	79
	151	134
	152	135
	154	136
	155	137
	93	80
	157	141
	160	144
	100	89
	104	94
	105	95
	47	34
	48	34
	113	96
	51	35
	54	38
	55	39
	120	105
	58	50
	60	51
	61	52
	126	111
	62	54
	127	112
net/minecraft/client/renderer/item/properties/numeric/UseDuration	33	33
	33	33
	19	19
	20	20
	21	23
	24	21
	13	13
	29	29
	14	14
	15	14
net/minecraft/client/model/monster/wither/package-info	0	0
net/minecraft/client/renderer/entity/state/LlamaRenderState	0	0
net/minecraft/client/renderer/entity/layers/TropicalFishPatternLayer	62	69
	34	32
	35	33
	36	34
	37	35
	41	45
	42	47
	43	48
	44	49
	46	53
	47	54
	48	55
	49	56
	50	57
	51	58
	52	59
	54	60
	55	61
	56	62
	57	63
	58	64
	59	65
	61	68
	62	69
net/minecraft/client/ClientBootstrap	33	31
	32	29
	33	31
	18	18
	19	31
	21	19
	23	20
	24	21
	25	22
	26	23
	27	24
	28	25
	29	26
	30	27
	31	28
net/minecraft/client/animation/definitions/BabyArmadilloAnimation	0	0
net/minecraft/client/renderer/entity/GuardianRenderer	192	183
	34	32
	35	33
	38	36
	39	37
	43	40
	44	41
	47	43
	48	44
	49	45
	51	46
	52	47
	54	48
	57	52
	61	57
	62	58
	63	59
	64	60
	69	64
	71	65
	72	66
	73	67
	74	68
	75	69
	76	70
	77	71
	79	73
	82	78
	83	79
	86	80
	87	81
	88	82
	89	83
	91	84
	93	85
	94	86
	95	87
	96	88
	98	89
	99	90
	101	91
	102	92
	103	93
	104	94
	105	95
	106	96
	107	97
	108	98
	110	99
	111	100
	112	101
	113	102
	115	103
	116	104
	117	105
	118	106
	122	107
	123	108
	124	109
	125	110
	127	111
	128	112
	129	113
	130	114
	131	115
	133	116
	134	117
	135	118
	136	119
	138	120
	139	121
	140	122
	141	123
	142	124
	143	125
	144	126
	147	140
	148	146
	152	149
	157	153
	162	157
	163	158
	164	159
	166	160
	168	161
	169	162
	170	163
	171	164
	173	166
	174	167
	177	170
	178	171
	179	172
	180	173
	181	174
	183	176
	185	178
	188	182
	189	183
	190	183
	192	183
net/minecraft/client/model/player/package-info	0	0
net/minecraft/client/renderer/debug/PoiDebugRenderer	104	95
	66	59
	67	60
	68	61
	69	62
	70	63
	72	65
	75	68
	77	69
	78	70
	79	71
	81	73
	83	76
	86	79
	88	80
	89	80
	90	81
	27	23
	28	24
	93	84
	94	85
	32	30
	97	88
	34	31
	98	89
	35	32
	99	90
	36	33
	100	91
	37	34
	101	92
	39	36
	103	94
	104	95
	41	37
	42	38
	43	43
	45	39
	46	40
	48	43
	49	44
	52	47
	53	48
	54	49
	57	52
	58	53
	59	54
	60	55
	61	56
net/minecraft/client/renderer/debug/SupportBlockRenderer	85	83
	65	62
	66	63
	69	66
	73	70
	74	71
	75	72
	76	73
	77	74
	78	75
	79	76
	80	77
	81	78
	82	80
	83	81
	85	83
	29	27
	30	28
	34	34
	35	35
	36	36
	37	37
	38	38
	41	41
	42	42
	43	43
	46	46
	47	47
	50	48
	52	51
	55	54
	56	55
	58	56
	59	57
	61	58
	62	59
	63	60
net/minecraft/client/renderer/block/model/BlockDisplayContext	8	8
	5	5
	8	8
net/minecraft/client/particle/ParticleRenderType	0	0
net/minecraft/client/renderer/entity/MushroomCowRenderer	48	59
	35	46
	40	52
	45	56
	46	57
	47	58
	48	59
	21	22
	22	29
	23	35
	28	40
	29	41
	30	42
	31	43
com/mojang/blaze3d/vulkan/VulkanGpuTexture	110	113
	24	33
	25	34
	27	36
	28	37
	29	38
	30	39
	31	40
	32	41
	34	42
	35	43
	36	44
	37	45
	38	46
	39	47
	40	48
	42	49
	43	50
	45	51
	46	52
	47	54
	48	56
	49	57
	51	58
	52	59
	53	60
	54	61
	55	62
	56	63
	57	64
	58	65
	59	66
	60	67
	61	68
	62	69
	63	70
	64	71
	66	72
	68	73
	71	76
	72	77
	76	81
	77	82
	81	86
	82	90
	84	87
	85	88
	86	90
	90	94
	94	98
	95	99
	98	102
	100	103
	101	104
	104	106
	105	107
	107	110
	110	113
net/minecraft/client/renderer/debug/GameEventListenerRenderer	50	47
	33	32
	34	34
	35	35
	37	36
	38	37
	39	38
	40	39
	42	40
	43	41
	44	42
	45	43
	47	44
	48	45
	49	46
	18	18
	50	47
	19	19
	21	21
	22	21
	24	22
	28	28
	29	29
	30	30
	31	31
com/mojang/blaze3d/vertex/BufferBuilder	323	320
	256	245
	258	248
	263	253
	264	254
	265	255
	267	258
	272	263
	273	264
	274	265
	276	268
	280	272
	284	276
	285	277
	286	278
	287	279
	290	282
	291	283
	292	284
	293	285
	297	301
	298	302
	300	303
	301	304
	303	305
	304	306
	306	307
	307	308
	308	309
	310	310
	311	311
	313	312
	58	40
	314	313
	59	41
	316	314
	317	315
	62	43
	63	44
	319	316
	64	45
	321	318
	66	46
	323	320
	68	47
	69	49
	70	50
	71	51
	72	52
	73	53
	75	56
	78	59
	80	60
	81	61
	82	63
	86	67
	87	68
	88	69
	89	70
	90	71
	91	72
	95	76
	96	77
	97	78
	99	80
	103	85
	104	86
	106	88
	109	92
	110	93
	112	95
	113	96
	114	97
	116	99
	117	100
	118	101
	122	107
	123	108
	124	109
	125	110
	127	112
	128	113
	129	114
	130	115
	134	120
	135	121
	136	122
	137	123
	138	132
	140	124
	142	125
	143	126
	144	127
	146	129
	150	137
	151	152
	154	138
	155	140
	156	141
	157	143
	162	145
	163	146
	164	147
	165	148
	167	152
	170	155
	172	156
	173	157
	176	160
	177	161
	179	163
	180	164
	182	166
	186	170
	187	171
	188	172
	189	173
	190	174
	195	179
	196	180
	197	181
	198	182
	199	183
	200	184
	202	187
	207	192
	208	193
	209	194
	211	197
	216	202
	217	203
	218	204
	219	205
	221	208
	226	213
	231	218
	232	219
	233	220
	235	223
	240	228
	245	233
	246	234
	247	235
	249	238
	253	242
	254	243
	255	244
net/minecraft/client/renderer/texture/atlas/sources/package-info	0	0
net/minecraft/client/gui/GlyphSource	0	0
net/minecraft/client/renderer/blockentity/EnchantTableRenderer	75	74
	64	64
	66	65
	67	66
	69	67
	70	68
	72	69
	73	70
	74	73
	75	74
	29	26
	30	27
	31	28
	35	31
	40	41
	41	42
	42	43
	43	44
	45	45
	47	47
	48	48
	50	51
	51	52
	54	55
	55	56
	59	61
	60	62
	62	63
net/minecraft/client/gui/components/tabs/Tab	0	0
net/minecraft/client/model/VillagerLikeModel	0	0
net/minecraft/client/renderer/entity/EndCrystalRenderer	77	69
	64	57
	65	58
	66	59
	67	60
	68	61
	69	62
	71	64
	73	66
	77	69
	23	22
	24	23
	25	24
	26	25
	30	28
	31	29
	32	30
	34	31
	36	32
	38	33
	39	34
	40	35
	41	36
	42	37
	43	38
	44	39
	45	40
	48	43
	49	44
	52	47
	53	48
	54	49
	59	53
com/mojang/realmsclient/util/RealmsTextureManager	65	59
	64	59
	33	28
	65	59
	34	29
	35	30
	38	32
	39	33
	40	34
	41	35
	42	36
	45	38
	46	39
	47	40
	49	41
	56	48
	57	49
	26	24
	27	24
	59	52
	60	53
	29	24
	61	54
	63	56
net/minecraft/client/model/animal/feline/package-info	0	0
net/minecraft/client/sounds/JOrbisAudioStream	242	227
	128	93
	129	107
	135	113
	136	114
	137	115
	139	117
	141	118
	142	119
	144	121
	149	129
	150	130
	152	145
	155	134
	156	135
	157	136
	160	139
	161	143
	164	132
	165	147
	172	153
	174	155
	175	156
	176	157
	178	159
	51	38
	179	160
	53	39
	181	163
	55	40
	56	41
	57	42
	187	168
	188	169
	62	44
	190	170
	63	45
	191	171
	64	46
	192	172
	195	173
	196	174
	69	48
	199	176
	73	48
	201	179
	74	49
	202	180
	75	50
	76	51
	204	181
	205	182
	78	54
	206	184
	79	55
	207	187
	208	190
	81	48
	210	193
	85	59
	213	196
	86	60
	88	61
	89	64
	217	201
	218	202
	219	203
	220	204
	93	67
	221	205
	224	208
	98	72
	227	211
	228	212
	102	76
	230	214
	103	77
	104	78
	105	79
	233	219
	106	80
	234	220
	235	221
	109	82
	237	223
	110	83
	241	226
	242	227
	115	90
	116	91
	118	101
	119	102
	121	105
	124	95
	125	99
net/minecraft/client/renderer/special/PlayerHeadSpecialRenderer	63	61
	34	56
	39	60
	40	61
	46	36
	47	37
	48	38
	52	42
	53	43
	54	44
	25	23
	26	24
	27	25
	59	47
	60	48
	61	48
	63	48
net/minecraft/client/renderer/entity/ThrownItemRenderer	60	51
	33	32
	38	36
	40	37
	42	38
	44	39
	46	40
	48	41
	49	42
	21	20
	53	45
	22	21
	23	22
	24	23
	25	24
	58	49
	59	50
	28	27
	60	51
	29	28
net/minecraft/client/model/animal/chicken/BabyChickenModel	49	35
	14	12
	15	13
	18	16
	19	17
	20	18
	21	20
	22	20
	23	20
	24	21
	26	23
	27	25
	28	25
	29	25
	30	26
	32	28
	33	30
	34	30
	35	30
	36	31
	38	33
	39	33
	40	33
	41	33
	43	34
	44	34
	45	34
	46	34
	49	35
net/minecraft/client/renderer/block/dispatch/BlockStateModelDispatcher	106	101
	65	56
	75	83
	77	87
	79	88
	80	90
	81	91
	82	92
	85	95
	86	96
	88	99
	89	101
	31	29
	32	31
	33	32
	34	34
	99	64
	36	37
	100	66
	37	37
	101	67
	102	67
	39	37
	103	67
	106	70
	43	41
	45	42
	49	43
	50	44
	51	45
	53	47
	56	48
	57	49
	58	50
	60	52
	61	53
	63	55
net/minecraft/client/renderer/entity/TurtleRenderer	44	36
	36	29
	37	30
	38	31
	39	32
	40	33
	44	36
	16	16
	17	17
	21	20
	22	21
	24	21
	26	21
	31	25
net/minecraft/client/renderer/item/BundleSelectedItemSpecialRenderer	41	49
	18	27
	19	28
	20	29
	36	44
	21	30
	23	32
	41	49
	30	39
net/minecraft/client/renderer/chunk/TranslucencyPointOfView	47	44
	36	34
	37	35
	39	37
	40	39
	42	38
	15	14
	47	44
	19	18
	20	19
	21	20
	22	21
	26	25
	27	26
	31	30
net/minecraft/client/model/animal/fox/package-info	0	0
net/minecraft/client/resources/model/cuboid/CuboidRotation	89	65
	72	59
	73	60
	74	61
	76	63
	77	64
	78	65
	19	13
	20	14
	23	17
	24	18
	25	19
	89	48
	26	20
	28	23
	40	27
	41	28
	42	29
	43	30
	44	31
	52	35
	53	36
	54	37
	55	38
	56	39
	58	40
	59	41
net/minecraft/client/multiplayer/ClientSuggestionProvider	173	169
	132	128
	133	129
	134	133
	137	130
	138	131
	143	138
	148	142
	153	146
	157	150
	158	151
	159	152
	160	153
	162	155
	165	158
	166	160
	167	163
	169	166
	170	167
	43	46
	44	47
	45	48
	173	169
	46	49
	50	52
	52	54
	53	55
	56	58
	61	62
	62	63
	64	65
	65	66
	66	67
	71	72
	72	73
	74	74
	79	78
	84	82
	89	86
	94	92
	95	93
	96	94
	97	95
	102	99
	103	100
	105	103
	106	104
	107	105
	108	106
	112	110
	116	114
	121	118
	122	119
	123	123
	126	120
	127	121
net/minecraft/client/renderer/entity/SpiderRenderer	42	39
	16	16
	19	19
	36	34
	21	20
	22	21
	41	38
	26	25
	42	39
	15	15
	31	30
net/minecraft/client/InputType	15	14
	11	10
	15	14
com/mojang/realmsclient/gui/RealmsWorldSlotButton	192	196
	132	90
	133	91
	134	92
	138	94
	139	95
	140	96
	141	97
	142	98
	143	99
	144	100
	145	101
	146	102
	147	103
	148	104
	149	105
	151	107
	154	110
	155	111
	156	112
	159	115
	161	116
	162	117
	163	118
	164	119
	166	121
	40	45
	41	46
	169	124
	42	47
	170	125
	43	48
	44	49
	45	50
	173	128
	174	129
	175	130
	48	53
	177	131
	178	132
	180	140
	184	144
	185	145
	187	147
	190	150
	191	151
	192	152
	69	173
	70	174
	71	175
	72	176
	73	177
	74	178
	75	179
	76	180
	77	181
	78	182
	80	184
	81	185
	82	186
	83	187
	84	188
	85	189
	86	190
	87	191
	88	192
	90	195
	91	196
	95	57
	96	58
	97	59
	101	63
	102	64
	103	65
	106	67
	107	68
	110	71
	111	72
	112	73
	115	76
	116	77
	119	80
	120	80
	122	80
	127	85
com/mojang/blaze3d/vertex/CompactVectorArray	50	44
	34	32
	42	36
	46	40
	16	14
	17	15
	50	44
	20	18
	24	22
	25	23
	28	26
	29	27
	30	28
	31	29
net/minecraft/client/model/animal/pig/ColdPigModel	27	28
	16	14
	19	17
	20	18
	22	19
	23	22
	24	24
	25	26
	27	28
	15	13
net/minecraft/client/data/AtlasProvider	196	167
	128	112
	129	112
	130	112
	131	112
	136	117
	137	118
	140	120
	153	133
	154	133
	159	137
	160	137
	165	141
	40	38
	173	145
	174	146
	175	147
	176	148
	177	149
	178	150
	179	151
	180	152
	181	153
	182	154
	183	155
	184	156
	185	157
	186	158
	191	163
	196	167
	72	65
	73	66
	76	69
	77	71
	78	72
	79	74
	80	75
	83	79
	88	83
	93	87
	97	91
	98	91
	103	95
	109	99
	110	100
	111	101
	112	102
	113	103
	117	107
	119	107
	127	111
net/minecraft/client/gui/screens/reporting/ChatSelectionLogFiller	75	73
	65	62
	66	63
	67	64
	68	65
	69	66
	70	67
	72	70
	73	71
	75	73
	28	27
	29	28
	30	29
	31	30
	32	31
	35	34
	36	36
	37	37
	38	38
	41	42
	42	42
	44	43
	45	43
	49	44
	50	45
	51	46
	52	47
	54	50
	55	51
	57	53
	59	56
	62	59
net/minecraft/client/renderer/entity/SnowGolemRenderer	45	39
	34	29
	21	19
	22	20
	39	33
	24	21
	40	34
	25	22
	41	35
	43	37
	29	25
	45	39
net/minecraft/client/gui/components/debug/DebugEntrySpawnCounts	36	41
	32	31
	33	32
	34	37
	20	24
	36	41
	21	25
	22	26
	24	27
	25	41
	28	28
	29	29
	31	30
net/minecraft/client/model/monster/strider/package-info	0	0
net/minecraft/client/particle/DripParticle	469	648
	258	419
	259	420
	260	421
	268	451
	269	452
	273	465
	274	466
	275	467
	26	112
	27	113
	283	352
	28	114
	284	353
	29	115
	30	116
	288	367
	289	369
	34	120
	290	370
	35	121
	291	371
	36	122
	292	372
	38	124
	42	128
	43	129
	44	130
	300	327
	45	131
	301	328
	305	341
	50	88
	306	342
	51	89
	307	343
	308	344
	55	93
	56	94
	57	95
	58	96
	59	97
	316	380
	317	381
	321	394
	66	272
	322	395
	67	273
	323	396
	68	274
	324	397
	69	275
	73	279
	74	280
	75	281
	332	240
	333	241
	77	283
	337	254
	338	255
	82	309
	339	256
	83	310
	87	314
	88	315
	89	316
	90	317
	347	216
	91	318
	348	217
	93	320
	352	230
	353	231
	98	151
	354	232
	99	152
	103	156
	104	157
	105	158
	106	159
	362	194
	107	160
	363	195
	108	161
	110	163
	367	208
	368	208
	115	288
	116	289
	376	170
	120	293
	377	171
	121	294
	123	296
	381	184
	382	185
	383	186
	128	136
	129	137
	130	138
	391	475
	392	476
	137	24
	138	25
	139	26
	140	27
	396	489
	141	28
	397	490
	398	491
	399	492
	144	31
	400	493
	149	36
	408	582
	409	583
	154	41
	155	41
	413	596
	158	41
	414	597
	415	598
	416	599
	417	600
	163	46
	164	47
	165	48
	167	49
	168	50
	169	67
	425	527
	426	528
	172	51
	173	52
	174	53
	430	542
	175	54
	431	544
	176	67
	432	545
	433	546
	434	547
	179	55
	435	548
	180	56
	181	57
	183	58
	184	67
	187	59
	443	501
	188	60
	444	502
	189	61
	190	61
	191	62
	448	515
	449	516
	194	67
	450	517
	451	518
	452	519
	197	70
	198	71
	200	73
	203	76
	460	556
	461	557
	465	570
	209	632
	466	571
	210	633
	467	572
	468	573
	469	574
	214	646
	215	647
	216	648
	224	608
	225	609
	229	622
	230	623
	231	624
	239	429
	240	430
	244	443
	245	443
	253	405
	254	406
net/minecraft/client/gui/font/glyphs/package-info	0	0
net/minecraft/client/renderer/item/properties/conditional/ExtendedView	22	23
	17	18
	22	23
net/minecraft/client/renderer/blockentity/state/BannerRenderState	0	0
net/minecraft/client/model/animal/llama/LlamaSpitModel	37	36
	32	31
	33	32
	34	33
	37	36
	16	16
	17	17
	20	20
	21	21
	23	22
	24	23
	25	25
	26	26
	27	27
	28	28
	29	29
	31	30
net/minecraft/client/gui/screens/telemetry/TelemetryInfoScreen	132	132
	131	131
	132	132
	46	43
	47	44
	48	45
	49	46
	53	50
	58	55
	59	56
	60	57
	61	58
	62	59
	63	60
	64	61
	66	62
	67	63
	68	64
	69	65
	70	67
	71	68
	72	69
	73	70
	75	74
	76	75
	77	76
	79	77
	80	78
	81	79
	83	80
	84	81
	85	82
	89	86
	90	87
	91	88
	92	89
	93	90
	95	93
	96	94
	98	97
	99	98
	101	101
	102	102
	106	106
	107	107
	109	109
	112	112
	113	113
	115	115
	118	118
	119	119
	122	122
	123	123
	126	126
	127	127
net/minecraft/client/animation/definitions/package-info	0	0
com/mojang/realmsclient/package-info	0	0
net/minecraft/client/renderer/blockentity/TheEndPortalRenderer	35	26
	32	23
	33	24
	34	25
	35	26
	26	18
	31	22
net/minecraft/client/renderer/state/WindowRenderState	0	0
net/minecraft/client/model/monster/shulker/ShulkerModel	84	64
	65	47
	67	48
	68	49
	69	50
	70	51
	71	52
	73	55
	76	56
	77	57
	79	59
	82	62
	83	63
	84	64
	23	21
	24	22
	25	23
	26	24
	29	27
	30	28
	32	29
	33	29
	34	29
	35	29
	37	30
	38	30
	39	30
	40	30
	43	31
	47	35
	49	37
	50	37
	51	37
	52	37
	55	38
	59	42
	60	43
net/minecraft/client/renderer/entity/package-info	0	0
net/minecraft/client/renderer/entity/PaintingRenderer	182	195
	31	29
	32	30
	33	31
	37	34
	38	35
	39	53
	42	36
	43	37
	45	38
	46	39
	48	40
	49	50
	51	51
	52	53
	56	56
	61	60
	63	61
	64	62
	65	63
	66	64
	68	65
	69	66
	70	67
	71	68
	74	71
	75	72
	77	73
	78	75
	79	76
	80	77
	81	78
	82	79
	83	80
	84	81
	85	82
	86	84
	87	87
	88	90
	89	93
	92	96
	95	99
	98	111
	99	112
	100	113
	102	114
	104	115
	105	116
	106	117
	107	118
	110	119
	111	120
	112	121
	113	122
	115	123
	116	124
	117	125
	118	126
	120	127
	121	128
	123	130
	124	131
	125	132
	126	133
	127	134
	128	135
	130	136
	133	137
	134	138
	135	139
	136	140
	138	141
	139	142
	140	143
	141	144
	143	145
	144	146
	145	147
	146	148
	148	149
	149	150
	150	151
	151	152
	152	153
	155	156
	156	157
	157	158
	158	159
	159	160
	162	163
	163	164
	164	165
	165	166
	166	167
	169	170
	170	171
	171	172
	172	173
	173	174
	177	178
	178	179
	181	194
	182	195
net/minecraft/client/gui/screens/friends/PendingTab	122	115
	67	62
	68	63
	72	67
	73	68
	74	69
	78	73
	82	77
	83	78
	84	79
	87	82
	89	83
	90	84
	91	85
	92	86
	95	89
	97	90
	34	31
	98	91
	35	32
	99	93
	36	33
	37	34
	38	35
	102	96
	39	36
	103	97
	104	99
	41	37
	42	38
	106	101
	43	39
	44	40
	45	41
	46	42
	110	105
	114	109
	51	46
	115	110
	52	47
	116	111
	53	48
	118	112
	119	113
	57	52
	121	114
	122	115
	62	57
net/minecraft/client/multiplayer/ServerList	174	171
	128	126
	129	127
	132	130
	134	132
	137	135
	141	139
	142	140
	143	141
	144	142
	145	143
	148	146
	149	147
	152	150
	153	151
	155	152
	156	153
	157	154
	30	27
	31	28
	160	158
	35	32
	36	33
	164	162
	165	163
	38	34
	166	164
	39	35
	40	36
	168	165
	169	166
	43	39
	44	40
	172	169
	173	170
	46	41
	174	171
	47	42
	49	44
	51	46
	52	47
	53	48
	55	50
	59	54
	60	56
	61	57
	63	58
	64	59
	66	62
	67	63
	69	64
	70	65
	73	68
	74	69
	76	70
	77	71
	78	72
	80	73
	81	74
	82	75
	83	76
	84	77
	86	79
	89	82
	93	87
	94	88
	95	89
	98	93
	99	94
	100	95
	103	99
	107	104
	108	105
	109	106
	110	107
	111	108
	112	109
	115	113
	119	117
	120	118
	122	120
	125	123
	126	124
net/minecraft/client/renderer/texture/atlas/SpriteSources	26	25
	18	16
	21	20
	22	21
	23	22
	24	23
	25	24
	26	25
net/minecraft/client/renderer/entity/WitherSkeletonRenderer	22	20
	17	16
	22	20
	12	12
	13	13
net/minecraft/client/renderer/item/properties/conditional/ConditionalItemModelProperties	26	32
	10	16
	13	19
	14	20
	15	21
	16	22
	17	23
	18	24
	19	25
	20	26
	21	27
	22	28
	23	29
	24	30
	25	31
	26	32
net/minecraft/client/gui/render/GuiRenderer	436	428
	94	78
	112	100
	113	101
	114	102
	115	104
	116	105
	118	108
	119	109
	122	112
	123	113
	125	115
	133	118
	135	119
	136	120
	139	123
	140	124
	142	125
	143	126
	145	127
	146	128
	148	129
	149	130
	150	131
	151	132
	152	133
	153	134
	154	135
	155	136
	156	137
	157	138
	159	141
	160	142
	163	145
	164	147
	165	148
	166	149
	167	150
	168	151
	169	152
	171	154
	174	157
	177	160
	178	161
	179	162
	181	163
	183	164
	185	165
	187	166
	188	167
	191	170
	192	171
	193	172
	194	173
	195	174
	196	175
	199	178
	200	195
	203	179
	205	180
	207	181
	208	182
	210	183
	211	184
	212	185
	213	186
	216	189
	217	195
	220	190
	221	191
	223	192
	224	195
	227	200
	228	209
	229	210
	230	212
	231	213
	232	214
	235	217
	238	220
	239	221
	240	222
	241	223
	242	227
	243	228
	244	229
	245	230
	246	231
	248	234
	249	235
	252	238
	253	239
	254	240
	255	244
	258	248
	259	249
	261	251
	262	252
	265	255
	266	256
	267	288
	270	257
	271	258
	273	259
	274	260
	275	261
	276	262
	277	269
	279	264
	280	265
	281	266
	283	269
	285	270
	286	271
	287	274
	288	275
	289	277
	291	278
	292	280
	293	282
	295	284
	297	288
	300	291
	301	292
	302	292
	303	292
	304	293
	307	296
	308	297
	309	298
	311	300
	314	304
	316	307
	317	308
	318	309
	319	313
	320	315
	322	318
	325	322
	328	325
	329	326
	332	328
	333	329
	335	330
	336	331
	339	333
	340	334
	342	337
	343	338
	347	344
	348	345
	349	346
	350	348
	351	349
	353	352
	355	355
	359	359
	360	360
	361	361
	363	363
	366	366
	367	367
	368	393
	371	368
	373	369
	374	370
	376	371
	377	372
	378	373
	380	375
	383	378
	384	379
	386	382
	387	383
	389	386
	390	387
	392	390
	394	391
	395	393
	398	396
	399	397
	401	399
	402	399
	404	399
	408	404
	409	405
	412	406
	413	407
	414	408
	415	409
	418	410
	419	411
	422	414
	423	415
	427	418
	428	419
	429	420
	430	421
	432	424
	433	425
	434	426
	435	427
	436	428
net/minecraft/client/gui/screens/packs/package-info	0	0
net/minecraft/client/renderer/entity/TadpoleRenderer	23	22
	18	18
	23	22
	13	13
	14	14
net/minecraft/client/model/animal/bee/BabyBeeModel	63	50
	14	12
	15	13
	18	16
	19	17
	21	18
	22	20
	23	21
	24	23
	25	25
	27	27
	28	28
	29	28
	30	28
	32	30
	33	30
	34	30
	35	30
	37	31
	38	33
	39	33
	40	34
	42	36
	43	38
	44	38
	45	39
	47	41
	48	42
	49	42
	50	42
	52	44
	53	45
	54	45
	55	45
	57	47
	58	48
	59	48
	60	48
	63	50
net/minecraft/client/resources/language/I18n	17	17
	16	16
	17	17
	10	9
	13	12
	15	15
net/minecraft/client/renderer/entity/CreeperRenderer	60	48
	32	29
	36	32
	38	33
	39	33
	42	33
	47	37
	16	16
	18	17
	19	18
	52	41
	23	21
	25	22
	57	45
	26	23
	58	46
	27	24
	59	47
	28	25
	60	48
	29	26
	30	27
	31	28
net/minecraft/client/model/monster/ghast/package-info	0	0
net/minecraft/client/particle/GeyserPlumeParticle	108	106
	67	63
	70	64
	71	65
	72	66
	73	67
	76	70
	77	71
	80	72
	83	73
	84	74
	87	75
	88	76
	89	77
	93	81
	100	88
	101	89
	38	40
	39	41
	41	42
	105	103
	42	43
	106	104
	43	44
	107	105
	108	106
	45	45
	46	46
	47	47
	49	48
	50	49
	52	50
	53	51
	54	52
	56	53
	57	54
	58	55
	59	56
	61	57
	62	58
	63	59
net/minecraft/client/gui/components/debug/DebugEntryLookingAt	180	173
	131	88
	67	109
	69	110
	70	111
	136	93
	72	112
	73	113
	76	116
	77	117
	142	143
	143	144
	80	120
	82	121
	83	122
	147	148
	84	123
	85	124
	88	127
	152	152
	157	157
	32	37
	33	38
	97	136
	34	39
	98	137
	35	49
	99	138
	164	164
	38	40
	39	41
	104	63
	41	42
	105	64
	169	168
	42	43
	43	44
	109	68
	174	173
	47	47
	48	49
	114	72
	179	58
	180	59
	119	77
	60	102
	61	103
	126	84
com/mojang/realmsclient/gui/screens/RealmsPendingInvitesScreen	244	242
	47	42
	48	43
	49	44
	50	45
	59	52
	60	53
	61	54
	65	58
	66	59
	67	60
	68	61
	69	62
	70	63
	71	64
	72	65
	74	67
	76	68
	77	69
	78	70
	79	71
	83	75
	84	76
	85	77
	87	79
	91	83
	92	84
	96	88
	98	89
	99	90
	101	92
	106	221
	107	223
	108	229
	112	233
	116	237
	120	241
	121	242
	143	117
	151	115
	152	118
	154	119
	155	120
	156	120
	157	121
	158	122
	159	123
	160	127
	162	128
	163	129
	164	130
	165	131
	166	132
	167	133
	168	134
	170	135
	171	136
	172	137
	173	138
	174	139
	175	140
	176	141
	177	142
	180	145
	181	146
	182	148
	183	149
	185	154
	191	160
	196	165
	201	170
	202	171
	203	172
	204	173
	205	174
	206	175
	207	176
	208	177
	209	178
	210	179
	212	180
	213	181
	214	182
	215	183
	216	184
	217	185
	220	188
	221	189
	223	191
	224	192
	225	193
	227	195
	229	198
	230	199
	231	200
	232	201
	234	203
	235	204
	236	205
	237	206
	238	207
	239	208
	241	211
	243	213
	244	214
net/minecraft/client/resources/DryFoliageColorReloadListener	26	23
	17	15
	18	16
	19	17
	25	22
	26	23
net/minecraft/client/data/models/model/TexturedModel	107	98
	66	54
	99	90
	70	58
	103	94
	74	62
	75	63
	107	98
	79	67
	83	71
	87	78
	91	82
	61	49
	62	50
	63	51
net/minecraft/client/model/object/crystal/EndCrystalModel	79	56
	65	49
	67	50
	68	51
	70	52
	71	53
	72	53
	74	54
	75	54
	77	55
	78	55
	79	56
	30	26
	31	27
	32	28
	33	29
	34	30
	35	31
	38	34
	39	35
	41	36
	43	37
	44	37
	45	38
	46	39
	47	40
	48	41
	49	41
	50	41
	52	43
	53	43
	54	43
	58	44
	63	48
net/minecraft/client/gui/screens/social/package-info	0	0
net/minecraft/client/data/models/model/TextureMapping	475	451
	26	22
	27	23
	31	27
	32	28
	33	29
	37	33
	41	37
	45	41
	49	45
	50	45
	51	46
	52	47
	53	48
	55	45
	57	52
	61	56
	62	57
	63	58
	64	59
	65	60
	69	64
	70	65
	74	69
	78	73
	79	74
	83	78
	84	79
	88	83
	92	87
	96	91
	100	95
	104	99
	105	99
	106	99
	111	103
	115	107
	119	111
	120	111
	121	111
	126	115
	130	119
	134	123
	138	127
	142	131
	143	131
	144	131
	149	135
	153	139
	157	143
	158	143
	159	143
	164	147
	168	151
	172	155
	176	159
	180	163
	184	167
	185	167
	186	167
	190	171
	191	171
	192	171
	196	175
	197	176
	198	177
	199	178
	204	183
	208	189
	212	194
	216	200
	220	204
	221	205
	222	206
	223	207
	227	211
	228	212
	229	213
	230	214
	231	215
	232	216
	236	220
	237	221
	238	222
	239	223
	240	224
	241	225
	245	229
	249	233
	253	238
	254	238
	255	239
	256	240
	257	241
	258	242
	260	245
	264	249
	268	253
	272	257
	276	261
	280	265
	284	269
	288	273
	292	277
	293	278
	294	279
	295	280
	299	284
	300	285
	301	286
	302	287
	303	288
	307	292
	311	296
	312	297
	313	298
	314	299
	318	303
	319	304
	320	305
	321	306
	322	307
	326	311
	327	312
	328	313
	329	314
	333	318
	334	319
	335	320
	336	321
	340	325
	344	329
	345	330
	346	331
	347	332
	348	333
	349	334
	350	335
	351	336
	356	340
	357	341
	358	342
	359	343
	360	344
	361	345
	362	346
	363	347
	367	351
	368	352
	369	353
	370	354
	371	355
	372	356
	373	357
	374	358
	378	362
	379	363
	380	364
	381	365
	382	366
	383	367
	384	368
	385	369
	386	370
	390	374
	391	374
	392	374
	397	378
	398	379
	399	380
	400	381
	401	382
	402	383
	407	387
	408	388
	409	389
	410	390
	411	391
	412	392
	413	393
	418	397
	419	398
	420	399
	421	400
	422	401
	423	402
	424	403
	429	407
	430	407
	431	407
	435	411
	439	415
	443	419
	447	423
	451	427
	455	431
	456	432
	460	436
	461	437
	465	441
	469	445
	470	446
	474	450
	475	451
net/minecraft/client/renderer/SectionOcclusionGraph	499	485
	75	71
	77	73
	78	74
	79	75
	80	76
	83	80
	84	81
	85	82
	86	83
	88	85
	89	86
	90	87
	92	89
	95	92
	96	93
	100	97
	101	98
	104	101
	105	102
	106	103
	107	104
	109	105
	110	106
	113	109
	114	110
	115	111
	116	112
	117	113
	118	114
	121	121
	122	122
	123	123
	124	124
	125	125
	126	126
	127	127
	130	130
	131	131
	134	134
	138	138
	139	139
	140	140
	142	143
	144	144
	145	145
	147	147
	150	150
	151	151
	153	152
	154	153
	156	154
	157	155
	159	158
	161	160
	164	163
	165	164
	166	165
	167	166
	168	167
	169	168
	170	169
	171	170
	172	171
	173	172
	174	173
	175	174
	176	175
	177	176
	178	177
	181	180
	182	181
	183	182
	184	183
	185	184
	186	185
	187	186
	188	187
	190	189
	192	191
	193	192
	194	193
	195	195
	196	196
	197	197
	199	198
	200	199
	203	203
	204	204
	205	205
	206	206
	208	208
	209	209
	211	211
	214	214
	215	215
	216	216
	218	217
	220	218
	221	219
	223	220
	224	221
	225	222
	226	223
	227	225
	228	226
	229	227
	230	229
	231	230
	232	231
	233	232
	234	233
	235	234
	236	235
	237	236
	239	239
	240	240
	241	241
	242	242
	244	245
	248	250
	249	251
	251	253
	253	255
	256	266
	257	267
	258	268
	260	270
	261	271
	262	272
	264	273
	265	274
	267	275
	268	276
	272	278
	273	279
	274	280
	278	283
	281	286
	282	286
	283	287
	284	288
	286	290
	287	291
	289	292
	293	292
	297	293
	298	294
	299	295
	300	297
	301	298
	302	299
	303	300
	307	304
	312	309
	313	310
	314	311
	315	312
	316	313
	317	314
	318	315
	319	316
	320	316
	321	316
	322	316
	324	317
	325	318
	326	320
	327	321
	328	322
	331	326
	332	327
	333	328
	334	329
	337	333
	342	338
	343	339
	345	340
	349	342
	350	343
	352	344
	353	345
	356	351
	359	354
	363	359
	367	366
	369	367
	370	368
	372	370
	373	370
	377	370
	382	377
	386	381
	387	382
	388	384
	389	385
	390	386
	391	387
	392	388
	393	389
	394	390
	398	394
	401	397
	402	398
	403	399
	410	407
	411	408
	420	417
	421	418
	422	419
	423	420
	427	402
	434	475
	435	476
	438	479
	439	480
	442	484
	443	485
	444	485
	446	485
	460	433
	461	434
	462	435
	464	438
	465	439
	468	442
	469	443
	472	446
	476	450
	477	451
	481	455
	485	459
	490	463
	495	467
	496	467
	499	467
net/minecraft/client/model/geom/builders/CubeListBuilder	86	109
	67	80
	68	81
	72	95
	73	96
	77	100
	78	101
	82	105
	20	18
	21	19
	22	20
	86	109
	26	24
	30	28
	31	29
	35	44
	36	45
	37	46
	41	52
	42	53
	43	54
	47	58
	48	59
	52	63
	53	64
	57	68
	58	69
	62	75
	63	76
net/minecraft/client/model/animal/chicken/ChickenModel	36	32
	32	28
	33	29
	34	30
	35	31
	36	32
	18	16
	19	17
	20	18
	21	19
	22	20
	23	21
	27	24
	29	25
	30	26
	31	27
net/minecraft/client/gui/screens/InBedChatScreen	46	44
	32	31
	33	32
	34	33
	37	36
	39	37
	40	41
	41	42
	43	38
	44	39
	46	44
	15	13
	16	14
	20	18
	22	19
	23	22
	24	23
	28	27
	29	28
com/mojang/realmsclient/dto/UploadInfo	93	78
	64	55
	67	56
	71	61
	72	62
	74	64
	75	64
	77	64
	81	69
	82	69
	84	69
	89	73
	90	74
	91	75
	93	78
	33	24
	34	25
	35	26
	36	27
	37	28
	38	29
	39	30
	40	31
	41	32
	44	35
	45	36
	48	39
	53	45
	55	46
	57	49
	58	50
	59	51
	60	52
	62	53
	63	54
net/minecraft/client/model/monster/zombie/package-info	0	0
net/minecraft/client/renderer/block/BlockQuadOutput	0	0
net/minecraft/client/renderer/blockentity/HangingSignRenderer	86	74
	64	55
	65	56
	68	59
	69	60
	70	61
	71	62
	75	66
	76	66
	77	66
	82	70
	86	74
	38	29
	39	30
	43	33
	48	43
	49	44
	50	45
	52	46
	53	47
	55	49
	57	51
	60	54
	61	54
	62	54
	63	54
net/minecraft/client/renderer/item/properties/numeric/UseCycle	29	25
	19	19
	20	20
	21	20
	24	20
	13	13
	29	25
	14	14
	15	14
net/minecraft/client/gui/screens/options/FontOptionsScreen	22	20
	16	14
	17	15
	21	19
	22	20
	10	10
	11	10
net/minecraft/client/gui/screens/social/PresenceHandler	85	80
	65	63
	66	64
	69	67
	73	71
	74	72
	75	73
	76	74
	81	79
	82	80
	83	80
	85	80
	29	26
	30	27
	31	28
	32	29
	35	32
	36	33
	37	34
	38	35
	39	36
	40	37
	41	38
	42	39
	43	40
	44	41
	46	43
	47	44
	48	45
	51	48
	52	52
	54	49
	55	50
	59	57
	60	58
	62	60
net/minecraft/client/gui/components/SplashRenderer	46	37
	33	29
	34	30
	36	31
	37	32
	38	33
	39	34
	41	35
	42	35
	43	35
	45	36
	46	37
	25	23
	26	24
	29	27
	31	28
net/minecraft/client/animation/definitions/CreakingAnimation	0	0
net/minecraft/client/gui/components/debug/DebugEntryLocalDifficulty	32	34
	32	34
	17	21
	18	22
	20	23
	21	34
	24	24
	26	25
	27	26
	28	27
	29	28
	30	29
net/minecraft/client/sounds/AudioStream	0	0
net/minecraft/client/renderer/rendertype/RenderType	109	107
	66	63
	67	64
	73	70
	74	71
	75	72
	77	75
	81	79
	85	83
	89	87
	93	91
	31	28
	32	29
	33	31
	97	95
	34	33
	101	99
	38	39
	105	103
	43	43
	109	107
	47	47
	51	51
	56	55
	57	57
	58	58
	59	58
	60	58
	61	58
	63	60
net/minecraft/client/renderer/item/properties/select/TrimMaterialProperty	37	37
	32	32
	37	37
	23	26
	24	27
	25	27
	27	27
net/minecraft/client/model/animal/feline/BabyCatModel	12	12
	11	11
	12	12
net/minecraft/client/multiplayer/resolver/ServerAddressResolver	22	19
	17	15
	18	16
	19	17
	20	18
	22	19
net/minecraft/client/renderer/CloudRenderer	346	353
	258	260
	263	261
	264	262
	266	265
	269	270
	272	284
	273	285
	274	286
	275	287
	276	294
	278	288
	279	289
	281	291
	283	294
	286	297
	287	298
	290	301
	291	302
	292	303
	293	304
	294	305
	298	308
	299	309
	303	312
	304	313
	307	316
	308	317
	311	320
	312	321
	315	324
	316	325
	319	328
	320	329
	324	332
	69	57
	325	333
	326	334
	327	335
	74	87
	330	338
	75	63
	76	66
	333	341
	78	67
	334	342
	79	68
	80	69
	81	71
	337	345
	82	72
	338	346
	83	73
	84	74
	85	75
	342	349
	343	350
	88	77
	344	351
	89	78
	90	79
	346	353
	91	80
	92	81
	95	103
	96	104
	97	105
	98	106
	107	111
	108	112
	109	113
	110	114
	115	118
	116	119
	117	120
	120	123
	124	127
	128	131
	132	135
	136	139
	140	143
	144	155
	145	242
	147	156
	148	157
	149	158
	150	159
	151	160
	152	161
	154	164
	157	167
	158	168
	160	170
	161	171
	162	172
	163	173
	165	175
	168	178
	171	179
	172	180
	175	181
	176	182
	177	183
	178	184
	180	185
	181	186
	183	187
	184	188
	186	189
	187	190
	189	191
	194	196
	195	197
	196	198
	197	199
	198	200
	199	201
	200	203
	201	204
	202	205
	206	209
	207	242
	210	210
	211	211
	212	211
	213	211
	214	211
	216	214
	218	215
	219	216
	222	217
	223	218
	224	221
	225	222
	226	223
	228	225
	229	226
	232	231
	233	232
	234	233
	235	234
	236	235
	237	236
	238	237
	239	238
	241	242
	244	252
	245	270
	247	253
	248	254
	249	255
	252	257
	253	258
	254	259
	255	260
net/minecraft/client/renderer/state/gui/ColoredRectangleRenderState	26	51
	18	40
	19	41
	20	42
	21	43
	22	44
	25	50
	26	51
	13	35
	14	36
net/minecraft/client/renderer/fog/FogData	0	0
net/minecraft/client/renderer/item/properties/select/MainHand	29	30
	19	20
	24	25
	29	30
net/minecraft/client/renderer/entity/layers/StuckInBodyLayer	82	99
	64	82
	65	85
	69	89
	70	90
	71	90
	72	90
	75	92
	77	93
	79	96
	82	99
	23	29
	24	30
	25	31
	26	32
	27	33
	28	34
	33	47
	34	48
	35	49
	37	50
	38	51
	40	52
	41	53
	45	63
	46	64
	47	96
	50	65
	51	67
	52	68
	53	69
	54	70
	55	71
	57	72
	58	73
	59	74
	60	75
	61	76
	62	77
	63	79
net/minecraft/client/renderer/blockentity/BeaconRenderer	151	226
	129	197
	130	198
	131	199
	132	200
	133	201
	136	206
	137	212
	141	216
	146	221
	151	226
	32	30
	37	40
	38	41
	39	42
	42	47
	43	48
	45	49
	47	50
	48	51
	49	52
	53	55
	54	57
	55	58
	56	60
	57	68
	59	70
	62	82
	63	84
	66	98
	68	99
	69	100
	71	101
	72	102
	74	103
	76	104
	78	105
	81	106
	83	107
	84	108
	85	109
	86	110
	88	111
	89	112
	90	113
	91	114
	93	115
	94	119
	95	121
	97	122
	99	123
	100	124
	102	125
	104	126
	109	127
	110	128
	111	129
	112	130
	114	131
	115	135
	116	153
	118	154
	119	155
	122	176
	123	177
	124	178
	125	179
	126	180
net/minecraft/client/renderer/feature/submit/package-info	0	0
net/minecraft/client/gui/components/ChatComponent	787	746
	512	478
	513	478
	514	478
	519	482
	520	483
	522	484
	523	485
	525	486
	526	487
	528	488
	529	489
	537	743
	538	744
	539	745
	540	746
	550	526
	556	532
	563	539
	564	540
	567	543
	580	493
	583	496
	584	497
	585	498
	586	499
	587	500
	588	501
	589	502
	590	503
	90	76
	93	79
	94	80
	95	81
	96	82
	99	85
	100	86
	102	88
	616	609
	105	91
	617	610
	106	92
	618	611
	107	93
	619	612
	110	96
	623	616
	112	97
	624	617
	113	99
	625	618
	114	100
	115	101
	116	102
	117	103
	629	622
	118	104
	630	623
	120	105
	634	627
	635	628
	124	109
	128	121
	640	633
	129	122
	641	634
	130	130
	642	635
	131	131
	134	136
	646	639
	135	137
	138	142
	139	143
	141	144
	143	145
	144	241
	147	146
	148	147
	150	148
	151	149
	663	657
	664	658
	153	150
	665	659
	666	660
	155	151
	667	661
	156	152
	668	662
	669	663
	670	664
	671	665
	160	153
	161	154
	674	668
	675	669
	164	155
	166	156
	679	673
	168	157
	680	674
	681	675
	170	158
	682	676
	172	159
	174	160
	686	680
	175	161
	687	681
	176	162
	177	163
	691	684
	692	685
	182	164
	183	165
	696	689
	185	166
	697	690
	186	167
	698	691
	187	168
	699	692
	189	169
	701	695
	191	170
	192	171
	705	699
	195	174
	196	175
	710	704
	711	705
	200	183
	712	706
	713	707
	715	709
	205	187
	206	188
	719	713
	208	189
	720	714
	209	190
	721	715
	210	191
	722	716
	723	717
	726	720
	215	193
	727	721
	216	194
	217	195
	729	723
	219	197
	732	726
	733	727
	222	200
	223	201
	735	729
	225	202
	226	203
	227	204
	228	205
	230	206
	742	553
	743	554
	233	209
	747	558
	236	211
	748	559
	237	212
	749	560
	238	213
	750	561
	239	214
	751	562
	242	217
	243	218
	244	219
	756	566
	246	222
	760	570
	761	571
	250	225
	251	226
	252	227
	253	228
	254	229
	767	576
	256	230
	257	231
	258	232
	259	233
	260	234
	772	580
	261	235
	265	239
	266	241
	269	244
	270	245
	271	246
	272	247
	273	248
	785	595
	274	249
	786	596
	275	250
	787	597
	277	252
	280	255
	281	256
	284	259
	285	260
	288	263
	289	264
	292	267
	295	268
	296	269
	297	270
	298	271
	300	273
	303	276
	304	277
	305	278
	306	279
	308	281
	310	283
	313	286
	315	287
	317	288
	318	290
	319	291
	320	292
	321	293
	322	294
	325	297
	326	298
	329	301
	330	302
	332	304
	335	307
	337	309
	338	310
	340	312
	343	315
	344	316
	345	316
	346	316
	348	316
	350	317
	353	320
	354	321
	355	322
	357	324
	360	328
	362	329
	363	332
	364	333
	365	334
	366	335
	367	336
	368	337
	369	338
	371	341
	376	345
	380	349
	384	353
	385	354
	386	355
	389	358
	390	360
	391	361
	392	362
	395	365
	398	368
	402	372
	403	373
	404	374
	406	377
	408	380
	409	381
	411	383
	414	386
	415	387
	416	388
	419	391
	420	392
	422	393
	423	394
	426	397
	427	398
	428	399
	430	401
	433	404
	437	408
	441	412
	445	416
	449	420
	450	421
	451	422
	455	426
	456	427
	457	428
	461	432
	462	433
	463	434
	467	438
	471	442
	475	446
	476	447
	477	448
	480	451
	481	452
	484	455
	485	456
	487	457
	492	461
	493	462
	496	465
	497	466
	499	468
	502	472
	503	473
	504	474
	511	478
com/mojang/blaze3d/pipeline/package-info	0	0
net/minecraft/client/gui/screens/options/WorldOptionsScreen	100	94
	65	59
	66	60
	67	61
	69	63
	74	68
	75	69
	79	73
	80	74
	84	78
	85	79
	86	80
	87	81
	90	84
	27	26
	28	27
	29	28
	30	29
	94	88
	95	89
	34	33
	99	93
	36	34
	100	94
	37	35
	38	36
	39	37
	40	38
	42	39
	43	40
	44	41
	45	42
	48	45
	49	46
	50	47
	52	47
	56	49
	57	50
	58	51
	59	52
	61	55
net/minecraft/client/model/HeadedModel	11	11
	10	10
	11	11
net/minecraft/client/renderer/entity/CodRenderer	40	37
	16	16
	17	17
	33	31
	34	32
	36	33
	21	21
	37	34
	38	35
	40	37
	26	25
	31	30
net/minecraft/client/color/block/BlockTintCache	163	158
	128	73
	129	75
	133	78
	134	79
	136	82
	137	83
	138	84
	141	87
	142	90
	144	90
	147	94
	148	95
	149	113
	151	96
	153	97
	25	123
	154	98
	155	99
	27	126
	156	100
	28	127
	29	128
	159	104
	160	105
	32	131
	33	134
	163	110
	35	134
	38	138
	40	140
	45	147
	46	148
	47	149
	51	153
	55	157
	56	158
	77	22
	78	23
	81	26
	82	27
	84	28
	85	29
	86	30
	87	31
	88	32
	90	35
	92	36
	93	37
	94	38
	95	39
	96	40
	97	41
	99	43
	100	44
	101	45
	106	51
	108	53
	109	54
	110	55
	111	56
	112	57
	113	58
	118	63
	119	65
	124	69
	125	70
	126	71
com/mojang/realmsclient/util/task/LongRunningTask	69	64
	65	60
	34	33
	35	34
	36	35
	68	63
	37	35
	69	64
	41	36
	44	39
	45	40
	47	42
	49	44
	20	20
	52	47
	21	21
	53	48
	22	22
	23	23
	25	25
	58	53
	29	28
	30	29
	62	57
	31	30
com/mojang/blaze3d/vulkan/checkpoints/NvidiaCheckpointExtension	70	76
	64	70
	65	71
	70	76
	19	19
	20	20
	21	21
	26	26
	27	27
	29	29
	30	31
	31	32
	33	35
	38	41
	42	45
	43	46
	47	50
	48	51
	51	54
	53	56
	54	57
	55	58
	56	59
	57	61
	58	62
	60	65
	61	67
	62	68
	63	69
net/minecraft/client/renderer/entity/AbstractBoatRenderer	73	66
	64	57
	65	58
	66	59
	67	60
	68	61
	69	62
	70	63
	71	64
	72	65
	73	66
	19	19
	20	20
	21	21
	22	22
	26	25
	28	26
	29	27
	30	28
	31	29
	32	30
	35	33
	37	34
	40	37
	41	38
	43	39
	45	40
	47	41
	49	42
	50	43
	53	48
	59	53
net/minecraft/client/renderer/entity/state/PaintingRenderState	0	0
com/mojang/realmsclient/util/task/ConnectTask	47	45
	35	33
	36	34
	37	35
	38	36
	42	40
	43	41
	47	45
	19	18
	20	19
	21	20
	22	21
	26	24
	27	25
	29	27
	31	29
net/minecraft/client/renderer/entity/layers/RopesLayer	33	38
	32	36
	33	38
	20	20
	21	21
	22	22
	23	23
	24	24
	28	34
	29	38
	31	35
net/minecraft/client/multiplayer/ClientHandshakePacketListenerImpl	266	262
	128	134
	256	260
	129	135
	257	261
	130	136
	258	262
	131	137
	132	142
	134	138
	135	139
	263	245
	264	246
	265	247
	138	145
	266	248
	139	146
	141	148
	143	150
	146	153
	147	154
	148	155
	152	160
	153	162
	154	163
	155	164
	156	165
	157	166
	158	167
	159	168
	160	169
	161	170
	162	171
	165	161
	170	176
	172	177
	174	179
	180	187
	181	188
	188	195
	195	202
	196	203
	197	204
	198	205
	199	206
	203	209
	204	210
	205	211
	79	89
	207	213
	80	90
	81	91
	209	215
	82	92
	83	93
	84	94
	85	95
	213	218
	86	96
	87	97
	88	98
	89	99
	90	100
	218	222
	91	101
	219	223
	94	104
	95	105
	223	226
	96	106
	225	227
	98	108
	227	229
	100	111
	101	112
	231	232
	232	233
	105	115
	233	234
	236	237
	237	238
	113	122
	241	241
	114	123
	242	242
	116	124
	118	125
	119	126
	121	127
	122	128
	123	129
	124	130
	127	133
net/minecraft/client/multiplayer/resolver/ServerAddress	97	83
	64	56
	66	59
	71	64
	72	65
	75	66
	80	71
	19	15
	20	16
	85	75
	86	76
	23	19
	24	20
	88	78
	89	78
	28	24
	92	78
	29	25
	30	26
	97	83
	35	31
	39	35
	40	36
	44	39
	45	40
	46	40
	48	40
	50	41
	51	42
	52	43
	58	50
	59	51
	60	52
	61	53
	62	54
net/minecraft/client/gui/components/debug/DebugScreenEntryStatus	21	19
	16	15
	17	16
	21	19
net/minecraft/client/gui/screens/reporting/ReportPlayerScreen	85	93
	65	66
	66	74
	68	78
	70	79
	72	80
	73	81
	74	82
	78	86
	79	87
	80	88
	84	92
	85	93
	34	30
	35	31
	36	32
	37	33
	38	34
	39	35
	43	39
	48	44
	49	45
	51	46
	53	49
	54	51
	55	52
	56	53
	57	54
	58	55
	59	56
	60	57
	61	58
	62	59
net/minecraft/client/renderer/blockentity/TrialSpawnerRenderer	60	68
	32	36
	33	42
	35	37
	36	38
	37	39
	38	40
	39	42
	42	52
	43	62
	45	53
	46	54
	47	55
	48	56
	49	57
	50	58
	51	59
	21	21
	53	62
	22	22
	57	65
	26	25
	58	66
	60	68
	31	35
net/minecraft/client/particle/FallingLeavesParticle	161	164
	128	104
	129	105
	133	118
	141	126
	142	127
	146	140
	154	148
	155	149
	159	162
	160	163
	33	35
	161	164
	38	36
	39	37
	40	38
	43	39
	45	40
	48	41
	49	42
	50	43
	53	44
	54	45
	57	46
	58	47
	59	48
	60	49
	61	50
	65	54
	71	59
	72	60
	73	61
	75	62
	76	63
	78	66
	79	98
	83	67
	84	68
	86	69
	87	70
	88	71
	89	72
	90	73
	92	76
	93	77
	94	78
	97	81
	98	82
	101	83
	103	84
	105	85
	106	86
	109	87
	112	88
	113	89
	115	92
	116	98
	119	93
	120	94
	121	95
	122	98
com/mojang/blaze3d/vertex/DefaultVertexFormat	0	0
net/minecraft/client/input/PreeditEvent	82	86
	64	65
	65	66
	66	67
	70	71
	71	72
	72	73
	74	75
	75	77
	76	78
	77	79
	78	80
	80	83
	82	86
	20	17
	21	16
	22	21
	25	27
	26	28
	28	30
	29	31
	34	32
	36	33
	37	34
	38	35
	40	37
	41	38
	42	40
	43	41
	44	42
	45	43
	47	46
	48	47
	50	50
	51	51
	52	52
	55	55
	56	56
	59	59
	63	64
com/mojang/realmsclient/dto/RealmsServerPlayerLists	85	72
	66	56
	68	58
	69	59
	70	60
	71	61
	72	62
	77	67
	81	71
	82	72
	83	72
	85	72
	30	25
	33	28
	35	29
	36	30
	38	30
	40	31
	41	32
	43	34
	44	35
	46	36
	47	37
	49	39
	52	42
	55	45
	58	48
	59	49
	62	52
net/minecraft/client/renderer/special/DecoratedPotSpecialRenderer	50	56
	49	44
	33	56
	50	45
	20	19
	21	20
	39	24
	44	36
	28	52
	45	40
net/minecraft/client/gui/components/CommonButtons	29	29
	8	8
	9	9
	10	10
	11	11
	12	12
	13	13
	14	14
	18	18
	19	19
	20	20
	21	21
	22	22
	23	23
	24	24
	25	25
	29	29
net/minecraft/client/gui/components/debug/DebugEntryMemory	79	81
	64	69
	65	70
	69	75
	70	77
	71	78
	73	81
	79	44
	20	24
	21	25
	22	26
	23	27
	25	30
	26	31
	27	32
	28	33
	30	36
	33	39
	46	56
	48	57
	49	58
	52	60
	56	61
	57	62
	58	63
	59	64
	62	67
	63	68
net/minecraft/client/renderer/DebugCrosshairRenderer	90	84
	64	59
	65	60
	66	61
	68	62
	69	63
	71	64
	72	65
	73	66
	74	67
	75	68
	77	72
	78	73
	79	74
	80	75
	81	76
	83	77
	84	78
	86	79
	87	80
	89	83
	90	84
	33	29
	34	30
	35	31
	36	32
	37	33
	38	34
	39	35
	40	36
	42	37
	43	38
	44	39
	45	40
	46	41
	47	42
	48	44
	49	45
	52	48
	56	51
	57	52
	60	55
	61	56
	62	57
	63	58
net/minecraft/client/gui/screens/inventory/AnvilScreen	148	142
	130	122
	131	123
	132	126
	136	130
	137	131
	139	133
	143	137
	144	138
	145	139
	146	140
	148	142
	29	28
	30	29
	31	30
	32	31
	36	35
	37	36
	39	37
	40	38
	41	39
	42	40
	43	41
	44	42
	45	43
	46	44
	47	45
	48	46
	49	47
	50	48
	54	52
	55	53
	56	54
	60	58
	61	59
	65	63
	66	64
	67	65
	68	66
	72	70
	73	71
	74	72
	77	74
	78	74
	80	74
	84	79
	85	80
	86	90
	89	81
	90	82
	91	83
	94	86
	95	87
	97	90
	101	94
	103	95
	104	96
	105	97
	107	99
	108	100
	109	101
	110	102
	111	103
	113	105
	114	106
	115	107
	119	111
	120	112
	121	113
	122	114
	123	115
	126	118
net/minecraft/client/data/models/model/ModelInstance	0	0
net/minecraft/client/gui/screens/advancements/AdvancementWidget	307	315
	256	262
	257	263
	260	266
	261	267
	262	268
	266	272
	267	273
	269	275
	272	278
	273	279
	276	282
	277	284
	278	285
	280	287
	283	290
	284	297
	286	291
	287	292
	288	293
	289	294
	290	295
	294	302
	295	303
	296	304
	297	305
	300	308
	303	311
	307	315
	59	58
	60	59
	61	60
	62	61
	63	62
	64	63
	65	64
	67	65
	69	66
	70	67
	71	68
	72	73
	73	74
	75	77
	77	78
	78	79
	81	82
	82	83
	83	84
	85	86
	86	87
	87	88
	91	93
	95	97
	97	98
	98	99
	100	101
	101	102
	102	103
	103	104
	104	105
	106	108
	107	109
	108	110
	112	114
	117	120
	118	121
	119	123
	120	123
	122	123
	126	127
	127	128
	128	129
	129	130
	130	131
	131	132
	132	133
	133	134
	134	135
	135	136
	136	137
	137	138
	138	139
	139	140
	140	141
	141	142
	143	144
	144	145
	145	146
	149	150
	150	151
	152	153
	155	156
	156	157
	159	159
	160	160
	162	162
	165	165
	166	166
	169	169
	170	170
	172	172
	175	175
	179	179
	180	180
	183	183
	184	184
	187	187
	188	188
	190	189
	191	190
	192	191
	193	192
	195	193
	196	194
	197	195
	198	196
	199	197
	203	198
	205	202
	206	203
	207	204
	208	205
	209	206
	210	207
	211	208
	212	209
	213	210
	214	211
	215	212
	216	213
	217	214
	218	215
	219	216
	221	218
	222	219
	223	220
	225	223
	228	225
	229	226
	231	228
	234	231
	235	232
	236	233
	237	234
	239	236
	243	240
	244	241
	245	242
	247	255
	250	258
	252	259
	254	260
	255	261
net/minecraft/client/particle/ParticleProvider	0	0
net/minecraft/client/gui/components/Whence	0	0
net/minecraft/client/model/monster/skeleton/BoggedModel	68	62
	66	60
	67	61
	68	62
	19	17
	20	18
	21	19
	24	22
	25	23
	27	24
	29	25
	30	26
	31	28
	32	28
	33	29
	35	31
	36	33
	37	33
	38	34
	40	36
	41	38
	42	38
	43	39
	45	41
	46	43
	47	43
	48	44
	50	46
	51	48
	52	48
	53	49
	55	51
	56	53
	57	53
	58	54
	61	56
net/minecraft/client/particle/NoRenderParticleGroup	16	16
	16	16
	11	11
	12	12
net/minecraft/client/renderer/state/gui/PanoramaRenderState	0	0
net/minecraft/client/renderer/entity/CaveSpiderRenderer	18	18
	18	18
	12	12
	13	13
	14	14
net/minecraft/client/resources/sounds/UnderwaterAmbientSoundInstances	62	57
	14	13
	16	14
	17	15
	18	16
	19	17
	20	18
	21	19
	25	23
	26	24
	28	26
	38	35
	40	36
	41	37
	42	38
	43	39
	44	40
	45	41
	49	45
	50	55
	51	57
	54	46
	55	47
	57	49
	60	52
	61	53
	62	57
net/minecraft/client/renderer/state/gui/pip/GuiProfilerChartRenderState	17	19
	17	19
	12	14
	13	15
net/minecraft/client/renderer/entity/layers/CreeperPowerLayer	37	34
	16	15
	32	30
	17	16
	18	17
	37	34
	22	20
	27	25
net/minecraft/client/gui/screens/Overlay	11	11
	7	7
	11	11
net/minecraft/client/renderer/debug/BreezeDebugRenderer	53	50
	32	31
	34	34
	35	35
	36	36
	37	37
	38	38
	40	39
	41	40
	42	41
	43	42
	44	43
	47	44
	48	44
	49	45
	50	46
	51	47
	52	48
	53	50
	26	23
	27	24
	31	30
net/minecraft/client/particle/SnowflakeParticle	51	59
	32	32
	33	33
	35	34
	36	35
	37	36
	38	37
	11	13
	12	14
	44	43
	13	15
	45	44
	14	16
	15	17
	16	18
	17	19
	49	57
	50	58
	19	20
	51	59
	21	21
	22	22
	23	23
	27	27
com/mojang/blaze3d/platform/Transparency	31	24
	16	11
	17	12
	18	13
	19	15
	20	15
	22	15
	27	20
	15	10
	31	24
net/minecraft/client/renderer/ScreenEffectRenderer	217	222
	47	44
	48	45
	49	46
	52	49
	53	50
	54	51
	55	52
	58	55
	61	60
	62	61
	63	62
	64	63
	65	64
	66	65
	67	66
	68	67
	71	70
	72	71
	73	72
	76	75
	77	76
	78	77
	82	82
	83	83
	85	85
	88	88
	89	112
	92	89
	93	90
	94	91
	95	92
	96	93
	97	94
	99	95
	101	96
	103	97
	104	98
	106	99
	107	100
	108	101
	109	102
	110	103
	111	104
	112	105
	114	106
	115	107
	116	108
	117	109
	119	110
	120	112
	123	115
	124	116
	127	119
	128	120
	129	121
	130	122
	131	123
	134	127
	135	128
	137	130
	138	132
	139	133
	140	134
	141	135
	142	136
	144	138
	145	139
	146	140
	149	144
	153	151
	154	154
	156	156
	160	159
	161	160
	162	161
	163	162
	165	163
	166	164
	168	165
	169	166
	170	167
	171	167
	179	168
	180	169
	183	172
	184	173
	185	174
	186	175
	187	176
	188	177
	190	178
	191	179
	192	180
	193	181
	194	182
	195	183
	198	186
	199	187
	206	188
	209	201
	210	202
	213	218
	214	219
	215	220
	216	221
	217	222
com/mojang/blaze3d/audio/DeviceList	32	18
	32	18
	19	13
	20	14
	22	16
	31	17
com/mojang/realmsclient/gui/RealmsDataFetcher	51	54
	35	30
	36	33
	37	34
	38	35
	40	36
	41	38
	42	41
	43	43
	44	45
	45	46
	46	47
	47	48
	48	51
	51	54
net/minecraft/client/model/monster/piglin/BabyPiglinModel	79	50
	64	42
	65	42
	66	42
	68	44
	69	44
	70	44
	71	44
	74	45
	13	12
	14	13
	79	50
	17	16
	18	17
	20	18
	21	18
	22	18
	23	18
	25	19
	26	21
	27	21
	28	21
	29	22
	31	24
	32	24
	33	24
	35	25
	36	25
	37	25
	39	26
	40	28
	41	28
	42	29
	44	31
	45	31
	46	31
	48	32
	49	34
	50	34
	51	35
	53	37
	54	37
	55	37
	56	37
	58	38
	59	39
	60	39
	61	39
	63	41
net/minecraft/client/renderer/entity/AxolotlRenderer	55	57
	32	36
	37	40
	42	44
	43	45
	44	46
	45	47
	46	48
	47	49
	48	50
	49	51
	18	20
	50	52
	19	22
	51	53
	20	23
	52	54
	21	25
	53	55
	54	56
	23	27
	55	57
	26	31
	27	32
	31	35
net/minecraft/client/gui/components/LoadingDotsWidget	51	48
	32	28
	33	29
	34	30
	38	34
	42	38
	46	42
	51	48
	21	19
	22	20
	23	21
	27	25
	29	26
	30	27
com/mojang/blaze3d/vertex/MeshData	123	122
	18	17
	19	18
	20	19
	23	24
	24	25
	25	26
	28	28
	29	29
	30	30
	31	31
	33	33
	34	34
	35	35
	36	36
	37	37
	38	38
	39	39
	40	40
	41	41
	42	42
	43	43
	44	44
	45	45
	47	48
	50	51
	54	56
	58	60
	62	64
	66	69
	67	70
	69	72
	70	73
	71	74
	72	75
	73	76
	78	81
	79	82
	80	83
	82	85
	92	92
	94	93
	95	94
	97	95
	101	99
	102	100
	103	101
	105	103
	106	104
	109	107
	110	108
	111	109
	112	110
	113	111
	114	112
	115	113
	117	115
	120	118
	121	120
	122	121
	123	122
net/minecraft/client/renderer/feature/FeatureFrameContext	0	0
com/mojang/blaze3d/systems/TransientMemory	66	78
	64	75
	66	78
	36	38
	40	44
	12	10
	44	48
	45	50
	46	51
	48	54
	18	16
	54	62
	24	24
	58	68
	30	30
	62	72
	63	74
net/minecraft/client/renderer/block/model/properties/select/package-info	0	0
net/minecraft/client/gui/screens/TitleScreen	339	421
	256	331
	257	332
	258	333
	260	335
	261	336
	263	339
	265	342
	267	343
	268	344
	270	345
	271	346
	274	349
	276	350
	277	351
	280	354
	281	355
	284	358
	286	359
	287	360
	289	362
	294	366
	298	370
	299	370
	302	370
	311	375
	312	376
	314	378
	318	382
	319	383
	320	384
	65	63
	66	64
	322	386
	69	67
	325	389
	70	68
	327	395
	328	394
	73	71
	329	410
	74	72
	330	411
	75	73
	331	412
	76	74
	77	75
	334	416
	335	417
	80	78
	339	421
	85	83
	86	84
	90	87
	91	88
	93	90
	96	93
	97	94
	98	95
	99	96
	103	100
	108	105
	113	110
	114	111
	116	114
	117	115
	119	116
	120	117
	122	118
	123	119
	125	121
	128	124
	129	125
	130	126
	131	127
	133	128
	134	130
	135	130
	136	133
	138	136
	139	139
	141	141
	142	143
	144	145
	145	151
	147	155
	149	158
	150	159
	153	162
	154	163
	156	165
	159	168
	160	169
	164	174
	165	178
	166	179
	167	180
	168	180
	169	181
	172	186
	173	187
	175	188
	176	190
	177	191
	179	192
	180	193
	181	195
	182	201
	186	206
	187	207
	190	208
	191	209
	194	211
	195	212
	196	213
	197	214
	199	215
	203	217
	207	223
	209	224
	210	228
	211	229
	213	231
	215	235
	216	241
	217	245
	219	264
	220	251
	221	254
	222	257
	223	258
	224	259
	228	279
	229	280
	230	281
	232	283
	233	288
	234	289
	239	299
	240	315
	241	316
	242	317
	243	318
	245	319
	250	325
	251	326
	254	329
	255	330
net/minecraft/client/renderer/SectionBufferBuilderPack	30	27
	16	14
	20	18
	21	19
	24	22
	25	23
	13	11
	29	26
	30	27
com/mojang/blaze3d/GpuOutOfMemoryException	6	6
	5	5
	6	6
net/minecraft/client/renderer/entity/layers/WolfCollarLayer	32	47
	32	47
	18	18
	19	19
	24	29
	25	30
	26	47
	29	31
	30	32
	31	33
net/minecraft/client/model/geom/ModelPart	385	399
	47	43
	48	44
	49	45
	52	48
	56	52
	60	56
	61	57
	64	60
	65	61
	68	64
	69	65
	70	66
	71	67
	72	68
	73	69
	74	70
	75	71
	76	72
	77	73
	80	76
	84	80
	85	81
	86	82
	88	84
	92	89
	93	90
	94	91
	95	92
	98	95
	99	96
	100	97
	101	98
	104	101
	105	102
	108	105
	109	120
	111	106
	112	120
	115	107
	116	108
	118	109
	119	110
	122	113
	123	114
	126	117
	127	120
	130	123
	131	124
	132	125
	133	126
	134	127
	142	130
	143	131
	144	132
	145	133
	146	134
	147	135
	148	136
	149	137
	152	140
	153	141
	156	144
	157	145
	160	148
	161	161
	164	149
	165	150
	167	151
	168	153
	169	154
	172	157
	173	158
	174	158
	177	159
	178	161
	181	164
	182	165
	183	166
	185	169
	186	170
	188	172
	191	175
	192	176
	194	178
	197	181
	201	185
	205	189
	206	190
	207	191
	208	192
	211	195
	212	196
	213	197
	214	198
	217	201
	218	202
	219	203
	220	204
	223	207
	224	208
	225	209
	226	210
	230	214
	231	215
	232	216
	233	217
	237	221
	238	222
	240	225
	241	226
	243	228
	255	256
	256	257
	257	258
	258	259
	259	260
	260	261
	261	262
	263	263
	264	264
	265	265
	267	266
	268	267
	269	268
	270	269
	271	270
	272	271
	274	272
	275	273
	276	274
	277	275
	280	278
	281	279
	282	280
	283	281
	285	282
	286	283
	287	284
	288	285
	290	286
	291	287
	292	288
	293	289
	294	290
	295	291
	297	292
	298	293
	299	294
	301	295
	302	296
	303	297
	305	300
	306	301
	309	304
	310	305
	312	308
	313	309
	315	312
	316	313
	318	316
	319	317
	321	319
	324	322
	325	323
	326	325
	327	326
	328	327
	329	328
	330	329
	332	331
	333	332
	334	333
	335	334
	336	335
	337	336
	340	339
	345	357
	347	358
	348	359
	349	360
	350	361
	351	362
	352	363
	354	364
	355	365
	356	367
	357	368
	358	369
	359	370
	362	373
	365	376
	373	387
	377	391
	381	395
	385	399
com/mojang/realmsclient/client/FileUpload	154	165
	130	142
	134	146
	138	150
	146	157
	147	158
	148	159
	152	163
	153	164
	154	165
	45	52
	46	53
	47	54
	48	55
	49	56
	50	57
	51	58
	52	59
	53	60
	55	61
	56	62
	60	65
	61	66
	64	69
	65	70
	66	71
	71	82
	73	77
	74	78
	75	79
	76	80
	80	83
	81	84
	82	85
	83	86
	84	87
	85	88
	87	89
	88	90
	89	91
	90	92
	92	95
	93	96
	95	99
	97	101
	102	107
	103	107
	109	112
	113	124
	114	125
	115	126
	117	129
	118	130
	119	131
	121	133
	122	134
	123	135
	125	137
	126	138
net/minecraft/client/particle/BreakingItemParticle	114	160
	64	65
	71	88
	72	89
	73	90
	80	106
	23	25
	87	122
	24	26
	25	27
	26	28
	27	29
	28	30
	29	31
	30	32
	95	146
	96	147
	33	35
	34	36
	35	37
	100	160
	37	38
	38	39
	39	40
	40	41
	107	80
	44	45
	49	50
	114	138
	54	55
	59	60
com/mojang/realmsclient/dto/package-info	0	0
net/minecraft/client/gui/screens/inventory/CartographyTableScreen	106	109
	28	28
	29	29
	30	30
	34	34
	35	35
	36	36
	37	37
	39	38
	40	39
	41	40
	42	41
	44	42
	45	43
	48	44
	49	46
	50	47
	51	48
	52	49
	53	50
	55	51
	56	52
	59	56
	60	57
	61	58
	65	62
	68	65
	69	66
	72	77
	73	78
	75	79
	76	80
	77	81
	78	82
	79	83
	80	84
	81	85
	82	86
	83	87
	84	88
	85	89
	86	90
	88	91
	90	93
	91	94
	93	96
	96	101
	97	102
	98	103
	99	104
	101	105
	102	106
	104	107
	106	109
com/mojang/realmsclient/gui/screens/configuration/RealmsSubscriptionTab	173	178
	128	135
	131	137
	132	138
	133	139
	134	140
	136	141
	137	142
	138	143
	139	144
	140	146
	141	147
	143	148
	149	155
	150	156
	152	157
	153	158
	154	159
	155	160
	156	161
	158	164
	160	165
	161	166
	163	167
	164	168
	166	170
	168	173
	169	174
	173	178
	61	61
	62	62
	63	63
	64	64
	66	65
	68	66
	69	67
	70	68
	72	69
	73	70
	74	71
	76	72
	77	73
	78	75
	79	77
	80	80
	82	83
	83	84
	84	86
	85	88
	86	89
	87	92
	90	95
	91	96
	92	99
	94	100
	95	101
	98	104
	99	105
	100	106
	101	108
	103	109
	104	110
	107	113
	109	116
	110	117
	111	118
	112	119
	113	120
	114	121
	115	122
	117	124
	120	127
	121	128
	125	132
	126	133
	127	134
net/minecraft/client/particle/FlyStraightTowardsParticle	99	103
	64	68
	66	69
	67	70
	68	81
	71	72
	72	73
	74	74
	75	75
	76	76
	78	77
	80	78
	81	78
	82	78
	83	78
	21	30
	85	79
	86	81
	23	31
	24	32
	25	33
	26	34
	27	35
	28	36
	92	87
	29	37
	93	88
	30	38
	31	39
	32	40
	33	41
	97	101
	34	42
	98	102
	99	103
	36	43
	37	44
	39	45
	41	46
	42	47
	43	48
	47	52
	53	57
	57	61
	62	66
	63	67
net/minecraft/client/multiplayer/resolver/package-info	0	0
net/minecraft/client/gui/font/glyphs/BakedSheetGlyph	250	290
	128	153
	129	154
	130	155
	132	158
	133	159
	136	170
	137	171
	138	172
	139	173
	140	174
	144	178
	149	185
	154	192
	30	41
	31	42
	32	43
	160	246
	33	44
	34	45
	35	46
	36	47
	165	251
	38	48
	39	49
	40	50
	41	51
	42	52
	170	256
	45	55
	46	55
	47	55
	175	261
	51	59
	52	59
	180	266
	56	63
	184	270
	57	65
	58	66
	59	67
	189	275
	190	276
	63	71
	64	71
	65	71
	194	280
	69	77
	70	78
	71	79
	199	285
	72	80
	73	81
	74	82
	204	290
	77	83
	79	85
	80	86
	81	87
	82	88
	83	89
	211	199
	85	102
	87	104
	216	204
	90	107
	91	108
	92	109
	221	209
	94	111
	97	124
	98	125
	226	214
	100	126
	101	127
	230	218
	103	128
	104	129
	106	130
	235	223
	108	131
	236	224
	109	132
	110	133
	111	134
	112	135
	240	228
	115	138
	245	233
	119	142
	250	238
	123	146
	127	152
net/minecraft/client/renderer/item/properties/select/LocalTime	114	94
	64	47
	65	48
	66	49
	69	52
	73	56
	75	57
	76	57
	77	57
	79	58
	80	59
	84	62
	85	63
	86	64
	89	67
	94	74
	31	27
	95	75
	32	28
	96	76
	33	28
	97	77
	35	28
	100	80
	104	84
	109	89
	46	30
	47	32
	48	33
	49	34
	50	36
	114	94
	53	39
com/mojang/blaze3d/vulkan/checkpoints/AmdCheckpointExtension	80	74
	64	59
	66	61
	67	62
	68	63
	69	64
	73	68
	78	72
	79	73
	80	74
	25	18
	26	19
	27	20
	32	25
	33	27
	34	28
	36	31
	41	36
	42	37
	44	39
	51	46
	52	47
	53	48
	54	49
	58	53
	59	54
	61	56
net/minecraft/client/gui/screens/options/UnsupportedGraphicsWarningScreen	85	80
	66	62
	67	63
	69	64
	70	65
	71	66
	75	70
	83	78
	84	79
	85	80
	31	29
	32	30
	33	31
	34	32
	35	33
	39	37
	44	42
	45	43
	47	46
	49	47
	50	48
	52	49
	53	50
	55	51
	57	52
	58	54
	59	55
	60	56
	62	58
net/minecraft/client/gui/font/FontSet	235	225
	130	130
	132	131
	135	134
	136	135
	137	139
	140	136
	141	137
	149	144
	151	146
	152	147
	153	148
	157	149
	158	150
	160	153
	161	154
	162	155
	164	158
	37	35
	169	163
	42	43
	170	163
	173	163
	48	49
	177	167
	51	54
	181	171
	182	172
	56	59
	185	172
	187	172
	191	176
	69	68
	198	189
	199	191
	200	192
	204	195
	205	196
	78	76
	79	77
	207	199
	82	80
	83	81
	84	82
	212	180
	87	85
	88	86
	89	87
	217	205
	90	88
	93	91
	94	92
	95	93
	224	213
	97	94
	225	215
	98	95
	226	216
	99	96
	102	99
	230	220
	103	100
	104	102
	105	103
	106	104
	107	105
	235	225
	111	109
	112	110
	113	112
	114	113
	115	114
	116	115
	117	116
	118	118
	123	124
	125	126
net/minecraft/client/particle/BaseAshSmokeParticle	49	63
	10	27
	11	28
	12	29
	13	30
	15	31
	16	32
	17	33
	18	34
	19	35
	20	36
	21	37
	23	38
	24	39
	25	40
	26	41
	27	42
	29	43
	30	44
	31	45
	32	46
	33	47
	37	51
	42	56
	47	61
	48	62
	49	63
net/minecraft/client/gui/screens/CreateBuffetWorldScreen	159	155
	132	130
	133	132
	134	133
	136	134
	137	135
	138	136
	140	138
	142	140
	146	144
	151	149
	152	150
	158	154
	159	155
	47	42
	48	43
	49	44
	50	45
	52	46
	55	47
	56	48
	57	49
	61	53
	62	54
	66	58
	67	59
	68	60
	69	61
	70	62
	71	63
	72	64
	74	65
	76	66
	77	67
	78	68
	79	69
	80	70
	81	71
	83	74
	85	76
	86	77
	87	78
	91	82
	92	83
	93	84
	96	87
	97	88
	100	92
	101	94
	102	100
	103	101
	106	104
	107	105
	108	106
	109	108
	110	109
	111	110
	112	111
	114	112
	115	113
	116	114
	120	117
	122	118
	123	119
	125	122
	126	123
net/minecraft/client/renderer/feature/phase/SimpleFeatureRenderPhase	149	153
	129	130
	130	131
	132	133
	133	134
	134	135
	137	139
	141	144
	142	145
	143	146
	144	147
	146	149
	147	150
	149	153
	25	23
	26	24
	27	25
	29	28
	30	29
	31	30
	32	31
	34	34
	35	35
	39	39
	40	40
	41	41
	44	45
	45	46
	49	51
	50	53
	51	54
	53	56
	56	59
	57	60
	58	61
	59	62
	61	64
	66	69
	67	70
	68	71
	69	72
	71	74
	76	79
	77	80
	78	81
	79	82
	80	83
	82	85
	86	89
	90	93
	91	94
	92	95
	95	99
	104	108
	105	109
	109	112
	110	113
	113	116
	114	117
	115	118
	117	120
	119	122
	122	126
	123	126
	125	126
com/mojang/blaze3d/platform/Monitor	86	88
	65	68
	69	72
	73	76
	77	80
	81	84
	19	19
	20	20
	21	21
	22	22
	86	88
	25	25
	26	26
	27	28
	28	29
	29	30
	30	31
	31	32
	34	36
	35	37
	36	38
	37	39
	38	40
	39	41
	40	42
	41	43
	44	46
	45	47
	47	49
	48	50
	49	51
	53	56
	57	60
	61	64
net/minecraft/client/gui/narration/NarrationSupplier	0	0
net/minecraft/client/model/animal/rabbit/package-info	0	0
net/minecraft/client/renderer/entity/OminousItemSpawnerRenderer	56	50
	34	30
	36	31
	37	32
	38	33
	42	38
	43	50
	46	39
	47	40
	48	41
	49	42
	52	45
	53	46
	54	47
	23	21
	55	48
	24	22
	56	50
	25	23
	29	26
com/mojang/realmsclient/client/RealmsClient	541	556
	512	498
	515	501
	517	502
	518	520
	519	521
	522	503
	524	504
	525	506
	526	507
	527	508
	528	509
	531	511
	532	512
	533	513
	535	515
	536	516
	539	505
	540	523
	541	524
	70	544
	71	545
	72	546
	73	547
	76	552
	77	553
	78	554
	79	555
	80	556
	86	60
	146	116
	147	117
	151	121
	152	122
	153	123
	154	124
	155	125
	157	127
	158	128
	159	129
	160	130
	162	132
	163	133
	164	134
	169	141
	170	142
	171	143
	173	144
	174	145
	175	146
	178	149
	182	153
	183	154
	185	156
	187	159
	188	160
	189	161
	190	161
	191	161
	192	162
	193	163
	194	164
	195	165
	196	166
	197	167
	199	170
	203	175
	204	176
	205	177
	207	180
	208	181
	212	185
	213	186
	214	187
	218	191
	219	192
	220	193
	224	197
	225	198
	226	199
	230	203
	231	205
	232	206
	233	207
	236	211
	240	215
	241	216
	242	217
	245	220
	246	221
	247	222
	250	225
	251	226
	252	227
	256	231
	257	232
	259	235
	260	236
	261	237
	264	239
	265	239
	266	239
	268	241
	269	242
	270	243
	274	247
	275	249
	276	250
	278	251
	282	256
	283	257
	284	258
	288	262
	289	263
	290	264
	294	268
	295	269
	296	270
	297	271
	298	272
	301	275
	302	276
	303	277
	307	281
	308	282
	312	285
	313	286
	314	287
	317	285
	321	292
	322	295
	323	296
	326	299
	327	300
	328	301
	331	304
	332	305
	334	306
	335	307
	336	308
	340	312
	341	313
	342	314
	346	326
	347	329
	348	330
	349	331
	350	332
	351	333
	352	334
	355	337
	356	338
	357	339
	358	340
	362	343
	363	344
	364	345
	368	349
	369	350
	370	351
	373	354
	374	357
	375	358
	379	362
	380	363
	381	364
	385	368
	386	369
	387	370
	391	374
	392	375
	393	376
	397	380
	398	381
	399	382
	403	386
	404	387
	405	388
	409	392
	410	393
	411	394
	412	395
	416	399
	417	400
	418	401
	423	405
	427	409
	428	410
	429	411
	430	412
	431	413
	435	417
	439	421
	440	422
	441	423
	444	426
	445	429
	446	430
	450	435
	451	436
	452	437
	453	438
	454	439
	456	442
	460	446
	461	447
	462	448
	465	451
	466	452
	467	453
	470	456
	471	457
	472	458
	476	462
	477	463
	478	464
	481	467
	482	468
	483	469
	487	473
	488	474
	489	475
	492	478
	496	482
	501	487
	502	488
	503	489
	508	494
	509	495
	510	496
	511	497
com/mojang/blaze3d/textures/AddressMode	0	0
net/minecraft/client/renderer/item/properties/package-info	0	0
net/minecraft/client/renderer/entity/layers/EquipmentLayerRenderer	91	118
	64	85
	66	89
	69	93
	70	94
	71	95
	72	96
	73	97
	75	101
	78	104
	79	105
	80	106
	81	107
	83	109
	91	118
	38	36
	39	37
	40	38
	41	39
	44	52
	45	53
	48	68
	49	69
	50	101
	52	70
	53	71
	55	72
	56	74
	57	75
	58	76
	61	77
	62	80
	63	84
net/minecraft/client/model/animal/nautilus/NautilusSaddleModel	31	30
	18	16
	19	17
	20	18
	21	19
	24	22
	25	23
	27	24
	29	25
	31	30
net/minecraft/client/model/monster/strider/BabyStriderModel	51	69
	32	26
	33	27
	35	28
	36	29
	38	30
	39	32
	40	34
	43	37
	44	38
	45	39
	46	44
	47	49
	48	54
	49	59
	50	64
	51	69
	24	21
	28	22
net/minecraft/client/renderer/item/properties/numeric/CompassAngleState	143	137
	64	60
	128	125
	68	62
	69	62
	70	63
	71	64
	73	67
	138	133
	75	69
	139	134
	78	72
	143	137
	82	76
	83	78
	22	21
	23	23
	87	82
	24	24
	88	83
	25	26
	89	84
	93	88
	97	92
	34	34
	36	35
	37	36
	101	96
	39	37
	40	38
	44	42
	108	104
	45	43
	47	44
	48	45
	114	111
	51	46
	115	112
	55	50
	56	51
	121	118
	58	54
	59	55
	63	59
	127	125
net/minecraft/client/gui/screens/inventory/BookSignScreen	119	105
	41	33
	42	34
	43	35
	44	36
	45	37
	47	38
	48	39
	52	43
	53	44
	54	45
	55	46
	56	47
	58	48
	59	49
	60	50
	61	51
	62	52
	63	53
	64	54
	65	55
	67	56
	68	57
	69	58
	70	59
	71	60
	72	61
	76	65
	77	66
	80	69
	81	70
	82	71
	86	75
	91	80
	92	81
	93	82
	94	83
	96	85
	101	91
	103	92
	104	93
	106	94
	107	95
	109	96
	110	97
	112	98
	113	99
	117	103
	118	104
	119	105
net/minecraft/client/renderer/texture/OverlayTexture	63	53
	32	23
	33	24
	38	29
	39	30
	43	33
	44	34
	47	37
	51	41
	22	16
	55	45
	25	18
	26	19
	27	20
	59	49
	29	21
	63	53
net/minecraft/client/renderer/entity/layers/EnderEyesLayer	19	19
	19	19
	14	14
	15	15
net/minecraft/client/renderer/fog/package-info	0	0
net/minecraft/client/gui/screens/friends/AddFriendWidget	221	202
	128	110
	129	111
	131	114
	135	118
	136	119
	139	122
	141	124
	142	125
	143	126
	144	127
	145	128
	146	129
	148	131
	149	132
	150	133
	151	134
	152	135
	153	136
	154	137
	155	138
	157	140
	158	141
	159	142
	160	143
	161	144
	162	145
	164	147
	165	148
	166	149
	167	150
	168	151
	171	153
	174	156
	178	160
	182	164
	183	165
	187	169
	192	174
	193	175
	66	48
	194	176
	195	177
	68	51
	71	56
	199	181
	72	57
	200	182
	73	58
	201	183
	74	59
	202	184
	75	60
	76	61
	78	63
	206	188
	207	189
	81	67
	82	68
	83	69
	84	70
	212	193
	85	71
	86	72
	87	73
	88	74
	216	197
	89	75
	91	76
	92	77
	93	78
	221	202
	94	79
	95	83
	98	88
	99	88
	103	91
	105	92
	107	93
	108	94
	109	95
	110	96
	111	97
	113	98
	114	98
	116	99
	117	100
	118	101
	121	104
	122	105
	124	106
	125	107
	126	108
net/minecraft/client/resources/metadata/texture/package-info	0	0
net/minecraft/client/gui/components/debug/DebugEntryCategory	0	0
com/mojang/realmsclient/util/task/ResettingWorldTask	62	62
	19	17
	20	18
	21	19
	22	20
	28	25
	29	26
	31	30
	32	31
	35	34
	37	35
	38	36
	41	39
	43	40
	44	41
	45	42
	46	43
	48	46
	49	48
	50	49
	51	50
	53	53
	54	54
	55	55
	56	47
	58	58
	62	62
net/minecraft/client/resources/model/cuboid/CuboidFace	109	84
	65	31
	67	32
	68	33
	69	34
	71	35
	72	36
	74	37
	78	41
	82	45
	86	50
	87	51
	27	19
	91	55
	92	56
	31	23
	96	61
	97	62
	100	64
	101	65
	102	66
	105	68
	106	69
	107	70
	108	71
	109	72
	50	80
	55	84
net/minecraft/client/renderer/entity/RabbitRenderer	65	78
	64	77
	65	78
	39	55
	40	56
	44	59
	45	60
	48	62
	49	63
	54	68
	59	72
	60	73
	61	74
	62	75
	63	76
net/minecraft/client/gui/components/debug/DebugScreenEntryList	193	197
	128	130
	134	135
	138	139
	139	140
	142	143
	143	144
	144	145
	146	147
	149	150
	153	154
	155	155
	156	156
	157	157
	158	158
	159	159
	160	160
	163	163
	165	164
	166	165
	167	166
	170	169
	44	42
	45	43
	46	44
	174	173
	47	45
	178	178
	51	49
	52	50
	180	183
	53	51
	181	185
	54	52
	182	186
	56	56
	184	188
	57	60
	58	61
	59	62
	61	64
	189	192
	62	65
	190	194
	191	195
	64	67
	65	68
	193	197
	66	69
	67	70
	69	73
	70	74
	73	77
	74	78
	75	79
	78	82
	79	83
	80	84
	83	87
	84	88
	85	89
	88	92
	92	96
	96	100
	97	101
	98	102
	99	103
	100	104
	103	107
	104	107
	106	109
	107	110
	110	112
	111	113
	112	114
	114	117
	115	118
	119	120
	120	121
	122	123
	124	126
	127	129
net/minecraft/client/PreferredGraphicsApi	41	35
	32	29
	36	33
	37	34
	22	20
	38	35
	23	21
	39	35
	24	22
	41	35
	27	25
net/minecraft/client/renderer/entity/CopperGolemRenderer	73	76
	65	68
	66	69
	67	70
	68	71
	69	72
	71	74
	73	76
	31	29
	32	30
	33	35
	34	41
	35	42
	36	43
	37	44
	41	47
	45	51
	50	55
	55	59
	56	60
	57	61
	58	62
	59	63
	60	64
	61	65
	62	66
	63	67
com/mojang/blaze3d/platform/MessageBox	35	24
	32	21
	35	24
	25	20
net/minecraft/client/gui/screens/friends/FriendEntry	103	105
	36	37
	37	38
	38	39
	39	44
	40	45
	41	45
	43	46
	44	47
	45	48
	46	49
	47	50
	48	51
	49	52
	50	53
	52	56
	53	57
	56	60
	57	62
	58	63
	59	64
	60	65
	61	66
	62	67
	63	68
	70	74
	71	75
	75	79
	80	84
	81	85
	82	86
	83	87
	84	88
	85	89
	86	90
	87	91
	88	92
	89	93
	90	94
	93	99
	94	99
	95	99
	96	100
	97	101
	98	102
	99	103
	100	104
	101	104
	102	104
	103	105
net/minecraft/client/renderer/block/dispatch/multipart/KeyValueCondition	178	156
	128	129
	129	130
	130	131
	131	132
	132	133
	135	136
	136	137
	137	138
	143	146
	144	147
	145	148
	148	150
	152	155
	153	156
	154	156
	156	156
	161	52
	162	49
	163	50
	165	55
	38	29
	39	30
	40	31
	170	58
	171	58
	44	37
	45	38
	173	58
	46	39
	49	41
	178	62
	57	79
	58	76
	59	77
	61	81
	69	71
	70	71
	77	84
	78	85
	79	86
	81	88
	82	89
	83	90
	86	94
	91	99
	95	103
	97	104
	98	105
	100	106
	101	107
	103	108
	105	109
	106	110
	109	112
	110	113
	111	114
	112	115
	118	119
	119	120
	120	121
	122	123
	123	124
	124	125
	125	126
net/minecraft/client/renderer/entity/SulfurCubeRenderer	87	75
	64	56
	68	59
	73	63
	78	67
	80	68
	81	69
	82	70
	83	71
	84	72
	85	73
	87	75
	32	30
	33	31
	35	32
	36	33
	37	34
	39	35
	40	36
	44	39
	45	40
	46	41
	50	44
	51	45
	53	46
	54	47
	55	48
	56	49
	59	52
	60	53
	62	54
	63	55
net/minecraft/client/model/animal/dolphin/DolphinModel	92	70
	23	21
	24	22
	25	23
	26	24
	27	25
	30	28
	31	29
	33	30
	34	31
	36	32
	37	33
	38	33
	39	33
	41	35
	42	36
	43	36
	44	36
	46	38
	47	40
	48	40
	49	41
	51	43
	52	45
	53	45
	54	46
	56	48
	57	50
	58	50
	59	51
	61	53
	62	53
	63	53
	64	53
	66	54
	67	55
	68	55
	69	55
	71	57
	72	57
	73	57
	77	58
	82	62
	84	63
	85	64
	87	65
	88	66
	89	67
	90	68
	92	70
com/mojang/blaze3d/shaders/package-info	0	0
net/minecraft/client/renderer/GameRenderer	728	729
	513	517
	516	520
	517	521
	520	523
	521	524
	522	525
	524	526
	525	527
	526	528
	527	529
	528	530
	529	531
	530	532
	532	534
	533	535
	534	536
	538	541
	542	546
	543	547
	544	548
	546	549
	547	550
	549	551
	551	552
	552	553
	554	554
	555	555
	557	556
	558	557
	559	558
	560	559
	562	562
	564	563
	565	564
	566	565
	567	566
	568	567
	569	568
	570	569
	572	570
	573	571
	574	572
	575	573
	576	574
	579	577
	581	578
	582	579
	583	580
	585	581
	586	582
	588	583
	590	586
	591	587
	592	588
	593	590
	594	591
	596	592
	598	593
	599	594
	600	602
	601	603
	602	604
	604	605
	605	606
	607	608
	610	611
	611	612
	612	613
	613	614
	614	615
	615	616
	616	617
	617	618
	620	621
	621	622
	622	623
	623	624
	624	625
	625	626
	626	627
	627	628
	628	629
	629	630
	630	631
	631	632
	632	633
	633	634
	634	635
	635	636
	636	637
	637	638
	638	639
	639	640
	640	641
	641	642
	642	643
	643	644
	646	647
	647	648
	648	649
	649	650
	650	654
	653	657
	654	658
	655	659
	656	660
	657	661
	660	664
	149	133
	661	665
	150	134
	151	135
	664	668
	153	138
	154	139
	155	140
	156	143
	668	672
	157	145
	159	148
	160	149
	672	676
	161	153
	162	154
	676	680
	168	161
	680	684
	169	162
	170	163
	171	164
	684	688
	175	167
	176	168
	177	169
	689	692
	178	170
	179	171
	691	693
	180	172
	692	694
	181	173
	182	174
	694	695
	183	175
	695	696
	184	176
	185	177
	186	178
	187	179
	188	180
	700	700
	189	181
	701	701
	702	702
	703	703
	192	184
	704	704
	706	706
	707	707
	196	188
	200	192
	712	712
	204	196
	716	716
	205	197
	717	717
	719	720
	208	200
	720	721
	209	201
	210	202
	723	724
	213	205
	214	206
	727	728
	728	729
	217	209
	218	210
	219	213
	220	216
	221	221
	223	223
	226	226
	227	227
	228	228
	231	231
	232	232
	233	233
	235	235
	238	238
	239	239
	240	240
	241	248
	242	264
	243	265
	244	266
	245	267
	248	270
	249	271
	250	272
	251	273
	253	275
	256	278
	258	279
	259	280
	260	281
	262	284
	263	285
	265	286
	266	287
	267	288
	268	291
	269	292
	271	289
	274	295
	275	308
	278	296
	279	297
	280	298
	281	299
	282	300
	284	302
	285	303
	288	306
	289	308
	292	312
	296	316
	298	317
	299	318
	300	319
	303	322
	305	323
	307	324
	308	325
	310	326
	313	329
	314	330
	316	333
	317	334
	319	335
	321	336
	322	337
	323	338
	324	339
	326	341
	329	344
	330	355
	333	345
	334	346
	335	347
	336	352
	337	353
	338	355
	341	358
	342	386
	344	359
	345	386
	348	363
	349	364
	350	365
	351	366
	352	367
	354	368
	355	369
	356	370
	359	373
	360	381
	362	382
	363	383
	364	386
	367	389
	368	390
	369	390
	371	390
	376	394
	377	395
	378	396
	379	397
	380	398
	383	401
	384	402
	386	403
	388	404
	390	405
	392	406
	393	407
	395	408
	396	409
	398	410
	401	413
	403	414
	404	415
	407	418
	409	419
	411	420
	412	421
	413	422
	416	425
	418	430
	419	431
	421	432
	423	443
	424	444
	426	445
	428	446
	430	447
	432	448
	434	449
	435	450
	436	451
	437	452
	440	456
	442	459
	444	460
	446	461
	447	462
	449	463
	450	464
	451	465
	452	466
	453	467
	455	468
	457	469
	459	470
	460	471
	463	474
	464	490
	467	475
	468	476
	469	490
	471	477
	473	478
	474	479
	475	490
	478	480
	479	481
	480	482
	483	484
	485	486
	486	490
	489	493
	490	494
	491	495
	492	496
	493	497
	494	498
	495	499
	496	500
	497	501
	499	503
	500	504
	503	507
	504	508
	505	509
	506	510
	507	511
	509	513
	511	515
net/minecraft/client/model/monster/skeleton/SkeletonModel	120	116
	20	19
	21	20
	24	23
	25	24
	27	25
	28	26
	32	30
	33	31
	34	31
	35	31
	37	33
	38	34
	39	34
	40	34
	42	36
	43	37
	44	37
	45	37
	47	39
	48	40
	49	40
	50	40
	52	42
	55	45
	56	46
	57	47
	58	50
	59	52
	60	54
	61	56
	63	58
	64	61
	65	63
	66	65
	67	67
	68	68
	69	70
	70	70
	71	71
	73	73
	74	75
	75	75
	76	76
	78	78
	79	80
	80	80
	81	81
	83	83
	84	85
	85	85
	86	86
	88	88
	93	92
	95	93
	96	94
	97	95
	98	96
	99	97
	100	98
	101	99
	102	100
	103	101
	104	102
	105	103
	106	104
	108	105
	110	107
	114	110
	115	111
	116	112
	117	113
	118	114
	119	115
	120	116
net/minecraft/client/model/EntityModel	20	19
	16	15
	19	18
	20	19
	15	14
net/minecraft/client/gui/screens/worldselection/OptimizeWorldScreen	143	164
	129	150
	130	152
	131	153
	132	154
	133	155
	136	158
	138	159
	139	160
	140	161
	141	162
	143	164
	38	37
	39	38
	40	39
	41	40
	42	41
	49	51
	50	52
	52	53
	53	54
	54	55
	55	56
	57	58
	58	67
	59	63
	60	64
	61	65
	62	83
	63	79
	64	85
	65	86
	66	87
	71	99
	72	100
	73	101
	74	102
	78	106
	80	107
	81	108
	82	109
	83	110
	84	111
	88	115
	89	116
	91	118
	95	122
	100	127
	101	128
	105	132
	106	133
	107	134
	111	138
	113	139
	115	140
	116	141
	117	142
	118	143
	120	144
	122	145
	123	146
	125	147
	126	148
	127	149
net/minecraft/client/model/animal/chicken/package-info	0	0
net/minecraft/client/renderer/entity/ZombieVillagerRenderer	59	59
	32	35
	34	37
	35	38
	37	41
	41	44
	46	48
	18	17
	51	52
	20	19
	52	53
	21	20
	53	54
	54	55
	55	56
	26	24
	27	27
	59	59
	28	28
	29	29
	31	32
net/minecraft/client/resources/server/ServerPackManager	403	386
	256	172
	259	175
	261	176
	262	177
	263	178
	264	179
	266	181
	272	187
	273	188
	274	189
	275	190
	276	191
	278	192
	279	193
	283	198
	284	199
	290	202
	291	203
	292	205
	293	206
	297	207
	298	208
	301	211
	302	212
	303	213
	307	218
	52	33
	308	219
	53	34
	309	221
	54	35
	310	222
	55	36
	56	37
	312	225
	57	38
	314	228
	60	41
	61	42
	318	232
	319	233
	320	234
	322	236
	323	237
	325	238
	328	241
	329	242
	330	243
	331	244
	334	247
	335	248
	336	249
	337	250
	340	252
	87	356
	88	357
	345	257
	346	258
	347	259
	348	260
	352	264
	353	265
	356	271
	359	275
	360	276
	361	277
	362	278
	108	374
	365	282
	109	375
	366	283
	110	376
	111	377
	368	286
	369	287
	114	380
	115	381
	373	291
	117	383
	375	292
	376	294
	120	386
	377	295
	378	304
	380	300
	381	301
	126	45
	382	302
	127	46
	383	297
	128	47
	386	308
	131	50
	389	310
	134	53
	390	311
	135	54
	391	312
	136	58
	139	56
	395	316
	140	58
	143	61
	399	320
	144	62
	145	76
	403	324
	150	66
	151	67
	152	68
	155	71
	156	72
	157	73
	158	74
	159	76
	163	79
	165	80
	167	81
	168	82
	171	85
	172	86
	175	89
	176	90
	177	91
	180	95
	181	96
	182	97
	185	101
	189	105
	190	106
	191	107
	192	108
	194	110
	197	113
	198	114
	200	117
	201	118
	204	121
	206	123
	207	124
	208	125
	212	129
	213	130
	216	133
	217	135
	218	136
	219	137
	222	141
	223	142
	226	145
	228	146
	231	149
	232	150
	233	151
	236	154
	237	155
	240	158
	241	159
	244	160
	247	161
	248	162
	249	163
	250	164
	252	167
	254	169
net/minecraft/client/animation/definitions/CamelBabyAnimation	0	0
net/minecraft/client/renderer/blockentity/state/BellRenderState	0	0
net/minecraft/client/renderer/entity/GlowSquidRenderer	30	25
	16	15
	17	16
	21	20
	26	24
	27	25
	28	25
	30	25
net/minecraft/client/renderer/entity/layers/ArrowLayer	19	25
	19	25
	14	15
	15	21
net/minecraft/client/renderer/block/BlockModelSet	39	34
	32	28
	37	32
	38	33
	39	34
	25	22
	26	23
	27	24
	28	25
net/minecraft/client/renderer/entity/state/CopperGolemRenderState	0	0
net/minecraft/client/model/animal/turtle/TurtleModel	44	38
	32	26
	33	27
	34	28
	35	29
	37	31
	38	32
	39	33
	40	34
	41	35
	42	36
	44	38
	15	13
	16	14
	20	17
	22	18
	23	19
	25	20
	26	21
	27	22
	28	23
	29	24
	30	25
net/minecraft/client/renderer/debug/WaterDebugRenderer	57	52
	32	33
	33	34
	35	35
	36	36
	37	36
	38	36
	39	36
	41	36
	42	37
	46	42
	47	43
	48	44
	49	45
	50	47
	52	47
	22	21
	54	48
	23	22
	57	52
	27	28
	28	29
	30	31
	31	32
net/minecraft/client/TextureFilteringMethod	27	25
	16	15
	22	20
	23	21
	24	22
	27	25
	15	14
net/minecraft/client/gui/components/debugchart/ProfilerPieChart	166	151
	128	112
	131	115
	132	116
	134	120
	135	121
	137	124
	141	128
	142	151
	144	129
	145	130
	146	151
	149	131
	150	132
	151	133
	152	134
	153	135
	154	136
	158	140
	159	141
	32	28
	160	142
	33	29
	161	143
	163	146
	36	32
	37	33
	166	151
	40	36
	41	37
	44	40
	45	93
	48	41
	49	42
	51	43
	52	44
	53	45
	55	46
	56	47
	57	48
	58	49
	59	50
	61	51
	62	52
	63	53
	64	54
	66	55
	67	56
	69	57
	71	58
	73	59
	75	60
	76	61
	77	62
	79	65
	81	66
	82	67
	84	69
	85	70
	88	73
	90	75
	91	76
	92	77
	93	78
	94	79
	96	81
	99	84
	100	85
	101	86
	102	87
	103	88
	104	89
	105	90
	107	93
	110	96
	112	97
	114	98
	115	99
	116	101
	117	102
	118	103
	119	104
	120	105
	121	106
	122	107
	123	108
	124	109
	127	111
net/minecraft/client/tutorial/CompletedTutorialStepInstance	5	5
	5	5
net/minecraft/client/gui/screens/recipebook/RecipeCollection	81	70
	32	27
	34	29
	67	57
	36	32
	68	58
	37	33
	70	59
	39	35
	71	60
	42	38
	74	62
	75	64
	76	65
	45	41
	77	66
	49	45
	81	70
	53	49
	25	20
	57	53
	26	21
	29	24
	30	25
	31	26
net/minecraft/client/gui/screens/package-info	0	0
com/mojang/blaze3d/audio/ListenerTransform	9	9
	9	9
com/mojang/blaze3d/vertex/TlsfAllocator	385	365
	257	156
	260	159
	261	160
	264	163
	265	164
	266	166
	268	168
	269	169
	270	170
	272	171
	273	172
	274	173
	275	174
	278	176
	282	181
	283	182
	27	285
	284	183
	28	286
	285	185
	29	287
	287	187
	288	188
	32	290
	290	189
	291	190
	292	191
	36	294
	293	193
	296	196
	40	298
	297	197
	298	198
	300	199
	44	302
	301	200
	302	201
	303	202
	305	204
	308	207
	309	208
	310	209
	311	211
	313	213
	314	214
	316	215
	317	216
	318	217
	319	219
	64	329
	65	330
	322	222
	66	331
	323	223
	67	332
	68	333
	325	224
	69	334
	326	225
	70	335
	327	226
	71	336
	328	227
	330	229
	74	339
	333	232
	334	233
	78	343
	335	234
	79	344
	337	235
	338	236
	82	347
	83	348
	340	237
	341	238
	86	351
	343	240
	90	355
	91	356
	92	357
	349	243
	350	244
	351	245
	352	246
	353	247
	354	248
	355	249
	99	364
	100	365
	359	253
	365	258
	366	259
	367	260
	368	262
	113	24
	369	263
	114	25
	370	264
	115	26
	371	266
	116	27
	372	266
	373	267
	118	28
	374	268
	119	29
	375	266
	120	30
	121	31
	122	32
	378	271
	123	33
	126	37
	382	275
	384	276
	385	277
	130	41
	131	42
	134	45
	138	49
	142	53
	146	57
	150	61
	151	62
	152	63
	153	64
	155	66
	156	67
	157	68
	158	69
	163	74
	164	75
	165	76
	166	77
	169	80
	173	84
	175	85
	176	86
	177	87
	179	90
	181	91
	182	92
	183	93
	184	94
	187	97
	188	98
	190	99
	191	100
	193	103
	194	104
	197	107
	198	108
	199	109
	201	110
	202	111
	203	112
	207	116
	210	119
	211	120
	212	121
	213	122
	215	123
	216	124
	217	125
	218	127
	221	130
	222	131
	224	132
	225	133
	227	135
	231	139
	234	140
	236	141
	237	143
	239	145
	240	146
	241	147
	245	148
	246	149
	247	150
	249	151
	250	152
	251	153
	254	154
	255	155
net/minecraft/client/gui/components/spectator/package-info	0	0
net/minecraft/client/data/models/WaypointStyleProvider	62	67
	32	35
	33	36
	36	40
	39	45
	40	46
	41	47
	42	48
	43	49
	44	50
	47	54
	51	57
	52	58
	53	59
	22	23
	54	60
	23	24
	56	62
	57	63
	26	27
	29	32
	30	33
	62	67
	31	34
net/minecraft/client/gui/screens/inventory/MerchantScreen	356	322
	257	226
	260	231
	261	232
	262	233
	264	235
	265	236
	267	237
	269	239
	272	242
	277	247
	278	248
	281	250
	282	251
	283	252
	284	253
	286	256
	291	262
	293	263
	294	264
	295	265
	296	266
	298	267
	299	268
	301	269
	303	270
	305	272
	310	278
	311	279
	313	280
	314	280
	315	280
	317	281
	319	284
	64	58
	65	59
	66	60
	324	289
	69	63
	325	290
	70	64
	71	65
	72	66
	331	297
	76	70
	332	298
	333	299
	78	71
	334	300
	79	72
	335	301
	81	73
	82	75
	338	304
	83	76
	84	77
	85	78
	86	79
	342	308
	343	309
	88	81
	344	310
	345	311
	90	82
	346	312
	347	313
	92	84
	348	314
	349	315
	351	317
	96	88
	352	318
	97	89
	353	319
	98	90
	99	91
	100	92
	356	322
	101	93
	103	95
	105	98
	107	99
	108	100
	109	101
	113	105
	114	106
	115	107
	117	108
	119	109
	120	110
	121	111
	122	112
	123	113
	126	116
	127	117
	128	118
	131	121
	134	124
	135	125
	137	126
	138	141
	142	127
	144	128
	145	129
	146	141
	149	130
	150	131
	151	132
	154	133
	155	134
	156	135
	157	136
	158	137
	160	141
	163	144
	164	145
	165	146
	166	147
	167	148
	168	149
	169	150
	171	151
	173	154
	174	155
	175	156
	176	157
	177	158
	181	161
	183	163
	187	167
	189	168
	190	169
	191	170
	192	171
	194	172
	195	173
	197	174
	199	175
	200	177
	201	178
	202	196
	206	179
	207	180
	208	181
	209	182
	211	183
	213	184
	215	185
	216	186
	217	187
	220	190
	222	191
	223	192
	225	193
	226	194
	229	200
	230	201
	232	202
	233	203
	236	206
	237	207
	240	210
	241	211
	242	212
	244	215
	247	218
	250	221
	252	222
	255	224
net/minecraft/client/particle/FlyTowardsPositionParticle	146	175
	130	149
	131	149
	139	157
	140	158
	144	172
	145	174
	146	175
	20	21
	21	22
	24	36
	25	37
	26	38
	27	39
	29	40
	30	41
	31	42
	32	43
	33	44
	34	45
	35	46
	36	47
	37	48
	38	49
	39	50
	40	51
	42	52
	44	53
	45	54
	46	55
	47	56
	49	57
	51	58
	52	59
	56	63
	57	63
	59	63
	64	68
	65	69
	66	70
	70	74
	71	75
	73	77
	74	78
	75	79
	76	80
	81	86
	82	87
	83	88
	85	89
	86	90
	87	101
	90	92
	91	93
	93	94
	94	95
	95	96
	96	97
	97	98
	98	99
	99	101
	103	105
	104	106
	105	107
	111	113
	112	114
	116	127
	117	127
	125	135
	126	136
net/minecraft/client/renderer/rendertype/LayeringTransform	35	31
	16	23
	34	17
	35	18
	20	26
	24	31
	30	14
	14	21
	31	15
	15	22
net/minecraft/client/renderer/blockentity/BannerRenderer	171	247
	129	174
	130	175
	131	176
	132	177
	133	178
	136	194
	138	206
	139	207
	140	208
	141	209
	143	211
	146	225
	147	226
	148	229
	151	232
	152	233
	153	234
	154	235
	155	236
	158	239
	160	239
	167	243
	171	247
	61	55
	62	56
	65	59
	66	60
	69	63
	70	64
	71	65
	72	66
	73	67
	74	68
	78	71
	83	81
	84	82
	85	83
	87	84
	88	85
	89	86
	90	87
	92	89
	93	90
	96	93
	97	94
	99	95
	100	96
	103	99
	104	100
	105	101
	110	107
	111	108
	112	109
	118	115
	119	116
	120	118
	121	131
	122	132
	125	145
	126	158
net/minecraft/client/telemetry/TelemetryEventSender	13	13
	10	10
	11	11
	12	12
	13	13
net/minecraft/client/model/animal/allay/AllayModel	113	124
	33	31
	40	32
	43	35
	44	36
	46	37
	47	38
	48	41
	49	46
	50	50
	51	55
	52	60
	53	65
	55	70
	60	74
	62	75
	63	76
	64	77
	65	78
	66	79
	67	80
	68	81
	69	82
	71	83
	72	84
	73	85
	74	86
	75	87
	76	88
	77	89
	78	90
	79	91
	80	92
	82	94
	83	95
	86	98
	87	99
	88	100
	89	101
	90	102
	91	103
	92	104
	93	105
	94	106
	95	107
	96	108
	97	109
	98	110
	99	111
	100	112
	101	113
	105	116
	106	117
	107	118
	108	119
	109	120
	110	121
	111	122
	112	123
	113	124
net/minecraft/client/gui/screens/inventory/BrewingStandScreen	55	52
	33	30
	34	31
	35	32
	36	33
	37	34
	38	35
	39	36
	40	37
	43	40
	44	41
	45	42
	46	43
	47	44
	50	47
	51	48
	52	49
	22	19
	23	20
	55	52
	27	24
	28	25
	29	26
net/minecraft/client/sounds/package-info	0	0
net/minecraft/client/renderer/entity/TippableArrowRenderer	29	26
	17	16
	22	20
	27	24
	12	12
	28	25
	13	13
	29	26
net/minecraft/client/renderer/texture/TextureAtlasSprite	122	124
	66	64
	70	68
	71	69
	75	73
	79	77
	83	81
	84	82
	88	86
	29	28
	93	90
	30	29
	31	30
	32	31
	33	32
	97	94
	98	95
	35	33
	36	34
	37	35
	101	98
	38	36
	39	37
	105	102
	42	40
	109	108
	46	44
	110	109
	111	110
	112	113
	113	116
	50	48
	114	117
	115	118
	117	120
	54	52
	121	123
	58	56
	122	124
	62	60
com/mojang/blaze3d/systems/GpuQuery	0	0
com/mojang/blaze3d/platform/cursor/CursorTypes	0	0
net/minecraft/client/renderer/entity/layers/package-info	0	0
net/minecraft/client/gui/screens/options/VideoSettingsScreen	309	296
	256	239
	257	240
	258	241
	261	246
	263	248
	268	254
	269	255
	270	256
	271	257
	272	258
	273	259
	274	260
	275	261
	276	262
	277	263
	278	264
	279	265
	280	266
	284	271
	286	273
	291	278
	292	279
	293	280
	294	281
	295	282
	298	285
	43	49
	44	50
	45	51
	301	288
	302	289
	47	52
	303	290
	48	53
	304	291
	305	292
	50	54
	306	293
	51	55
	53	56
	309	296
	54	57
	56	58
	57	59
	59	60
	60	61
	62	62
	63	63
	65	64
	66	65
	68	66
	73	71
	74	72
	75	73
	77	74
	78	75
	80	76
	81	77
	82	78
	84	79
	89	84
	90	84
	91	84
	93	84
	94	84
	106	88
	107	89
	109	90
	110	91
	112	92
	115	95
	116	96
	117	97
	118	98
	122	102
	124	103
	125	104
	127	106
	128	107
	130	109
	131	110
	134	114
	136	115
	138	117
	139	118
	141	119
	142	120
	145	122
	146	124
	148	132
	149	133
	151	135
	152	138
	154	136
	155	138
	158	140
	159	141
	160	142
	162	143
	163	144
	164	145
	166	146
	167	147
	168	148
	172	152
	173	153
	174	154
	177	155
	178	156
	180	159
	181	160
	185	164
	186	165
	188	168
	189	169
	190	170
	191	171
	192	172
	193	173
	195	176
	196	177
	197	178
	198	179
	199	180
	201	183
	202	184
	206	188
	207	189
	208	190
	212	194
	213	197
	214	198
	216	201
	217	202
	221	206
	222	207
	224	208
	226	209
	227	210
	228	211
	229	212
	232	215
	233	216
	234	217
	235	218
	238	221
	239	222
	240	223
	241	224
	244	227
	246	232
	247	233
	249	234
	250	235
	251	236
	254	237
	255	238
com/mojang/realmsclient/client/worldupload/RealmsUploadException	12	14
	8	9
	12	14
net/minecraft/client/multiplayer/resolver/ServerNameResolver	39	31
	33	24
	18	16
	34	25
	19	17
	20	18
	36	26
	21	19
	39	29
	25	22
	28	23
	29	23
	30	31
net/minecraft/client/tutorial/TutorialStepInstance	33	33
	33	33
	18	18
	21	21
	24	24
	27	27
	12	12
	30	30
	15	15
net/minecraft/client/renderer/state/gui/ScreenArea	0	0
com/mojang/blaze3d/platform/ClipboardManager	48	49
	32	33
	35	36
	37	37
	38	38
	39	39
	41	41
	43	44
	45	46
	48	49
	19	18
	20	19
	21	20
	22	24
	27	28
	28	29
	29	30
	30	31
	31	32
net/minecraft/client/animation/definitions/ArmadilloAnimation	0	0
net/minecraft/client/animation/KeyframeAnimation	104	88
	65	56
	68	59
	69	60
	70	62
	71	63
	73	65
	76	68
	77	69
	21	16
	22	17
	23	18
	88	74
	89	75
	27	21
	91	76
	28	22
	92	77
	30	24
	94	78
	31	25
	32	26
	96	80
	97	81
	34	27
	35	28
	99	83
	36	29
	102	86
	39	32
	103	87
	40	33
	104	88
	44	37
	48	41
	49	42
	52	45
	53	46
	54	47
	55	48
	58	51
	59	52
	62	55
	63	55
net/minecraft/client/resources/sounds/Sound	105	112
	65	72
	68	75
	72	79
	76	83
	80	87
	24	32
	25	33
	26	34
	90	101
	27	35
	91	102
	28	36
	29	37
	30	38
	94	106
	31	39
	95	107
	32	40
	96	108
	35	43
	99	112
	39	47
	105	91
	43	51
	47	55
	52	60
	57	64
	62	69
	63	70
com/mojang/blaze3d/platform/FramerateLimitTracker	76	69
	66	59
	67	60
	71	64
	72	65
	75	68
	76	69
	29	21
	30	22
	31	23
	32	24
	35	27
	36	28
	37	29
	38	30
	39	31
	40	32
	45	37
	46	38
	47	39
	49	41
	50	42
	51	43
	52	44
	54	47
	55	48
	58	52
	59	54
	61	53
net/minecraft/client/renderer/blockentity/ShelfRenderer	89	94
	64	65
	67	68
	70	78
	72	79
	74	80
	75	81
	76	82
	77	83
	78	84
	80	85
	81	86
	82	87
	83	88
	85	91
	87	92
	88	93
	89	94
	30	29
	31	30
	35	33
	40	43
	41	44
	42	45
	44	46
	45	47
	47	49
	48	50
	49	51
	50	52
	51	53
	52	54
	55	57
	59	60
	61	62
	62	63
	63	64
net/minecraft/client/renderer/special/BannerSpecialRenderer	60	76
	32	64
	33	65
	34	67
	38	72
	43	76
	49	31
	54	43
	55	54
	25	24
	26	25
	27	26
	59	58
	28	27
	60	59
	31	62
net/minecraft/client/renderer/entity/IllagerRenderer	27	27
	12	13
	13	14
	14	15
	18	18
	19	19
	20	20
	21	21
	22	22
	23	23
	24	24
	25	25
	26	26
	27	27
net/minecraft/client/color/item/GrassColorSource	32	32
	32	32
	17	22
	18	23
	20	13
	21	15
	22	16
	23	18
	27	27
net/minecraft/client/model/object/projectile/WindChargeModel	51	52
	32	29
	34	30
	36	31
	37	34
	38	36
	40	40
	41	42
	43	45
	48	49
	49	50
	50	51
	51	52
	24	21
	25	22
	26	23
	27	24
	28	25
	31	28
com/mojang/blaze3d/opengl/GlShaderModule	40	39
	32	31
	36	35
	40	39
	16	15
	17	16
	18	17
	19	18
	23	21
	24	22
	26	24
	27	25
	28	26
	29	28
net/minecraft/client/renderer/blockentity/BellRenderer	47	50
	32	29
	37	39
	38	40
	39	41
	40	42
	26	24
	27	25
	28	26
	44	45
	45	46
	46	47
	47	50
com/mojang/blaze3d/pipeline/ColorTargetState	41	40
	33	32
	37	36
	25	24
	41	40
	26	25
	29	28
com/mojang/blaze3d/opengl/GlTextureView	62	58
	33	30
	34	31
	37	34
	41	37
	46	42
	17	14
	18	15
	19	16
	51	47
	20	17
	24	21
	56	52
	57	53
	29	26
	61	57
	30	27
	62	58
	31	28
com/mojang/blaze3d/vertex/ByteBufferBuilder	182	178
	128	125
	129	126
	130	127
	131	128
	135	131
	136	132
	137	133
	138	134
	139	135
	141	137
	144	140
	145	141
	147	143
	156	152
	157	154
	158	155
	159	156
	160	157
	34	29
	35	30
	163	160
	36	31
	164	161
	37	32
	38	33
	166	163
	39	34
	41	36
	170	168
	44	39
	45	40
	175	172
	48	43
	176	178
	178	173
	179	174
	52	47
	180	175
	53	48
	54	49
	182	178
	55	50
	56	51
	60	55
	61	56
	62	57
	64	60
	65	61
	66	62
	68	64
	71	67
	72	68
	74	69
	75	70
	76	71
	77	72
	79	74
	80	76
	83	79
	84	80
	85	81
	86	82
	87	83
	88	84
	90	85
	92	87
	93	88
	94	89
	98	94
	99	95
	101	98
	102	99
	105	102
	106	103
	107	104
	108	105
	110	107
	113	110
	117	114
	118	115
	120	117
	123	120
	125	121
	126	122
net/minecraft/client/gui/screens/dialog/SimpleDialogScreen	25	26
	18	18
	20	19
	21	21
	22	22
	24	25
	25	26
	13	12
	14	13
net/minecraft/client/gui/components/ScrollableLayout	213	209
	128	127
	131	130
	132	131
	133	132
	137	136
	142	141
	144	143
	145	144
	148	147
	150	148
	151	149
	156	153
	32	31
	160	157
	33	32
	161	158
	36	35
	37	36
	38	37
	166	165
	39	38
	167	166
	40	39
	168	178
	43	42
	171	167
	44	43
	172	168
	173	169
	174	170
	47	46
	175	171
	48	47
	49	48
	177	172
	178	173
	179	174
	52	51
	180	175
	53	52
	54	53
	182	178
	57	56
	58	57
	186	182
	59	58
	187	183
	60	59
	188	184
	64	63
	192	188
	65	64
	193	189
	194	190
	69	66
	197	193
	70	67
	71	68
	73	70
	74	71
	202	198
	75	72
	203	199
	76	73
	204	200
	77	74
	208	204
	81	78
	82	79
	213	209
	86	83
	87	84
	88	85
	92	89
	93	90
	97	94
	98	95
	102	99
	107	104
	112	109
	117	114
	122	124
	124	122
	125	123
	126	125
	127	126
net/minecraft/client/renderer/fog/environment/LavaFogEnvironment	39	40
	33	34
	34	35
	35	36
	39	40
	18	18
	23	23
	24	24
	25	25
	26	26
	27	27
	28	28
	30	30
	31	31
net/minecraft/client/renderer/ShaderManager	272	324
	258	308
	265	324
	271	314
	272	315
	59	57
	60	58
	63	59
	64	60
	68	63
	70	64
	71	66
	72	67
	73	68
	74	69
	75	70
	80	74
	81	76
	82	77
	85	80
	89	90
	90	91
	91	99
	92	97
	93	98
	94	114
	95	115
	97	117
	100	120
	101	121
	108	129
	109	130
	111	132
	113	134
	114	135
	115	136
	118	139
	119	140
	122	148
	123	164
	124	165
	125	166
	126	167
	133	175
	134	183
	135	181
	136	182
	137	198
	138	199
	140	201
	143	204
	148	208
	149	209
	150	210
	152	211
	153	212
	156	214
	157	215
	158	216
	159	217
	163	221
	165	222
	167	223
	168	225
	169	225
	170	225
	174	228
	175	229
	176	231
	180	234
	186	238
	187	242
	189	239
	190	240
	191	242
	195	247
	196	248
	197	249
	199	250
	200	251
	201	252
	207	257
	208	258
	209	259
	212	263
	225	274
	229	272
	230	275
	231	276
	234	280
	235	281
	236	282
	238	284
	239	285
	240	286
	244	291
	245	292
	246	293
	248	296
	253	302
	254	303
	255	304
net/minecraft/client/gui/screens/PauseScreen	275	271
	257	255
	258	256
	259	256
	264	260
	268	264
	272	268
	273	269
	275	271
	80	75
	81	76
	82	77
	85	80
	90	85
	91	86
	94	89
	95	90
	96	91
	99	94
	100	95
	102	96
	104	97
	105	97
	106	98
	107	99
	108	100
	109	100
	112	101
	113	102
	115	103
	116	104
	117	105
	118	106
	119	107
	120	108
	121	109
	122	110
	124	112
	125	116
	126	117
	127	118
	128	119
	129	120
	131	121
	132	122
	133	123
	136	126
	137	127
	138	127
	139	129
	141	131
	142	133
	143	134
	144	135
	145	136
	146	137
	147	138
	148	139
	149	139
	150	146
	151	148
	152	149
	153	150
	157	154
	159	155
	160	156
	162	157
	163	158
	164	159
	166	161
	169	164
	170	166
	172	168
	173	171
	174	172
	178	178
	179	179
	181	180
	182	181
	185	184
	186	185
	188	186
	189	187
	190	188
	191	189
	193	190
	196	193
	202	197
	203	198
	204	198
	207	198
	211	202
	212	203
	213	204
	214	205
	215	206
	217	208
	221	212
	222	213
	224	215
	228	219
	230	220
	231	221
	234	224
	235	225
	237	234
	241	238
	242	239
	243	240
	245	243
	246	244
	248	246
	252	250
	253	251
	254	252
net/minecraft/client/renderer/block/dispatch/ModelState	73	20
	68	16
	73	20
	63	12
net/minecraft/client/renderer/entity/EndermiteRenderer	28	27
	18	18
	23	23
	28	27
	13	13
	14	14
com/mojang/realmsclient/gui/RealmsNewsManager	43	41
	34	33
	35	34
	36	41
	39	35
	40	36
	41	37
	42	38
	43	39
	13	12
	14	13
	15	14
	16	15
	17	16
	20	19
	24	23
	28	27
	29	28
	30	29
	31	30
net/minecraft/client/model/effects/SpearAnimations	177	175
	129	92
	130	93
	133	94
	134	95
	136	96
	137	97
	138	99
	141	102
	145	108
	146	109
	147	134
	20	20
	149	110
	150	111
	152	112
	153	114
	154	115
	156	119
	28	158
	157	120
	29	159
	30	160
	31	161
	160	127
	32	162
	161	127
	33	163
	35	164
	164	132
	36	165
	165	134
	37	166
	38	167
	168	137
	40	168
	169	138
	41	169
	170	139
	42	170
	172	140
	44	171
	46	172
	175	141
	47	173
	176	142
	177	143
	49	175
	55	26
	57	27
	58	28
	60	29
	61	30
	64	33
	65	34
	68	35
	69	54
	72	37
	73	38
	74	54
	76	39
	78	40
	79	41
	80	42
	81	45
	82	50
	84	54
	87	59
	88	60
	89	74
	93	61
	94	62
	96	63
	97	64
	99	65
	100	66
	101	67
	102	68
	104	69
	106	72
	107	74
	110	77
	111	78
	112	79
	113	80
	114	81
	116	82
	117	83
	118	84
	119	85
	120	86
	123	89
	124	99
	126	90
	127	91
net/minecraft/client/profiling/package-info	0	0
net/minecraft/client/renderer/item/properties/select/ContextDimension	31	34
	21	24
	26	29
	31	34
net/minecraft/client/player/package-info	0	0
net/minecraft/client/renderer/entity/LeashKnotRenderer	38	33
	33	28
	34	29
	19	18
	20	19
	21	20
	38	33
	25	24
	27	25
	29	26
	31	27
net/minecraft/client/model/monster/creeper/CreeperModel	72	54
	64	47
	66	48
	67	49
	68	50
	69	51
	70	52
	71	53
	72	54
	24	23
	25	24
	26	25
	27	26
	28	27
	29	28
	30	29
	33	32
	34	33
	36	34
	37	34
	38	34
	39	34
	43	35
	44	35
	45	35
	46	35
	49	36
	50	36
	51	37
	52	38
	53	39
	54	40
	56	41
	61	45
	63	46
net/minecraft/client/renderer/block/model/properties/conditional/package-info	0	0
net/minecraft/client/renderer/blockentity/state/ChestRenderState	0	0
com/mojang/blaze3d/opengl/GlFence	29	26
	19	17
	20	18
	24	22
	25	23
	28	25
	13	11
	29	26
	14	12
	15	13
net/minecraft/client/renderer/RunningTrimmedMean	38	34
	32	32
	35	34
	36	34
	38	34
	9	9
	10	10
	13	13
	14	14
	16	17
	17	18
	19	19
	20	20
	22	21
	23	23
	24	24
	25	25
	26	26
	27	27
	30	30
	31	31
net/minecraft/client/renderer/entity/state/AllayRenderState	0	0
net/minecraft/client/GameLoadCookie	0	0
net/minecraft/client/gui/screens/inventory/AbstractFurnaceScreen	55	64
	32	39
	33	40
	37	44
	42	49
	43	50
	44	51
	45	52
	46	53
	47	54
	48	55
	49	56
	52	61
	53	62
	22	30
	54	63
	55	64
	24	31
	25	32
	26	33
	27	34
	31	38
net/minecraft/client/resources/model/geometry/UnbakedGeometry	10	10
	10	10
net/minecraft/client/renderer/special/BookSpecialRenderer	65	65
	64	44
	65	45
	34	48
	35	50
	36	51
	37	52
	38	54
	42	59
	47	63
	48	64
	49	65
	24	21
	25	22
	57	35
	26	23
	58	38
	27	24
	62	42
	63	43
com/mojang/blaze3d/audio/Listener	23	23
	16	16
	19	19
	20	20
	23	23
	10	10
	11	11
	12	12
	13	13
	14	14
	15	15
net/minecraft/client/CameraType	28	26
	16	14
	17	15
	20	18
	24	22
	28	26
	15	13
net/minecraft/client/gui/layouts/CommonLayouts	23	22
	16	15
	20	19
	21	20
	22	21
	23	22
	13	12
net/minecraft/client/AttackIndicatorStatus	27	25
	16	15
	22	20
	23	21
	24	22
	27	25
	15	14
net/minecraft/client/renderer/blockentity/ChestRenderer	137	124
	129	115
	68	60
	133	120
	73	70
	137	124
	75	71
	76	72
	77	73
	78	74
	79	75
	82	77
	83	78
	85	80
	88	83
	90	84
	91	85
	93	87
	97	90
	99	91
	101	92
	103	93
	104	94
	106	95
	108	96
	109	97
	111	98
	112	99
	115	102
	116	103
	117	104
	118	105
	55	50
	119	106
	120	107
	57	51
	122	110
	59	52
	123	111
	60	53
	124	112
	125	113
	126	115
	63	56
	127	115
net/minecraft/client/model/object/armorstand/package-info	0	0
net/minecraft/client/renderer/feature/submit/BatchableSubmit	0	0
net/minecraft/client/model/animal/bee/BeeModel	78	65
	66	54
	67	55
	68	56
	70	58
	73	61
	74	62
	76	63
	77	64
	78	65
	26	23
	27	24
	29	25
	30	26
	32	27
	33	28
	35	29
	36	30
	37	31
	38	32
	42	35
	45	36
	47	37
	48	38
	49	39
	50	40
	52	41
	53	42
	54	43
	56	44
	57	45
	58	46
	61	49
	62	50
	63	51
net/minecraft/client/multiplayer/CacheSlot	35	32
	17	14
	33	30
	18	15
	34	31
	35	32
	21	18
	22	19
	25	21
	26	22
	27	23
	28	24
	29	25
net/minecraft/client/renderer/feature/FeatureRenderDispatcher	321	353
	256	132
	257	133
	261	137
	262	138
	263	139
	264	140
	268	146
	269	147
	270	148
	271	149
	274	153
	275	154
	276	155
	277	156
	279	158
	282	163
	283	164
	284	176
	286	168
	287	170
	288	172
	289	173
	290	174
	291	176
	37	37
	38	38
	39	39
	40	40
	41	41
	43	42
	44	43
	45	44
	46	45
	302	335
	47	46
	303	336
	48	47
	304	337
	49	48
	305	338
	50	49
	306	339
	51	50
	307	340
	52	51
	53	52
	54	53
	310	343
	55	54
	311	344
	56	55
	312	345
	59	58
	315	348
	60	59
	316	349
	317	350
	63	63
	64	64
	65	65
	321	353
	67	67
	73	75
	75	76
	76	77
	77	78
	78	78
	81	79
	82	81
	83	82
	86	85
	88	87
	89	88
	90	90
	91	91
	93	94
	96	97
	97	99
	98	100
	101	103
	102	104
	103	105
	105	106
	109	110
	110	111
	111	112
	112	113
	113	114
	115	116
	119	119
	120	120
	122	194
	125	191
	126	192
	127	193
	130	197
	131	198
	133	200
	134	201
	135	202
	139	207
	140	208
	141	210
	142	211
	144	213
	147	216
	148	217
	149	219
	150	220
	151	221
	152	222
	153	223
	154	224
	155	225
	156	226
	157	227
	159	230
	160	231
	161	232
	162	233
	164	235
	167	238
	168	239
	169	241
	170	242
	172	244
	175	247
	176	248
	177	250
	178	251
	180	253
	183	256
	184	257
	185	259
	186	260
	188	262
	191	265
	192	267
	193	268
	194	269
	195	270
	197	272
	200	275
	201	277
	202	278
	203	279
	206	283
	210	287
	211	289
	212	290
	213	291
	216	295
	221	299
	222	300
	223	301
	225	303
	226	304
	228	307
	230	308
	231	309
	232	310
	233	311
	236	314
	237	315
	238	316
	240	318
	241	319
	243	322
	254	130
	255	131
net/minecraft/client/renderer/blockentity/TheEndGatewayRenderer	51	57
	32	36
	33	37
	34	38
	35	39
	37	41
	39	43
	43	46
	44	48
	46	52
	47	53
	51	57
	22	21
	27	31
	28	32
	29	33
	30	34
	31	35
net/minecraft/client/gui/screens/DatapackLoadFailureScreen	41	45
	34	38
	35	39
	36	40
	37	41
	41	45
	18	17
	19	18
	20	19
	21	20
	25	24
	27	25
	28	27
	29	32
	30	34
net/minecraft/client/gui/font/FontManager	424	434
	258	187
	259	188
	262	191
	264	192
	265	193
	268	196
	269	197
	272	200
	276	204
	278	205
	279	206
	281	207
	282	208
	284	209
	285	210
	287	211
	289	212
	290	213
	291	213
	294	214
	296	215
	298	216
	300	217
	303	219
	304	220
	305	222
	308	225
	309	227
	310	228
	312	230
	315	235
	317	237
	318	250
	319	242
	320	243
	321	244
	323	246
	324	247
	325	248
	327	265
	328	266
	74	77
	75	78
	331	270
	76	79
	77	80
	78	81
	335	274
	81	84
	82	85
	83	86
	339	278
	84	87
	343	282
	88	91
	347	286
	348	287
	349	287
	94	300
	351	287
	356	291
	100	306
	357	292
	101	308
	358	293
	359	294
	103	310
	360	295
	104	311
	361	296
	105	312
	106	314
	108	316
	364	386
	365	387
	366	388
	115	323
	125	398
	382	335
	383	337
	384	338
	130	399
	387	341
	388	342
	389	343
	133	402
	134	403
	135	404
	393	346
	394	347
	138	407
	139	408
	397	350
	398	351
	142	411
	399	352
	400	353
	401	354
	146	415
	147	417
	148	418
	149	419
	150	423
	407	360
	408	361
	152	420
	409	362
	411	364
	155	426
	413	365
	414	366
	160	430
	161	431
	419	372
	420	373
	421	374
	422	375
	166	434
	424	378
	173	97
	174	98
	175	99
	179	103
	181	105
	182	106
	183	107
	184	108
	186	109
	187	111
	188	112
	189	113
	190	114
	191	114
	192	115
	193	116
	194	117
	195	117
	197	120
	201	124
	202	127
	203	130
	204	131
	206	132
	207	135
	209	138
	210	140
	211	141
	212	142
	219	160
	221	155
	222	156
	223	157
	225	158
	230	164
	232	165
	233	166
	235	167
	236	168
	241	172
	243	173
	244	175
	245	176
	249	179
	250	180
	251	187
	253	181
	254	182
net/minecraft/client/multiplayer/chat/ChatAbilities	88	86
	65	66
	69	70
	73	74
	80	81
	81	82
	21	19
	85	86
	86	86
	23	20
	24	22
	88	86
	25	23
	27	26
	28	27
	29	28
	32	31
	33	32
	34	33
	35	34
	37	37
	38	38
	40	41
	41	42
	45	46
	49	50
	53	54
	57	58
	61	62
net/minecraft/client/renderer/item/properties/conditional/IsUsingItem	23	22
	16	17
	18	17
	23	22
	15	17
net/minecraft/client/model/animal/fish/PufferfishMidModel	93	81
	19	18
	20	19
	21	20
	22	21
	25	24
	26	25
	28	26
	29	27
	30	27
	31	27
	32	27
	34	28
	35	29
	36	29
	37	29
	39	31
	40	32
	41	32
	42	32
	44	34
	45	36
	46	36
	47	37
	49	39
	50	41
	51	41
	52	42
	54	44
	55	46
	56	46
	57	47
	59	49
	60	51
	61	51
	62	52
	64	54
	65	56
	66	56
	67	57
	69	59
	70	61
	71	61
	72	62
	74	64
	75	66
	76	66
	77	67
	79	69
	80	71
	81	71
	82	72
	85	74
	90	78
	91	79
	92	80
	93	81
com/mojang/realmsclient/dto/RealmsDescriptionDto	0	0
net/minecraft/client/gui/components/toasts/Toast	68	67
	64	63
	33	33
	49	49
	67	66
	68	67
	37	37
	53	53
	23	23
	41	41
	29	29
	45	45
	63	62
net/minecraft/client/renderer/entity/layers/PlayerItemInHandLayer	59	60
	33	36
	34	37
	35	38
	37	40
	39	43
	42	48
	44	49
	45	50
	46	51
	47	52
	48	53
	49	54
	51	55
	53	56
	54	57
	24	23
	56	58
	25	24
	58	59
	59	60
	29	35
	30	43
net/minecraft/client/model/animal/equine/BabyHorseModel	94	79
	15	13
	16	14
	19	17
	20	18
	22	19
	23	20
	24	20
	25	20
	27	22
	28	24
	29	24
	30	25
	32	27
	33	28
	34	28
	35	28
	37	30
	38	31
	39	31
	40	31
	42	33
	43	34
	44	34
	45	34
	47	36
	48	37
	49	37
	50	37
	52	39
	53	41
	54	41
	55	42
	57	44
	58	45
	59	45
	60	45
	62	47
	63	49
	64	49
	65	50
	67	52
	68	54
	69	54
	70	55
	72	57
	77	62
	82	67
	87	72
	92	77
	93	78
	94	79
net/minecraft/client/renderer/ViewArea	79	88
	32	40
	64	72
	65	73
	35	43
	67	76
	39	47
	71	80
	43	51
	75	84
	47	55
	79	88
	18	24
	19	25
	51	59
	20	26
	22	27
	23	28
	55	63
	25	31
	26	34
	59	67
	29	37
	30	38
	63	71
net/minecraft/client/renderer/block/model/properties/package-info	0	0
net/minecraft/client/renderer/blockentity/state/TestInstanceRenderState	0	0
net/minecraft/client/renderer/debug/CollisionBoxRenderer	42	43
	32	32
	33	33
	36	36
	37	37
	38	39
	39	40
	24	22
	25	23
	42	43
	29	29
	30	30
	31	31
net/minecraft/client/gui/screens/ManageServerScreen	97	102
	64	71
	65	72
	66	73
	67	74
	68	75
	69	76
	72	79
	73	80
	74	81
	75	82
	76	83
	80	87
	81	88
	84	91
	85	92
	89	96
	27	25
	91	97
	28	26
	92	98
	29	27
	93	99
	30	28
	31	29
	95	100
	96	101
	97	102
	35	33
	36	34
	37	35
	38	36
	39	37
	41	38
	42	39
	43	40
	44	41
	45	42
	47	43
	48	45
	49	52
	51	56
	52	59
	54	61
	55	62
	59	66
	60	67
com/mojang/blaze3d/systems/HintsAndWorkarounds	0	0
net/minecraft/client/renderer/entity/layers/BreezeWindLayer	32	37
	32	37
	21	20
	22	21
	23	22
	27	32
	28	33
	29	34
net/minecraft/client/renderer/entity/PiglinRenderer	54	56
	35	40
	40	44
	45	48
	46	49
	47	50
	48	51
	49	52
	50	53
	54	56
	24	28
	26	29
	27	32
	28	33
	29	34
	31	37
net/minecraft/client/gui/spectator/SpectatorMenuCategory	0	0
net/minecraft/client/gui/components/debug/DebugEntryLookingAtEntityTags	24	27
	16	20
	17	21
	18	22
	19	23
	23	26
	24	27
	15	19
com/mojang/blaze3d/font/package-info	0	0
net/minecraft/client/renderer/entity/state/CowRenderState	0	0
net/minecraft/client/renderer/entity/NoopRenderer	13	13
	8	8
	9	9
	13	13
net/minecraft/client/renderer/entity/state/ShulkerBulletRenderState	0	0
net/minecraft/client/renderer/feature/CustomFeatureRenderer	34	29
	16	15
	17	16
	18	17
	34	29
	20	19
	29	24
com/mojang/realmsclient/gui/screens/package-info	0	0
net/minecraft/client/renderer/entity/state/NautilusRenderState	0	0
net/minecraft/client/renderer/entity/VexRenderer	45	37
	32	26
	18	17
	19	18
	20	19
	37	30
	24	22
	42	34
	43	35
	44	36
	29	26
	45	37
	30	26
net/minecraft/client/model/animal/fish/PufferfishSmallModel	68	40
	65	37
	66	38
	67	39
	68	40
	19	18
	20	19
	21	20
	22	21
	25	24
	26	25
	28	26
	29	27
	30	27
	31	27
	32	27
	34	28
	35	28
	36	28
	37	28
	39	29
	40	29
	41	29
	42	29
	44	30
	45	30
	46	30
	47	30
	49	31
	50	31
	51	31
	52	31
	54	32
	55	32
	56	32
	57	32
	60	33
net/minecraft/client/resources/metadata/animation/package-info	0	0
net/minecraft/client/renderer/entity/state/IllusionerRenderState	0	0
com/mojang/realmsclient/client/worldupload/RealmsUploadFailedException	18	18
	18	18
	9	9
	10	10
	13	13
	14	14
net/minecraft/client/renderer/OrderedSubmitNodeCollector	69	148
	64	133
	67	146
	68	147
	69	148
	47	78
	48	79
	51	91
	52	92
	55	106
	56	109
	59	119
	60	120
	63	132
net/minecraft/client/gui/components/AbstractContainerWidget	81	87
	32	34
	64	70
	36	39
	69	75
	70	76
	41	44
	42	45
	75	81
	44	48
	45	49
	47	52
	48	53
	80	86
	17	17
	81	87
	18	18
	52	58
	21	23
	22	24
	57	63
	26	28
	58	64
	31	33
	63	69
net/minecraft/client/resources/model/cuboid/package-info	0	0
com/mojang/realmsclient/util/TextRenderingUtils	172	167
	130	20
	134	24
	135	25
	139	29
	140	30
	141	32
	14	12
	142	33
	143	35
	144	35
	145	36
	146	37
	148	39
	20	78
	21	79
	151	43
	24	82
	153	46
	25	83
	157	50
	29	86
	158	51
	160	53
	161	54
	162	57
	163	58
	164	59
	36	90
	37	91
	166	62
	167	63
	39	92
	40	96
	169	66
	170	67
	42	93
	43	94
	172	70
	48	101
	58	113
	59	114
	60	115
	61	116
	64	119
	65	120
	66	121
	67	122
	71	125
	72	126
	74	127
	75	133
	77	128
	78	129
	79	130
	80	131
	85	138
	90	142
	98	146
	102	150
	106	154
	107	155
	109	157
	113	162
	118	167
	124	16
net/minecraft/client/renderer/block/SelectBlockModel	63	66
	32	31
	41	46
	42	47
	43	48
	52	54
	21	20
	53	56
	22	21
	54	57
	23	22
	56	58
	57	60
	58	61
	27	26
	28	27
	29	28
	30	29
	62	65
	63	66
net/minecraft/client/renderer/entity/layers/SheepWoolLayer	48	58
	32	36
	33	58
	36	37
	37	38
	39	39
	40	40
	41	41
	44	58
	47	55
	48	58
	25	23
	26	24
	27	25
	28	26
net/minecraft/client/resources/model/sprite/SpriteGetter	0	0
net/minecraft/client/renderer/entity/state/EvokerRenderState	0	0
net/minecraft/realms/RealmsScreen	38	33
	34	29
	38	33
	30	25
	31	26
net/minecraft/client/renderer/entity/state/PufferfishRenderState	0	0
com/mojang/blaze3d/platform/TextInputManager	92	73
	65	49
	67	50
	70	53
	72	54
	73	55
	75	57
	78	60
	79	61
	82	64
	83	65
	21	13
	85	67
	22	14
	87	69
	25	17
	27	18
	91	72
	28	19
	92	73
	34	22
	35	23
	38	26
	39	27
	41	29
	43	31
	46	34
	47	35
	48	36
	50	39
	58	43
	59	44
	61	46
com/mojang/blaze3d/vertex/StagingBuffer	192	174
	128	141
	129	142
	130	143
	134	147
	135	148
	136	149
	142	156
	143	158
	144	159
	147	162
	148	163
	149	164
	25	17
	153	167
	26	18
	154	168
	28	19
	157	171
	158	172
	160	174
	33	23
	34	24
	35	25
	36	26
	37	27
	39	28
	40	29
	168	64
	169	66
	42	31
	170	67
	43	32
	171	68
	44	33
	45	34
	174	71
	175	72
	176	73
	177	74
	179	76
	182	79
	55	43
	59	46
	187	83
	188	87
	190	84
	191	85
	64	50
	192	87
	65	51
	66	52
	68	54
	77	94
	78	95
	82	99
	87	104
	88	105
	92	109
	93	110
	103	120
	104	120
	108	121
	109	122
	110	123
	111	124
	115	128
	120	133
	121	134
	125	138
	126	139
	127	140
net/minecraft/client/renderer/entity/BeeRenderer	52	50
	32	30
	33	32
	34	33
	36	35
	41	40
	46	44
	47	45
	48	46
	49	47
	50	48
	51	49
	52	50
	23	22
	24	23
	28	26
	29	27
	30	28
net/minecraft/client/particle/HeartParticle	59	75
	38	61
	39	62
	11	11
	43	75
	12	12
	44	75
	13	13
	14	14
	15	15
	16	16
	17	17
	19	18
	20	19
	52	37
	21	20
	53	38
	22	21
	57	51
	26	25
	58	52
	59	53
	31	30
com/mojang/blaze3d/font/GlyphInfo	19	19
	19	19
	7	7
	11	11
	15	15
net/minecraft/client/gui/Gui	469	495
	85	84
	86	85
	87	86
	88	87
	89	88
	90	89
	91	90
	92	91
	95	94
	96	95
	97	96
	100	99
	101	100
	103	101
	105	102
	107	103
	108	104
	109	108
	110	109
	111	110
	112	111
	114	105
	115	106
	118	114
	120	116
	121	117
	122	118
	123	119
	124	120
	127	124
	129	125
	130	126
	133	129
	134	130
	136	132
	139	135
	141	138
	142	139
	144	141
	145	142
	146	143
	147	144
	149	145
	151	147
	154	150
	156	151
	157	152
	159	153
	160	154
	161	155
	162	156
	163	157
	164	158
	165	159
	167	162
	168	163
	170	166
	171	167
	172	168
	173	169
	175	170
	177	171
	179	174
	180	175
	181	176
	183	179
	184	180
	185	181
	186	182
	188	183
	189	184
	191	185
	193	188
	194	189
	197	192
	200	195
	201	196
	204	199
	205	204
	206	203
	207	216
	209	221
	210	222
	213	225
	215	226
	216	227
	219	230
	221	231
	222	232
	226	239
	230	243
	231	244
	234	247
	235	248
	237	250
	240	253
	241	254
	242	255
	244	258
	245	259
	246	260
	247	261
	248	262
	250	264
	253	267
	257	271
	258	272
	259	273
	262	276
	263	277
	264	278
	269	279
	271	281
	272	282
	273	283
	275	286
	276	287
	279	290
	280	291
	284	298
	288	302
	289	303
	292	306
	296	310
	300	314
	304	318
	308	322
	309	323
	310	324
	312	325
	313	326
	316	329
	317	336
	319	330
	320	331
	322	333
	324	336
	327	339
	328	341
	329	342
	332	345
	333	346
	336	349
	337	350
	338	351
	339	352
	341	354
	342	355
	343	356
	345	359
	349	363
	350	364
	352	367
	353	368
	355	370
	358	373
	359	374
	361	376
	364	379
	365	380
	366	381
	368	383
	371	386
	372	387
	374	388
	375	389
	376	390
	378	392
	380	394
	382	396
	383	397
	384	398
	387	401
	391	405
	392	406
	393	407
	394	408
	397	411
	398	412
	399	419
	400	414
	401	415
	403	418
	404	419
	407	422
	408	423
	409	424
	410	425
	411	426
	412	427
	414	430
	415	431
	418	435
	422	439
	426	443
	427	444
	430	447
	431	448
	432	457
	437	461
	438	462
	442	466
	443	467
	446	470
	448	471
	449	472
	450	473
	451	474
	452	475
	454	477
	456	480
	458	482
	459	483
	460	484
	461	485
	466	491
	468	494
	469	495
net/minecraft/client/model/monster/ravager/package-info	0	0
net/minecraft/client/gui/components/AbstractSelectionList	555	577
	514	535
	519	540
	523	544
	527	555
	528	554
	532	558
	537	562
	542	566
	543	567
	544	568
	549	572
	550	573
	551	574
	555	577
	47	46
	48	47
	49	48
	50	49
	53	53
	57	57
	58	58
	59	59
	60	60
	61	61
	62	62
	65	65
	70	69
	75	74
	79	78
	80	79
	81	80
	84	83
	85	84
	86	85
	87	86
	90	89
	92	90
	93	91
	96	94
	97	95
	98	96
	100	98
	103	101
	104	103
	105	104
	107	106
	110	109
	114	113
	115	115
	116	116
	118	119
	122	123
	126	127
	127	128
	128	129
	129	130
	130	131
	131	132
	135	136
	136	137
	139	140
	140	141
	141	142
	142	143
	143	144
	144	145
	147	148
	148	150
	149	151
	150	152
	151	153
	152	154
	154	156
	157	159
	158	160
	159	161
	160	162
	163	165
	167	169
	171	174
	172	175
	173	176
	176	180
	181	184
	182	185
	185	188
	186	189
	189	192
	190	193
	191	194
	192	195
	193	196
	195	199
	196	200
	200	204
	201	206
	202	207
	204	210
	209	215
	211	216
	213	217
	214	218
	215	219
	217	220
	219	221
	220	222
	223	225
	224	226
	225	227
	226	228
	227	229
	230	232
	231	233
	232	245
	235	248
	236	254
	239	257
	240	258
	241	259
	243	262
	244	263
	245	264
	247	266
	250	269
	251	271
	252	272
	253	273
	254	274
	256	277
	258	280
	259	281
	262	284
	263	285
	267	289
	268	290
	269	291
	273	295
	278	300
	283	305
	285	306
	286	307
	289	310
	291	311
	292	312
	293	313
	294	314
	296	316
	299	320
	303	325
	307	330
	308	331
	309	332
	310	333
	312	335
	314	337
	315	338
	317	340
	320	343
	321	344
	322	345
	323	346
	327	351
	331	355
	332	356
	333	357
	336	360
	339	363
	340	364
	341	365
	344	368
	345	369
	348	372
	349	373
	350	374
	351	375
	352	376
	353	377
	354	378
	357	381
	361	385
	365	389
	369	393
	370	394
	374	398
	379	403
	380	404
	382	406
	383	406
	385	406
	389	411
	390	412
	393	415
	394	416
	395	417
	396	418
	397	419
	400	422
	403	426
	407	430
	408	431
	411	434
	412	435
	413	436
	414	437
	415	438
	418	441
	433	454
	437	458
	444	465
	449	470
	450	471
	454	475
	455	476
	458	479
	459	480
	462	483
	463	484
	466	487
	470	491
	474	495
	478	499
	482	503
	486	507
	490	511
	494	515
	499	520
	504	525
	509	530
net/minecraft/client/gui/components/debug/DebugEntrySystemSpecs	48	60
	33	45
	37	49
	38	50
	39	51
	40	52
	41	53
	42	54
	48	60
	21	25
	23	28
	24	29
	25	30
	26	34
	27	38
	28	39
	30	42
net/minecraft/client/renderer/blockentity/package-info	0	0
net/minecraft/client/renderer/entity/ThrownTridentRenderer	62	56
	32	31
	34	32
	35	34
	36	35
	39	39
	41	40
	42	41
	48	44
	53	48
	23	22
	24	23
	25	24
	58	52
	59	53
	60	54
	29	29
	61	55
	62	56
	31	30
com/mojang/blaze3d/audio/package-info	0	0
net/minecraft/client/renderer/chunk/SectionCompiler	161	159
	128	124
	132	128
	134	129
	136	130
	140	136
	141	137
	142	138
	143	139
	144	140
	146	143
	150	147
	151	148
	160	158
	161	159
	40	46
	41	47
	42	48
	43	49
	44	50
	45	51
	48	56
	50	57
	51	58
	53	59
	55	60
	57	61
	58	62
	60	63
	62	64
	63	65
	64	66
	65	67
	68	68
	69	69
	70	70
	71	71
	73	72
	75	74
	76	75
	77	76
	82	78
	83	79
	86	82
	87	83
	88	84
	89	85
	93	89
	94	90
	95	91
	98	94
	99	95
	100	96
	101	97
	102	98
	103	99
	107	103
	108	104
	111	107
	112	108
	113	109
	115	110
	117	111
	121	116
	122	117
	123	118
	124	119
	125	120
	126	121
net/minecraft/client/renderer/state/gui/pip/package-info	0	0
net/minecraft/client/gui/render/pip/PictureInPictureRenderer	132	135
	128	130
	129	131
	131	134
	132	135
	38	39
	39	40
	41	41
	42	42
	43	43
	44	61
	46	45
	48	46
	49	47
	51	48
	52	49
	54	50
	56	51
	58	52
	59	53
	61	54
	62	55
	64	56
	65	57
	66	58
	68	59
	69	61
	72	64
	74	67
	75	68
	76	69
	80	78
	83	82
	86	85
	87	86
	88	87
	89	88
	90	89
	91	90
	92	91
	93	92
	94	93
	96	96
	97	97
	98	98
	99	99
	100	100
	101	101
	103	104
	105	105
	106	106
	107	107
	110	110
	114	114
	119	118
	120	119
	122	122
	123	123
	125	126
	126	127
net/minecraft/client/data/models/blockstates/MultiVariantGenerator	120	105
	64	50
	69	55
	70	57
	71	58
	73	61
	74	61
	75	61
	81	66
	85	70
	24	23
	25	24
	89	74
	26	25
	27	26
	30	29
	32	30
	96	81
	33	31
	97	82
	34	32
	100	85
	37	33
	101	89
	38	34
	102	91
	40	36
	42	37
	43	38
	44	39
	48	43
	112	97
	113	98
	50	44
	114	99
	51	44
	115	100
	52	44
	53	44
	55	45
	120	105
	59	49
	60	49
	61	49
	62	49
net/minecraft/client/gui/screens/worldselection/WorldCreationContext	77	100
	66	82
	35	39
	37	41
	70	93
	40	51
	42	53
	74	97
	75	98
	44	55
	77	100
	49	60
	52	64
	59	70
	29	33
	30	34
	31	35
net/minecraft/client/resources/FoliageColorReloadListener	26	23
	17	15
	18	16
	19	17
	25	22
	26	23
com/mojang/blaze3d/opengl/GlSampler	94	104
	67	77
	72	82
	77	87
	82	92
	22	27
	23	28
	87	97
	24	29
	88	98
	25	30
	89	99
	26	31
	27	32
	91	101
	29	33
	30	34
	94	104
	31	35
	32	36
	34	37
	36	40
	38	42
	40	45
	42	48
	43	50
	44	53
	46	56
	47	57
	49	59
	52	62
	57	67
	62	72
net/minecraft/client/gui/screens/social/RemoteFriendListUpdateHandler	252	243
	49	47
	50	48
	51	49
	52	50
	53	51
	54	52
	56	54
	59	57
	60	63
	63	58
	64	59
	65	60
	67	63
	70	66
	74	70
	78	74
	79	75
	82	78
	83	79
	86	82
	87	83
	88	83
	91	83
	96	87
	97	88
	98	121
	101	90
	102	91
	103	92
	105	95
	106	96
	107	97
	108	98
	109	99
	110	100
	111	108
	112	109
	113	121
	116	101
	117	102
	118	103
	119	104
	121	111
	123	114
	124	115
	125	116
	126	117
	129	105
	132	124
	133	125
	134	126
	135	127
	136	128
	137	129
	138	130
	143	135
	144	147
	147	136
	148	137
	149	138
	151	140
	152	141
	153	142
	156	145
	157	147
	160	150
	161	151
	162	152
	164	153
	165	154
	166	155
	167	156
	168	157
	171	159
	172	160
	173	161
	174	162
	175	165
	177	163
	181	170
	182	171
	183	172
	186	176
	187	177
	188	178
	193	183
	194	184
	195	185
	196	186
	197	187
	201	192
	205	196
	206	197
	209	200
	210	218
	212	201
	214	204
	216	206
	218	208
	219	210
	221	211
	222	212
	223	213
	225	216
	229	223
	230	224
	231	230
	233	225
	234	230
	236	226
	237	227
	239	230
	242	233
	243	234
	244	235
	245	236
	247	238
	250	241
	251	242
	252	243
com/mojang/blaze3d/vertex/VertexFormatElement	10	8
	10	8
net/minecraft/client/gui/components/PlayerSkinWidget	72	66
	64	57
	68	61
	72	66
	41	34
	42	35
	43	36
	44	37
	45	38
	49	42
	50	43
	51	44
	52	45
	53	46
	54	47
	58	51
	59	52
	60	53
net/minecraft/client/renderer/entity/HoglinRenderer	29	26
	18	17
	23	21
	24	22
	25	23
	13	13
	29	26
	14	14
net/minecraft/client/model/animal/wolf/WolfModel	88	76
	66	58
	68	59
	69	60
	70	61
	72	62
	73	63
	75	64
	76	65
	77	66
	78	67
	79	68
	80	69
	82	70
	83	71
	84	72
	21	18
	85	73
	22	19
	86	74
	23	20
	87	75
	24	21
	88	76
	25	22
	26	23
	27	24
	28	25
	29	26
	33	29
	35	30
	36	31
	38	32
	39	33
	41	35
	44	38
	45	39
	47	41
	48	42
	49	43
	50	44
	53	47
	55	48
	56	49
	58	50
	59	51
	62	54
	63	55
net/minecraft/client/telemetry/events/package-info	0	0
net/minecraft/client/renderer/entity/state/VillagerDataHolderRenderState	0	0
net/minecraft/client/resources/server/PackDownloader	0	0
net/minecraft/client/multiplayer/resolver/AddressCheck	33	31
	32	30
	17	16
	33	31
	18	17
	19	18
	20	19
	22	20
	25	23
	26	24
	27	25
net/minecraft/client/gui/font/SingleSpriteSource	18	15
	18	15
	13	10
net/minecraft/client/gui/screens/worldselection/CreateWorldScreen	788	884
	512	340
	513	341
	514	342
	516	343
	517	344
	518	345
	519	346
	522	348
	524	351
	528	356
	529	357
	530	358
	532	360
	537	370
	538	371
	541	372
	542	373
	545	374
	546	375
	547	376
	550	378
	555	384
	556	385
	559	388
	560	389
	561	390
	565	394
	566	395
	567	396
	571	400
	572	401
	573	402
	578	406
	580	408
	581	409
	582	410
	583	411
	584	412
	588	416
	592	420
	594	421
	595	425
	597	428
	600	431
	602	432
	603	438
	605	444
	608	447
	609	450
	610	453
	612	455
	614	456
	615	471
	618	458
	107	112
	619	459
	620	460
	621	460
	623	461
	624	462
	626	464
	628	466
	631	468
	633	471
	122	700
	123	701
	637	474
	125	702
	126	702
	639	475
	127	702
	128	703
	641	476
	130	704
	131	705
	644	479
	132	706
	645	480
	133	709
	134	716
	135	717
	648	481
	649	482
	137	720
	138	721
	139	722
	652	484
	140	723
	653	485
	654	486
	656	489
	144	726
	657	491
	145	727
	146	728
	659	492
	147	729
	660	492
	148	730
	661	492
	150	731
	151	732
	152	733
	665	496
	153	734
	666	497
	668	499
	156	737
	157	738
	158	739
	671	502
	159	740
	672	503
	160	741
	673	504
	162	742
	675	506
	163	744
	676	507
	164	745
	677	509
	678	510
	166	747
	679	513
	167	748
	680	516
	168	749
	681	517
	169	750
	683	519
	171	751
	172	755
	685	521
	686	522
	174	761
	688	524
	689	525
	692	529
	694	532
	696	536
	699	539
	700	540
	189	815
	190	816
	704	544
	192	817
	705	556
	193	817
	706	549
	194	817
	195	817
	708	551
	709	552
	197	818
	710	553
	198	820
	199	821
	712	555
	713	571
	714	572
	202	823
	203	824
	204	825
	717	576
	205	826
	718	577
	207	827
	208	828
	722	581
	210	830
	723	582
	724	583
	212	833
	725	584
	213	834
	727	586
	215	835
	216	836
	218	839
	732	590
	733	591
	221	844
	734	592
	736	604
	224	847
	737	600
	225	848
	738	601
	226	849
	739	602
	227	850
	740	620
	741	621
	229	851
	742	622
	230	852
	743	623
	231	853
	232	854
	745	625
	233	855
	746	626
	234	856
	235	857
	748	629
	236	858
	237	859
	238	860
	752	633
	753	654
	241	863
	754	639
	242	864
	243	865
	756	640
	757	641
	245	867
	759	643
	760	644
	248	872
	761	645
	762	646
	251	877
	764	649
	766	652
	767	653
	768	669
	256	884
	769	670
	770	671
	771	672
	773	675
	777	680
	778	681
	779	682
	267	770
	780	683
	268	771
	781	684
	270	772
	271	772
	784	687
	272	772
	785	688
	274	773
	275	773
	788	690
	276	773
	279	776
	280	778
	281	779
	283	782
	284	783
	285	784
	286	786
	289	789
	290	794
	291	795
	292	796
	293	799
	297	126
	302	128
	303	132
	306	135
	307	135
	309	138
	310	138
	311	139
	312	139
	315	141
	316	142
	319	145
	320	145
	321	146
	322	147
	325	150
	329	153
	330	153
	331	153
	332	153
	337	157
	338	157
	339	158
	340	158
	343	161
	348	166
	349	170
	352	180
	354	181
	355	182
	356	183
	357	184
	358	185
	359	186
	361	187
	363	189
	365	190
	366	190
	368	190
	371	193
	372	194
	374	196
	377	199
	378	200
	379	201
	382	202
	383	204
	386	214
	389	217
	390	218
	395	219
	396	223
	398	224
	399	225
	400	226
	401	227
	403	228
	404	229
	405	230
	406	231
	407	232
	408	233
	410	236
	411	237
	415	248
	416	249
	417	250
	418	251
	420	252
	421	253
	424	256
	429	261
	430	262
	431	263
	432	264
	434	265
	435	266
	436	267
	438	268
	439	269
	440	270
	441	271
	443	272
	446	273
	448	274
	449	275
	454	279
	458	283
	459	291
	461	284
	463	285
	464	286
	465	287
	466	288
	467	289
	468	291
	471	294
	472	295
	475	298
	476	299
	477	300
	479	301
	480	303
	481	304
	482	305
	483	306
	486	307
	487	308
	488	309
	490	311
	491	312
	492	313
	494	315
	496	318
	497	319
	498	320
	499	321
	500	323
	501	325
	504	330
	505	331
	506	332
	507	333
	509	335
com/mojang/realmsclient/util/RealmsUtil	107	95
	64	57
	65	58
	67	61
	68	62
	69	63
	70	64
	71	65
	74	68
	76	71
	78	73
	82	77
	86	81
	87	82
	91	86
	92	86
	31	29
	32	30
	35	32
	37	33
	38	34
	41	35
	42	36
	106	94
	43	37
	107	95
	46	38
	47	39
	48	40
	51	42
	52	43
	56	49
	60	53
	61	54
net/minecraft/client/renderer/state/gui/pip/GuiSkinRenderState	12	38
	11	36
	12	38
com/mojang/blaze3d/vulkan/glsl/GlslCompiler	140	146
	130	133
	131	134
	133	137
	134	138
	136	141
	137	142
	140	146
	30	25
	31	26
	32	27
	33	28
	34	29
	36	30
	37	30
	38	30
	39	30
	40	31
	43	34
	44	35
	45	36
	46	37
	47	38
	48	39
	50	43
	51	44
	52	45
	54	48
	55	49
	56	50
	57	59
	59	53
	60	54
	61	55
	62	56
	67	65
	68	66
	70	67
	71	68
	73	69
	74	71
	75	72
	78	75
	79	77
	80	78
	84	79
	85	80
	93	85
	94	86
	95	87
	96	88
	97	89
	98	90
	103	94
	104	95
	105	96
	108	99
	109	100
	110	103
	111	105
	112	106
	114	109
	115	110
	118	114
	119	115
	120	118
	121	120
	122	121
	123	122
	125	125
	126	126
net/minecraft/client/renderer/debug/BrainDebugRenderer	179	161
	129	115
	130	116
	131	117
	135	120
	136	120
	137	121
	138	122
	142	125
	143	126
	144	127
	145	128
	147	130
	149	133
	153	137
	154	138
	155	139
	156	140
	159	143
	162	146
	168	150
	169	151
	170	152
	171	153
	173	155
	174	156
	178	160
	179	161
	68	53
	69	54
	73	60
	75	61
	76	62
	78	64
	81	67
	82	68
	83	69
	85	71
	86	72
	89	75
	90	76
	93	77
	94	78
	97	79
	98	80
	99	81
	102	84
	103	85
	104	87
	105	93
	108	96
	109	96
	110	97
	111	98
	115	101
	116	102
	117	103
	118	104
	121	108
	122	109
	123	110
	124	111
net/minecraft/client/gui/components/FocusableTextWidget	202	217
	128	138
	130	140
	132	143
	133	144
	134	145
	138	149
	142	153
	143	154
	144	155
	147	156
	148	157
	151	161
	29	35
	30	36
	31	37
	32	38
	33	39
	34	40
	35	41
	163	187
	36	42
	164	188
	37	43
	38	44
	167	191
	168	192
	169	193
	42	48
	170	194
	43	49
	45	52
	173	197
	46	53
	174	198
	47	54
	48	55
	178	202
	51	58
	179	203
	54	61
	55	62
	183	207
	184	208
	58	65
	59	66
	60	67
	188	212
	189	213
	64	71
	65	72
	193	217
	66	74
	68	77
	69	78
	198	165
	74	83
	202	169
	75	84
	77	87
	78	88
	82	92
	87	97
	92	102
	97	107
	102	112
	106	116
	110	120
	111	121
	112	122
	114	124
	116	126
	119	129
	120	130
	121	131
	125	135
	127	137
net/minecraft/client/particle/CampfireSmokeParticle	77	102
	70	86
	71	87
	10	20
	11	21
	75	100
	12	22
	76	101
	13	23
	77	102
	14	24
	16	26
	18	29
	19	30
	20	31
	21	32
	22	33
	26	37
	27	38
	28	39
	30	40
	31	49
	32	51
	35	41
	36	42
	37	43
	39	44
	41	45
	42	46
	44	51
	48	55
	55	62
	56	63
	60	76
	61	77
	62	78
net/minecraft/client/model/animal/squid/BabySquidModel	43	35
	32	26
	33	27
	34	28
	35	29
	37	30
	38	31
	40	32
	43	35
	14	13
	15	14
	18	17
	19	18
	21	19
	22	20
	23	20
	24	20
	27	22
	28	23
	29	23
	31	25
com/mojang/realmsclient/gui/screens/configuration/RealmsPlayersTab	300	321
	256	312
	257	313
	258	314
	259	315
	260	316
	261	317
	262	318
	263	319
	264	320
	265	321
	269	90
	272	88
	273	91
	274	92
	275	96
	279	100
	280	101
	281	102
	282	103
	283	105
	285	108
	286	113
	287	114
	290	117
	295	122
	300	127
	48	44
	49	45
	50	46
	51	47
	52	48
	53	49
	54	50
	55	54
	56	56
	57	58
	59	61
	60	62
	63	65
	68	70
	69	71
	70	72
	74	76
	75	77
	76	78
	81	135
	82	136
	83	137
	86	140
	87	141
	88	142
	91	145
	92	146
	93	148
	94	149
	96	151
	100	155
	104	159
	108	163
	133	183
	134	185
	135	186
	137	187
	138	188
	139	189
	140	190
	141	191
	142	194
	143	195
	144	199
	146	200
	147	201
	148	202
	149	203
	150	204
	151	207
	152	208
	153	212
	155	213
	156	214
	157	215
	158	216
	159	217
	160	218
	161	221
	163	222
	164	223
	167	226
	168	227
	169	228
	170	228
	171	230
	172	231
	173	232
	174	233
	175	234
	176	235
	179	238
	180	239
	181	240
	182	240
	183	242
	184	243
	185	244
	186	245
	187	246
	188	247
	191	250
	192	251
	193	265
	194	254
	195	255
	196	256
	197	257
	199	259
	200	260
	202	263
	203	264
	204	268
	206	270
	209	273
	210	274
	212	276
	215	279
	216	280
	217	281
	220	284
	221	284
	223	284
	229	289
	234	294
	241	300
	242	301
	244	302
	245	303
	247	305
	250	308
	251	309
	253	310
	254	311
net/minecraft/client/resources/server/package-info	0	0
com/mojang/realmsclient/util/RealmsPersistence	57	55
	33	32
	34	33
	36	34
	37	35
	39	37
	40	38
	41	39
	44	42
	48	46
	51	49
	52	50
	22	21
	54	52
	57	55
	26	25
	27	26
	30	29
net/minecraft/client/renderer/entity/AbstractHoglinRenderer	24	24
	17	18
	22	22
	23	23
	24	24
	12	14
	13	15
net/minecraft/client/sounds/ChannelAccess	94	91
	64	32
	66	34
	68	36
	69	37
	73	41
	74	42
	77	45
	78	46
	79	48
	80	49
	81	50
	82	51
	83	52
	84	53
	22	70
	87	56
	88	57
	25	74
	26	76
	27	77
	92	60
	93	61
	94	62
	30	80
	32	81
	33	82
	35	84
	37	85
	40	88
	41	89
	42	90
	43	91
	53	21
	54	22
	55	23
	58	26
	59	27
	60	28
	61	29
	62	30
	63	31
net/minecraft/client/model/animal/equine/HorseModel	9	9
	8	8
	9	9
net/minecraft/client/gui/screens/dialog/body/DialogBodyHandlers	87	98
	66	92
	67	97
	68	98
	75	64
	76	65
	77	66
	78	67
	79	68
	80	70
	81	72
	83	73
	84	79
	85	81
	87	84
	31	29
	32	30
	36	34
	40	39
	41	40
	42	41
	43	42
	46	44
	50	49
	51	50
	52	51
	55	54
	56	55
	57	56
	58	57
	61	60
net/minecraft/client/renderer/feature/ModelFeatureRenderer	68	65
	32	29
	33	30
	34	31
	68	65
	37	34
	38	35
	39	36
	40	37
	22	20
	23	21
	25	23
	57	55
	28	26
	30	27
	62	60
	31	28
net/minecraft/client/gui/components/ResettableOptionWidget	0	0
net/minecraft/client/gui/components/debugchart/package-info	0	0
net/minecraft/client/model/effects/EvokerFangsModel	66	57
	64	55
	65	56
	66	57
	23	22
	24	23
	25	24
	26	25
	27	26
	30	29
	31	30
	33	31
	34	32
	35	32
	36	32
	38	34
	39	34
	40	35
	41	36
	43	37
	48	41
	50	42
	51	43
	52	44
	53	45
	54	46
	56	47
	58	48
	59	49
	60	50
	62	53
	63	54
com/mojang/realmsclient/dto/RealmsText	60	56
	32	31
	34	33
	35	33
	38	33
	43	38
	44	39
	46	41
	47	49
	49	42
	50	43
	51	45
	52	46
	21	20
	22	21
	23	22
	55	52
	26	25
	60	56
	31	30
com/mojang/blaze3d/vulkan/Destroyable	0	0
net/minecraft/client/data/models/model/ModelTemplates	259	257
	243	241
	259	257
	166	152
	247	245
	251	249
	255	253
net/minecraft/client/profiling/ClientMetricsSamplersProvider	52	49
	33	32
	35	33
	36	34
	37	35
	39	36
	40	37
	41	38
	42	40
	46	44
	47	45
	51	48
	52	49
	26	25
	27	26
	28	27
	29	28
	30	29
net/minecraft/client/renderer/item/properties/numeric/NeedleDirectionHelper	95	82
	68	56
	69	57
	71	58
	72	59
	73	60
	74	61
	13	13
	14	14
	79	66
	17	17
	18	18
	84	71
	21	20
	22	21
	25	24
	89	76
	26	24
	29	24
	94	81
	95	82
	35	31
	39	35
	51	39
	58	46
	63	51
net/minecraft/client/renderer/texture/atlas/sources/SourceFilter	27	21
	22	16
	23	17
	27	21
	12	10
	13	11
	14	11
net/minecraft/client/model/monster/dragon/package-info	0	0
net/minecraft/client/gui/render/TextureSetup	37	46
	16	23
	32	41
	20	28
	36	45
	37	46
	24	33
	28	37
com/mojang/blaze3d/vulkan/glsl/IntermediaryShaderModule	247	262
	28	31
	29	32
	30	33
	31	34
	33	36
	34	37
	35	38
	36	39
	37	40
	40	43
	41	44
	43	45
	44	46
	46	47
	47	48
	49	49
	50	50
	51	51
	52	52
	53	53
	54	55
	55	56
	56	57
	57	58
	58	59
	61	62
	62	63
	63	64
	64	65
	65	67
	66	68
	67	69
	68	70
	69	71
	70	72
	71	73
	74	76
	75	77
	76	78
	77	79
	78	81
	79	82
	80	83
	81	84
	82	85
	85	88
	86	89
	87	90
	88	91
	89	93
	90	94
	91	95
	92	96
	93	97
	96	100
	100	104
	101	106
	102	107
	105	110
	110	114
	111	115
	114	118
	115	119
	116	120
	117	121
	119	123
	120	124
	122	127
	123	128
	125	131
	126	132
	129	135
	130	136
	131	138
	132	139
	133	140
	135	141
	137	142
	138	143
	139	144
	141	147
	142	148
	146	152
	147	153
	148	154
	150	156
	151	157
	152	158
	153	159
	157	163
	158	164
	159	165
	160	167
	162	171
	163	172
	167	176
	168	177
	169	178
	170	180
	172	184
	173	185
	179	190
	180	191
	182	192
	183	193
	185	194
	186	195
	188	197
	191	201
	192	202
	193	202
	194	202
	195	202
	196	203
	197	204
	198	205
	199	209
	204	214
	205	215
	206	216
	209	220
	213	225
	214	226
	215	227
	218	231
	222	236
	223	237
	224	238
	227	242
	231	246
	232	247
	233	251
	234	250
	235	249
	236	248
	237	252
	238	247
	239	254
	241	256
	244	259
	245	260
	247	262
net/minecraft/client/gui/screens/options/controls/package-info	0	0
net/minecraft/client/gui/screens/achievement/package-info	0	0
net/minecraft/client/gui/screens/friends/OutgoingEntry	56	47
	32	27
	33	27
	34	27
	35	27
	36	27
	37	28
	38	29
	43	33
	44	34
	48	38
	53	43
	22	20
	54	44
	23	21
	55	46
	24	22
	56	47
	27	24
	28	25
	29	26
	30	27
	31	27
net/minecraft/client/model/object/book/BookModel	103	72
	66	49
	67	49
	68	50
	69	51
	71	52
	76	56
	77	57
	79	58
	80	59
	81	60
	82	61
	84	62
	85	63
	87	64
	88	65
	89	66
	90	67
	91	68
	28	26
	29	27
	30	28
	31	29
	32	30
	33	31
	34	32
	35	33
	38	36
	102	72
	39	37
	103	72
	41	38
	42	39
	43	39
	44	39
	46	41
	47	42
	48	42
	49	42
	51	44
	52	45
	53	45
	54	45
	56	47
	57	47
	58	47
	61	48
	62	48
	63	48
net/minecraft/client/resources/sounds/SoundEventRegistrationSerializer	83	71
	65	56
	66	57
	68	58
	70	59
	72	60
	74	61
	78	65
	79	66
	80	67
	81	68
	83	71
	25	23
	27	24
	28	25
	29	26
	31	27
	35	31
	37	32
	38	33
	39	35
	40	36
	42	37
	43	38
	44	39
	46	41
	51	46
	55	50
	57	51
	59	52
	60	53
	62	54
	63	55
com/mojang/blaze3d/vertex/VertexConsumer	117	123
	65	75
	68	78
	70	79
	71	80
	73	81
	75	83
	76	84
	77	85
	79	86
	80	87
	82	88
	83	89
	84	90
	85	91
	87	93
	90	96
	30	42
	94	100
	31	43
	32	44
	33	45
	34	46
	98	104
	35	47
	36	48
	102	108
	39	51
	103	109
	43	55
	107	113
	108	114
	47	59
	112	118
	113	119
	51	63
	52	64
	117	123
	54	66
	55	67
	56	68
	58	69
	59	70
	61	71
	62	72
	63	73
net/minecraft/client/model/animal/equine/BabyDonkeyModel	100	135
	67	102
	68	103
	69	104
	73	108
	78	113
	17	15
	18	16
	19	17
	83	118
	20	18
	21	19
	22	20
	23	21
	24	22
	88	123
	25	23
	28	26
	29	27
	93	128
	31	28
	32	33
	33	34
	34	39
	98	133
	35	44
	99	134
	36	49
	100	135
	37	54
	39	59
	40	60
	41	65
	42	66
	43	71
	44	76
	45	81
	46	82
	47	83
	52	88
	54	89
	57	90
	58	91
	59	92
	60	93
	61	94
	62	95
	63	98
net/minecraft/client/renderer/MappableRingBuffer	65	62
	65	62
	22	17
	23	18
	24	19
	27	21
	28	22
	29	23
	30	24
	32	27
	33	29
	36	32
	40	36
	41	37
	42	38
	43	39
	44	40
	46	43
	50	47
	51	48
	53	51
	54	52
	55	53
	59	56
	60	57
	61	58
	62	59
com/mojang/realmsclient/dto/RegionSelectionPreference	43	41
	32	29
	36	32
	37	34
	22	20
	38	35
	23	21
	39	36
	24	22
	42	40
	43	41
	31	28
com/mojang/realmsclient/util/task/CloseServerTask	57	57
	33	31
	34	32
	35	33
	36	34
	37	35
	40	38
	41	39
	42	40
	44	43
	45	44
	46	45
	47	46
	49	49
	50	50
	20	18
	21	19
	53	53
	22	20
	57	57
	26	23
	27	25
	28	26
	29	27
net/minecraft/client/renderer/entity/layers/IronGolemCrackinessLayer	37	42
	32	37
	33	42
	35	38
	36	39
	37	42
	23	24
	24	25
	28	35
	29	42
	31	36
com/mojang/realmsclient/gui/screens/UploadResult	35	31
	17	9
	35	31
	25	21
	26	22
	11	8
	12	11
	13	11
	30	26
	15	11
	31	27
com/mojang/realmsclient/client/worldupload/RealmsUploadWorldNotClosedException	8	8
	8	8
net/minecraft/client/model/HumanoidModel	563	515
	512	429
	514	432
	515	433
	516	434
	517	435
	518	436
	519	437
	520	438
	521	439
	523	440
	525	442
	527	443
	528	444
	530	445
	532	446
	533	447
	534	448
	539	453
	541	456
	544	459
	549	463
	550	464
	551	465
	554	468
	555	468
	557	468
	563	473
	76	492
	77	493
	85	500
	86	501
	87	502
	90	505
	94	509
	98	515
	110	76
	111	77
	114	80
	115	81
	116	82
	117	83
	118	84
	119	85
	120	86
	121	87
	122	88
	125	91
	126	92
	127	93
	128	94
	129	94
	130	94
	132	96
	133	96
	134	96
	137	97
	138	98
	139	98
	140	98
	142	100
	143	101
	144	101
	145	101
	147	103
	148	104
	149	104
	150	104
	152	106
	153	107
	154	107
	155	107
	157	109
	158	110
	159	110
	160	110
	162	112
	166	116
	170	122
	179	131
	180	132
	182	133
	183	134
	185	135
	186	136
	188	137
	189	138
	191	139
	195	143
	196	144
	197	145
	198	146
	199	146
	200	146
	202	148
	203	150
	204	150
	205	151
	207	153
	211	157
	212	158
	214	159
	215	160
	216	160
	217	160
	220	162
	221	162
	222	162
	223	162
	226	163
	227	164
	228	164
	229	164
	232	166
	233	168
	234	168
	235	169
	238	171
	239	173
	240	173
	241	174
	244	176
	245	177
	246	177
	247	177
	250	179
	251	180
	252	180
	253	180
	256	182
	257	183
	258	183
	259	183
	262	185
	263	186
	264	186
	265	186
	268	188
	269	190
	270	190
	271	191
	274	193
	275	193
	279	194
	284	198
	286	199
	287	200
	288	201
	290	202
	292	203
	293	204
	295	205
	296	206
	297	207
	298	208
	301	211
	302	212
	303	213
	304	214
	306	215
	307	216
	308	217
	309	218
	310	219
	311	220
	313	221
	314	222
	315	223
	317	224
	318	225
	319	226
	321	227
	322	228
	323	229
	327	232
	328	233
	329	234
	330	235
	331	236
	332	237
	333	238
	336	241
	337	242
	338	243
	342	247
	343	248
	344	249
	345	250
	346	251
	349	254
	350	255
	351	256
	356	261
	358	262
	359	263
	360	264
	361	265
	362	266
	363	267
	364	268
	365	269
	366	270
	367	271
	370	274
	371	275
	373	278
	374	279
	377	282
	378	283
	381	284
	382	285
	383	288
	385	291
	386	292
	387	293
	388	294
	390	295
	391	296
	393	297
	394	300
	395	303
	396	304
	398	305
	399	306
	401	307
	402	308
	404	309
	405	310
	406	311
	407	312
	409	313
	410	314
	412	315
	413	316
	415	317
	416	318
	420	322
	421	323
	422	324
	423	325
	425	327
	428	330
	429	332
	430	339
	432	335
	433	336
	434	337
	436	348
	437	349
	438	350
	439	370
	441	342
	442	343
	443	344
	444	345
	445	346
	446	352
	447	355
	449	366
	450	367
	451	368
	453	358
	454	359
	455	360
	457	362
	458	363
	461	372
	464	375
	465	377
	466	384
	468	380
	469	381
	470	382
	472	393
	473	394
	474	395
	475	415
	477	387
	478	388
	479	389
	480	390
	481	391
	482	397
	483	400
	485	411
	486	412
	487	413
	489	403
	490	404
	491	405
	493	407
	494	408
	497	417
	500	420
	501	421
	502	422
	505	425
	506	426
	507	456
	510	427
	511	428
net/minecraft/client/renderer/entity/EnderDragonRenderer	239	218
	45	40
	46	41
	48	42
	49	43
	53	48
	55	49
	56	50
	57	51
	58	52
	59	53
	62	54
	65	55
	67	56
	68	57
	70	58
	71	59
	73	63
	76	66
	78	67
	79	68
	80	69
	81	70
	82	71
	83	72
	86	75
	88	76
	89	78
	92	82
	93	83
	96	86
	97	90
	98	91
	99	92
	100	93
	101	94
	102	95
	103	96
	104	97
	105	98
	107	99
	108	101
	109	102
	110	102
	111	102
	112	102
	113	102
	115	103
	116	104
	117	105
	118	106
	120	108
	122	109
	123	110
	125	111
	126	112
	127	113
	129	114
	130	115
	131	116
	133	117
	134	118
	135	119
	137	120
	138	121
	139	122
	141	124
	142	126
	145	137
	146	138
	148	139
	149	140
	150	141
	151	142
	153	143
	154	144
	156	145
	157	149
	158	150
	159	151
	160	152
	161	154
	162	155
	163	156
	164	157
	165	158
	166	158
	167	159
	168	160
	169	161
	170	162
	171	163
	173	164
	174	164
	175	165
	176	166
	177	167
	178	168
	179	169
	181	170
	182	170
	183	171
	184	172
	185	173
	186	174
	187	175
	189	176
	190	176
	191	177
	192	178
	193	179
	194	180
	195	181
	197	182
	198	183
	199	184
	201	186
	202	188
	203	189
	207	192
	212	196
	213	197
	214	198
	215	199
	217	200
	218	201
	219	202
	220	202
	221	203
	223	205
	226	208
	227	209
	228	210
	230	211
	231	212
	233	213
	234	214
	235	215
	239	218
com/mojang/realmsclient/dto/PendingInvite	37	27
	32	23
	34	25
	35	26
	37	27
	27	18
	28	19
	29	20
	30	21
	31	22
com/mojang/blaze3d/systems/ScissorState	59	59
	11	11
	14	14
	15	15
	16	16
	17	17
	18	18
	19	19
	22	22
	23	23
	24	24
	25	25
	26	26
	27	27
	30	30
	31	31
	34	34
	38	38
	42	42
	46	46
	50	50
	54	54
	55	55
	56	56
	57	57
	58	58
	59	59
net/minecraft/client/renderer/block/dispatch/multipart/MultiPartModel	151	169
	128	143
	134	147
	135	149
	136	150
	137	151
	140	158
	145	163
	146	164
	150	168
	151	169
	27	30
	28	31
	29	32
	33	36
	38	42
	43	47
	44	48
	47	51
	49	53
	50	54
	51	55
	53	57
	57	61
	70	73
	71	74
	73	76
	77	82
	78	84
	79	85
	81	88
	85	92
	86	93
	87	94
	88	95
	89	96
	92	99
	93	101
	94	102
	95	103
	99	107
	100	108
	101	110
	102	111
	103	112
	106	116
	114	127
	118	131
	119	133
	120	134
	122	137
	127	142
net/minecraft/client/model/animal/polarbear/package-info	0	0
net/minecraft/client/renderer/texture/ReloadableTexture	44	42
	33	31
	34	32
	36	34
	39	37
	40	38
	41	39
	42	40
	43	41
	44	42
	19	17
	20	18
	23	21
	27	25
	28	26
	29	27
	30	28
	31	29
net/minecraft/client/data/models/model/TextureSlot	79	87
	65	73
	66	74
	67	75
	70	78
	57	62
	74	83
	61	69
	79	87
net/minecraft/client/renderer/SubmitNodeCollector	0	0
net/minecraft/client/input/CharacterEvent	15	11
	11	7
	15	11
net/minecraft/client/gui/screens/options/controls/ControlsScreen	37	38
	32	33
	33	34
	34	35
	36	37
	37	38
	15	15
	16	16
	17	17
	18	18
	19	19
	20	20
	21	21
	22	22
	27	27
	28	28
com/mojang/blaze3d/font/GlyphProvider	32	23
	32	23
	17	11
	20	15
	31	22
net/minecraft/client/renderer/entity/state/MinecartRenderState	0	0
net/minecraft/client/model/animal/feline/AbstractFelineModel	31	29
	22	20
	23	21
	24	22
	25	23
	26	24
	27	25
	28	26
	29	27
	30	28
	31	29
net/minecraft/client/tutorial/Tutorial	114	111
	65	64
	66	65
	67	67
	70	70
	71	71
	73	74
	74	75
	77	78
	78	79
	79	80
	81	82
	83	84
	84	85
	22	23
	86	87
	23	24
	89	90
	26	27
	90	91
	27	28
	91	92
	92	93
	29	30
	93	94
	95	96
	32	33
	33	34
	98	99
	35	36
	38	39
	102	103
	39	40
	103	103
	41	42
	105	103
	44	45
	45	46
	110	107
	47	48
	50	51
	114	111
	51	52
	53	54
	56	57
	57	58
	59	60
	62	63
	63	67
com/mojang/blaze3d/systems/TimerQuery	65	67
	65	67
	17	16
	18	17
	21	20
	22	21
	24	23
	25	24
	27	25
	28	26
	29	27
	30	29
	33	32
	34	37
	36	33
	37	34
	38	35
	39	39
	42	42
	43	44
	44	45
	46	48
	51	52
	52	53
	55	56
	56	57
	57	58
	58	59
	59	60
	60	61
	61	62
	62	63
net/minecraft/client/SectionUpdateTracker	94	99
	65	70
	66	71
	67	72
	68	73
	71	76
	72	77
	73	78
	77	82
	78	83
	15	15
	79	84
	16	19
	80	85
	17	21
	82	87
	20	24
	21	25
	22	26
	86	91
	24	28
	90	95
	27	31
	28	32
	94	99
	31	35
	35	40
	39	44
	40	45
	41	46
	42	47
	43	48
	44	49
	45	50
	46	51
	50	55
	51	56
	60	65
	61	66
	62	67
com/mojang/blaze3d/vulkan/init/package-info	0	0
net/minecraft/client/renderer/entity/state/VexRenderState	0	0
net/minecraft/client/gui/font/glyphs/SpecialGlyphs	80	81
	33	27
	65	64
	34	29
	35	30
	36	31
	70	69
	39	35
	40	36
	75	74
	76	77
	46	40
	15	14
	47	41
	80	81
	17	16
	18	17
	51	45
	20	18
	21	19
	22	20
	55	50
	57	54
	60	59
net/minecraft/client/renderer/rendertype/RenderTypes	673	641
	512	285
	516	573
	520	289
	521	291
	522	291
	523	291
	524	291
	528	577
	532	295
	533	296
	534	296
	535	296
	539	581
	33	18
	34	21
	35	22
	36	23
	37	24
	549	585
	553	303
	41	370
	554	305
	42	371
	555	305
	43	375
	556	305
	44	377
	557	305
	45	378
	46	379
	47	380
	48	381
	561	589
	50	384
	56	388
	570	593
	62	392
	577	597
	68	396
	72	34
	73	35
	74	36
	586	601
	75	37
	76	38
	77	39
	78	40
	79	41
	81	42
	595	605
	85	400
	89	404
	90	405
	91	406
	92	407
	604	609
	93	408
	94	409
	95	410
	96	411
	98	412
	613	613
	102	47
	103	48
	104	49
	105	50
	106	51
	107	52
	108	53
	109	54
	110	55
	622	617
	112	56
	116	416
	631	621
	120	61
	121	62
	122	63
	123	64
	124	65
	125	66
	126	67
	638	625
	128	68
	132	420
	646	629
	136	73
	137	74
	138	75
	139	76
	140	77
	141	78
	653	633
	142	79
	143	80
	145	81
	657	359
	658	360
	659	360
	149	424
	663	637
	153	86
	154	87
	155	88
	667	364
	156	89
	668	365
	157	90
	669	365
	158	91
	159	92
	161	93
	673	641
	165	428
	169	98
	170	99
	171	100
	172	101
	173	102
	174	103
	175	104
	177	105
	181	432
	185	436
	189	110
	190	111
	191	112
	192	113
	193	114
	194	115
	195	116
	196	117
	198	118
	202	440
	206	444
	210	123
	211	124
	212	125
	213	126
	214	127
	215	128
	216	129
	217	130
	219	131
	223	448
	227	136
	228	137
	229	138
	230	139
	231	140
	232	141
	233	142
	234	143
	235	144
	237	145
	241	452
	245	150
	246	151
	247	152
	248	153
	249	154
	250	155
	251	156
	252	157
	256	456
	260	162
	261	163
	262	164
	263	165
	264	166
	265	167
	266	168
	267	169
	268	170
	269	171
	273	460
	277	176
	278	177
	279	178
	280	179
	281	180
	282	181
	283	182
	284	183
	286	184
	290	464
	294	468
	298	189
	299	190
	300	191
	301	192
	302	193
	303	194
	304	195
	306	196
	310	472
	314	476
	318	201
	319	202
	320	203
	321	204
	322	205
	324	206
	328	480
	332	211
	333	212
	334	213
	335	214
	337	215
	341	484
	345	219
	346	219
	347	219
	348	219
	349	219
	351	220
	355	488
	359	224
	360	225
	361	226
	362	227
	363	228
	364	229
	366	230
	370	492
	374	234
	375	234
	376	234
	377	234
	381	496
	385	500
	389	504
	390	507
	391	508
	392	509
	393	510
	394	511
	399	516
	400	519
	401	520
	402	521
	403	522
	404	523
	405	524
	413	529
	419	533
	423	537
	433	541
	443	545
	452	549
	461	553
	465	269
	466	269
	467	269
	468	269
	472	557
	476	272
	477	272
	478	272
	479	272
	483	561
	493	565
	497	278
	498	279
	499	279
	500	279
	504	569
	508	283
	509	285
	510	285
	511	285
net/minecraft/client/model/animal/feline/AdultFelineModel	167	148
	24	22
	25	23
	28	26
	29	27
	30	28
	32	29
	33	31
	34	32
	35	33
	36	34
	37	35
	38	36
	40	38
	41	40
	42	40
	43	41
	45	43
	46	45
	47	45
	48	46
	50	48
	51	49
	52	49
	53	49
	55	51
	56	51
	57	52
	58	53
	60	54
	61	54
	62	55
	63	56
	65	57
	70	61
	72	62
	74	63
	75	64
	76	65
	77	66
	78	67
	79	68
	80	69
	81	70
	82	71
	83	72
	84	73
	85	74
	86	75
	89	78
	90	79
	92	80
	93	81
	94	82
	95	83
	96	84
	97	85
	98	86
	99	87
	100	88
	101	89
	103	91
	104	92
	105	93
	106	94
	108	95
	109	96
	111	98
	116	103
	117	104
	118	105
	119	106
	120	107
	121	108
	123	109
	124	110
	125	111
	126	112
	127	113
	128	114
	130	115
	131	116
	132	117
	134	118
	135	119
	136	120
	138	121
	139	122
	140	123
	142	124
	143	125
	144	126
	147	129
	148	130
	149	131
	150	132
	151	133
	152	134
	153	135
	154	136
	155	137
	156	138
	157	139
	158	140
	160	141
	161	142
	164	145
	165	146
	167	148
net/minecraft/client/particle/BubbleColumnUpParticle	49	56
	32	31
	36	35
	43	42
	12	14
	44	43
	13	15
	14	16
	15	17
	48	56
	17	18
	49	56
	19	19
	20	20
	21	21
	23	22
	24	23
	28	27
	29	28
	30	29
net/minecraft/client/resources/sounds/GuardianAttackSoundInstance	44	39
	32	29
	33	37
	34	39
	37	30
	38	31
	39	32
	41	33
	42	34
	43	35
	44	39
	16	15
	18	16
	20	17
	21	18
	22	19
	23	20
	27	24
com/mojang/blaze3d/shaders/ShaderType	36	36
	32	32
	18	16
	19	17
	20	18
	36	36
	23	22
	24	23
	25	24
	28	28
net/minecraft/client/renderer/entity/ParchedRenderer	22	20
	17	16
	22	20
	12	12
	13	13
net/minecraft/client/renderer/item/properties/select/SelectItemModelProperty	64	58
	32	30
	64	58
	33	32
	34	32
	35	34
	37	36
	41	40
	45	44
	46	45
	49	47
	50	49
	51	50
	54	53
	55	54
	56	56
	57	56
	58	56
	59	56
	60	56
net/minecraft/client/color/block/BlockTintSources	190	181
	130	124
	67	63
	136	130
	73	69
	76	72
	140	133
	81	77
	145	138
	22	18
	87	82
	152	144
	26	22
	156	147
	29	25
	93	88
	97	91
	161	152
	34	30
	102	96
	167	158
	40	36
	170	161
	43	39
	108	102
	111	105
	175	166
	48	44
	116	110
	53	49
	181	172
	184	175
	185	176
	122	116
	59	55
	125	119
	62	58
	190	181
net/minecraft/client/renderer/blockentity/state/SpawnerRenderState	0	0
net/minecraft/client/data/models/model/DelegatedModel	18	17
	16	15
	17	16
	18	17
	11	11
	12	12
net/minecraft/client/renderer/item/properties/select/ItemBlockState	40	36
	18	17
	19	17
	35	31
	20	17
	40	36
	26	25
	27	26
	28	26
	30	26
net/minecraft/client/gui/ItemSlotMouseAction	0	0
net/minecraft/client/resources/metadata/language/LanguageMetadataSection	0	0
net/minecraft/client/gui/screens/inventory/PageButton	48	49
	32	32
	34	34
	36	37
	37	38
	41	42
	42	43
	44	45
	48	49
	23	23
	24	24
	25	25
	26	26
	31	31
net/minecraft/client/particle/WakeParticle	65	70
	65	70
	11	13
	12	14
	13	15
	14	16
	15	17
	17	18
	19	19
	20	20
	21	21
	22	22
	23	23
	24	24
	25	25
	29	29
	34	34
	35	35
	36	36
	38	37
	39	38
	40	39
	41	50
	44	41
	45	42
	46	43
	47	44
	48	45
	50	46
	51	47
	53	48
	54	50
	60	56
	61	57
net/minecraft/client/renderer/DynamicUniformStorage	113	113
	28	26
	30	27
	31	28
	32	29
	33	30
	34	31
	35	32
	38	35
	39	36
	40	37
	42	38
	43	39
	44	40
	46	43
	48	45
	51	48
	52	49
	53	50
	54	51
	55	52
	56	53
	59	56
	60	57
	63	59
	64	60
	65	61
	66	62
	69	65
	70	67
	71	68
	73	71
	74	72
	75	73
	81	78
	82	79
	85	81
	86	82
	87	83
	88	84
	91	87
	92	88
	93	90
	94	91
	95	93
	96	94
	97	95
	98	96
	99	97
	102	101
	103	102
	104	103
	109	108
	110	109
	112	112
	113	113
net/minecraft/client/renderer/entity/layers/LlamaDecorLayer	45	65
	33	41
	34	42
	35	43
	36	44
	37	45
	38	46
	40	50
	43	60
	44	61
	45	65
	25	27
	26	28
	27	29
	28	30
	29	31
net/minecraft/client/model/animal/squid/SquidModel	67	56
	64	53
	65	54
	67	56
	22	20
	23	21
	24	22
	27	25
	31	29
	32	30
	33	31
	35	32
	36	33
	37	33
	38	33
	39	33
	42	34
	43	35
	44	35
	46	37
	47	38
	48	39
	49	40
	50	41
	52	42
	53	43
	55	44
	58	47
	63	51
net/minecraft/client/multiplayer/chat/report/ReportReason	51	47
	32	28
	48	44
	33	29
	49	45
	50	46
	51	47
	36	32
	40	36
	44	40
	29	25
	30	26
	31	27
com/mojang/realmsclient/gui/screens/configuration/RealmsSlotOptionsScreen	219	228
	128	115
	129	116
	130	117
	131	118
	134	121
	135	122
	136	123
	138	124
	139	125
	140	126
	144	130
	145	131
	149	135
	150	136
	153	139
	154	139
	156	139
	160	143
	161	144
	166	149
	167	150
	169	151
	173	155
	174	156
	176	158
	178	160
	184	203
	185	204
	187	205
	188	206
	190	207
	192	208
	193	209
	69	55
	197	213
	70	56
	198	216
	71	57
	72	58
	201	214
	74	59
	202	216
	75	60
	77	61
	78	62
	206	220
	207	228
	80	63
	81	64
	82	65
	211	163
	84	67
	212	164
	85	68
	214	165
	87	70
	215	179
	217	168
	91	74
	219	196
	92	75
	93	76
	94	78
	95	79
	96	80
	97	81
	98	82
	100	84
	101	85
	102	86
	105	89
	106	90
	107	91
	108	92
	109	93
	110	94
	111	95
	112	96
	113	99
	115	101
	116	104
	118	106
	119	107
	121	109
	123	110
	124	111
	125	112
net/minecraft/client/resources/model/ModelBaker	0	0
net/minecraft/client/model/geom/ModelLayers	330	324
	305	303
	321	320
	322	320
	323	320
	324	320
	309	307
	325	320
	310	308
	311	309
	313	311
	330	324
	317	316
net/minecraft/client/gui/font/providers/TrueTypeGlyphProviderDefinition	94	109
	66	50
	67	51
	68	74
	69	58
	71	59
	72	60
	73	61
	74	62
	75	63
	78	66
	79	67
	80	68
	83	71
	85	90
	87	91
	88	92
	89	93
	90	94
	93	98
	94	99
	35	108
	36	109
	44	25
	47	26
	48	28
	49	29
	50	30
	51	32
	52	34
	53	36
	57	41
	62	46
net/minecraft/client/renderer/debug/BeeDebugRenderer	274	229
	256	214
	262	218
	263	219
	264	220
	266	221
	268	223
	269	224
	273	228
	274	229
	66	55
	67	56
	71	62
	73	63
	74	64
	76	66
	79	69
	81	70
	82	71
	83	72
	84	73
	86	75
	89	76
	93	77
	95	78
	96	79
	97	80
	99	81
	100	82
	102	84
	104	85
	105	86
	106	87
	108	89
	110	90
	114	93
	115	94
	116	95
	117	96
	119	98
	120	99
	124	103
	126	104
	127	105
	128	106
	130	108
	132	109
	133	110
	135	111
	136	112
	137	113
	139	114
	140	115
	141	116
	144	119
	145	120
	146	122
	147	122
	149	122
	154	127
	155	128
	156	129
	159	132
	160	133
	161	134
	162	135
	163	136
	168	141
	170	142
	171	143
	174	146
	176	147
	177	148
	178	149
	179	150
	181	152
	184	155
	186	156
	187	157
	190	160
	193	161
	196	162
	200	163
	201	164
	203	166
	208	169
	209	170
	211	172
	215	175
	216	176
	217	177
	218	178
	224	183
	225	184
	226	185
	229	187
	232	190
	233	191
	236	194
	240	198
	241	199
	242	200
	246	204
	250	208
	251	209
	252	210
	253	211
	255	213
com/mojang/realmsclient/gui/screens/configuration/package-info	0	0
net/minecraft/client/gui/components/debug/DebugEntryTps	56	69
	18	22
	19	23
	20	24
	21	25
	22	65
	25	26
	26	27
	27	28
	29	29
	30	31
	31	32
	32	33
	33	34
	35	36
	39	40
	40	41
	41	42
	42	43
	43	44
	45	47
	46	49
	48	59
	51	63
	52	65
	56	69
net/minecraft/client/gui/screens/inventory/HorseInventoryScreen	43	44
	33	34
	18	18
	19	19
	38	39
	23	23
	43	44
	28	28
net/minecraft/client/renderer/blockentity/ShulkerBoxRenderer	126	143
	64	62
	65	63
	66	64
	70	67
	72	69
	73	70
	75	72
	77	75
	78	76
	81	89
	82	90
	83	91
	84	92
	85	93
	88	105
	89	106
	90	107
	93	110
	94	111
	95	113
	96	114
	97	115
	98	116
	99	117
	104	122
	43	37
	44	38
	108	126
	109	127
	110	128
	47	41
	111	129
	48	42
	51	45
	52	46
	53	47
	117	135
	118	136
	119	137
	57	50
	123	140
	124	141
	125	142
	62	60
	126	143
	63	61
net/minecraft/client/resources/metadata/language/package-info	0	0
net/minecraft/client/multiplayer/chat/LoggedChatMessage	105	110
	64	66
	68	70
	69	71
	74	76
	78	80
	83	85
	22	21
	88	90
	89	92
	26	25
	90	93
	91	95
	95	100
	32	31
	100	105
	38	37
	39	39
	40	40
	41	41
	105	110
	42	43
	48	49
	49	50
	50	51
	52	53
	57	59
	58	60
	59	61
	63	65
net/minecraft/client/renderer/feature/ItemFeatureRenderer	164	146
	131	116
	132	116
	134	116
	149	130
	150	131
	151	132
	154	136
	159	141
	164	146
	44	32
	45	33
	47	36
	48	37
	50	39
	53	42
	54	43
	55	44
	56	45
	58	47
	60	49
	63	52
	64	53
	66	55
	67	56
	68	57
	69	58
	71	59
	73	61
	76	64
	77	65
	78	66
	79	67
	82	68
	83	69
	85	72
	88	75
	89	76
	90	84
	92	77
	93	79
	94	80
	95	81
	97	84
	100	87
	101	88
	102	89
	103	90
	105	93
	109	97
	111	98
	112	99
	113	100
	114	101
	116	104
	120	108
	124	112
	125	112
	127	112
net/minecraft/client/resources/model/package-info	0	0
net/minecraft/client/animation/Keyframe	13	8
	12	7
	13	8
com/mojang/blaze3d/pipeline/DepthStencilState	15	10
	14	9
	15	10
net/minecraft/client/renderer/block/BlockModelRenderState	136	158
	131	152
	132	153
	134	155
	136	158
	35	41
	36	42
	37	43
	38	44
	39	45
	40	46
	41	47
	42	48
	44	50
	47	53
	48	54
	50	57
	54	61
	55	62
	56	63
	59	66
	61	67
	62	68
	63	69
	65	71
	67	74
	71	80
	73	81
	74	82
	75	83
	76	84
	77	85
	78	86
	79	87
	81	89
	84	92
	87	96
	88	96
	90	96
	94	107
	95	108
	96	109
	97	110
	99	111
	100	112
	101	113
	102	114
	103	115
	105	117
	108	120
	111	130
	112	131
	116	136
	118	137
	122	142
	124	145
	127	148
net/minecraft/client/renderer/entity/state/GhastRenderState	0	0
net/minecraft/client/renderer/state/OptionsRenderState	32	33
	32	33
net/minecraft/client/renderer/item/CompositeModel	63	70
	37	42
	38	44
	39	45
	40	47
	44	52
	49	57
	50	58
	20	20
	52	60
	21	21
	56	64
	25	33
	57	65
	27	34
	59	67
	28	36
	60	68
	29	37
	61	69
	31	39
	63	70
net/minecraft/client/renderer/entity/state/package-info	0	0
com/mojang/blaze3d/platform/InputConstants	497	471
	186	299
	187	300
	189	302
	190	303
	193	307
	194	308
	196	311
	199	320
	200	321
	201	322
	206	342
	208	343
	209	344
	210	345
	211	346
	212	347
	213	348
	214	349
	215	350
	217	351
	218	352
	219	353
	220	354
	221	355
	222	356
	223	357
	224	358
	225	359
	226	360
	228	361
	229	362
	230	363
	231	364
	232	365
	233	366
	234	367
	235	368
	236	369
	237	370
	238	371
	239	372
	240	373
	241	374
	242	375
	243	376
	244	377
	245	378
	246	379
	247	380
	248	381
	249	382
	250	383
	251	384
	252	385
	253	386
	255	387
	256	388
	257	389
	258	390
	259	391
	260	392
	261	393
	262	394
	263	395
	264	396
	265	397
	266	398
	267	399
	268	400
	269	401
	270	402
	271	403
	272	404
	273	405
	274	406
	275	407
	276	408
	277	409
	278	410
	279	411
	281	412
	282	413
	283	414
	284	415
	285	416
	286	417
	287	418
	288	419
	289	420
	290	421
	291	422
	292	423
	293	424
	294	425
	295	426
	296	427
	297	428
	298	429
	300	430
	301	431
	302	432
	303	433
	305	434
	306	435
	307	436
	308	437
	309	438
	310	439
	311	440
	312	441
	313	442
	314	443
	315	444
	316	445
	317	446
	319	447
	320	448
	321	449
	322	450
	323	451
	324	452
	325	453
	326	454
	328	455
	329	456
	331	457
	332	458
	333	459
	334	460
	335	461
	336	462
	337	463
	339	464
	340	465
	341	466
	343	467
	344	468
	345	469
	346	470
	347	471
	356	325
	357	326
	358	327
	361	330
	362	331
	363	332
	364	333
	367	336
	368	337
	382	246
	383	247
	384	248
	386	249
	387	250
	388	251
	391	254
	395	258
	399	262
	403	266
	407	270
	408	271
	410	273
	411	273
	413	273
	418	278
	419	279
	421	280
	422	284
	424	281
	425	282
	430	289
	435	293
	440	170
	441	170
	443	170
	447	174
	448	175
	451	177
	452	178
	453	179
	454	180
	455	181
	456	182
	458	185
	461	189
	465	194
	469	204
	472	205
	473	206
	474	207
	475	208
	478	217
	479	218
	480	219
	481	220
	482	221
	485	224
	486	225
	487	226
	490	229
	494	233
	495	234
	497	236
net/minecraft/client/renderer/WeatherEffectRenderer	253	228
	55	52
	56	53
	57	54
	58	55
	59	56
	60	57
	61	58
	64	61
	67	64
	68	65
	69	95
	72	66
	73	67
	74	68
	75	69
	77	70
	78	71
	80	73
	81	74
	82	75
	83	76
	84	77
	85	78
	89	79
	90	80
	94	81
	95	82
	98	83
	99	84
	101	85
	102	86
	103	87
	104	88
	108	95
	111	98
	112	99
	113	100
	116	103
	117	104
	118	105
	119	106
	121	109
	123	112
	124	113
	128	117
	129	118
	130	160
	133	119
	134	120
	135	121
	137	122
	138	123
	139	124
	141	125
	147	132
	148	133
	150	134
	151	135
	153	137
	154	138
	155	139
	156	140
	157	141
	161	145
	163	149
	164	150
	166	151
	167	152
	169	153
	171	154
	172	155
	174	156
	175	157
	177	160
	181	165
	182	166
	183	167
	184	168
	185	169
	187	170
	192	176
	193	177
	195	178
	196	179
	197	180
	199	181
	200	181
	201	181
	204	182
	211	193
	212	221
	215	194
	216	196
	217	197
	218	198
	219	199
	221	200
	222	201
	224	202
	225	203
	226	204
	228	205
	229	206
	230	207
	231	208
	232	209
	233	210
	235	211
	236	212
	237	213
	238	214
	240	215
	241	216
	242	217
	243	218
	245	221
	249	224
	250	225
	251	226
	253	228
net/minecraft/client/model/geom/LayerDefinitions	555	560
	512	515
	513	516
	514	517
	515	518
	516	519
	517	520
	518	521
	519	522
	520	526
	521	529
	522	530
	523	531
	524	532
	526	533
	527	534
	529	535
	530	536
	531	537
	532	538
	533	539
	534	540
	535	541
	536	542
	537	543
	538	544
	539	545
	540	546
	541	547
	542	548
	543	549
	544	550
	545	551
	546	552
	547	553
	548	554
	550	555
	551	556
	552	557
	553	558
	555	560
	175	171
	177	172
	178	174
	179	178
	180	180
	181	182
	182	186
	183	187
	184	188
	185	189
	186	190
	187	191
	188	192
	189	193
	190	194
	191	195
	192	196
	193	197
	194	198
	195	199
	196	200
	197	201
	198	202
	199	203
	200	204
	201	205
	202	206
	203	207
	204	208
	205	209
	206	210
	207	211
	208	212
	209	213
	210	214
	211	215
	212	216
	213	217
	214	218
	215	219
	216	220
	217	221
	218	222
	219	223
	220	224
	221	225
	222	226
	223	227
	224	228
	225	229
	226	230
	227	231
	228	232
	229	233
	230	234
	231	235
	232	236
	233	237
	234	238
	235	239
	236	240
	237	241
	238	242
	239	243
	240	244
	241	245
	242	246
	243	247
	244	248
	245	249
	246	250
	247	251
	248	252
	249	253
	251	254
	252	255
	253	256
	254	257
	255	258
	256	259
	257	260
	258	261
	259	262
	260	263
	261	264
	262	265
	263	266
	264	267
	265	268
	266	269
	267	270
	268	271
	269	272
	270	273
	271	274
	272	275
	273	276
	274	277
	275	278
	276	279
	277	280
	278	281
	279	282
	280	283
	281	284
	282	285
	283	286
	284	287
	285	288
	286	289
	287	290
	288	291
	289	292
	290	293
	291	294
	292	295
	293	296
	294	297
	295	298
	296	299
	297	300
	298	301
	299	302
	300	303
	301	304
	302	305
	303	306
	304	307
	305	308
	306	309
	307	310
	308	311
	309	312
	310	313
	311	314
	312	315
	313	316
	314	317
	315	318
	316	319
	317	320
	318	321
	319	322
	320	323
	321	324
	322	325
	323	326
	324	327
	325	328
	326	329
	327	330
	328	331
	329	332
	330	333
	331	334
	332	335
	333	336
	334	337
	335	338
	336	339
	337	340
	338	341
	339	342
	340	343
	341	344
	342	345
	343	346
	344	347
	345	348
	346	349
	347	350
	348	351
	349	352
	350	353
	351	354
	352	355
	353	356
	354	357
	355	358
	356	359
	357	360
	358	361
	359	362
	360	363
	361	364
	362	365
	363	366
	364	367
	365	368
	366	369
	367	370
	368	371
	369	372
	370	373
	371	374
	372	375
	373	376
	374	377
	375	378
	376	379
	377	380
	378	381
	379	382
	380	383
	381	384
	382	385
	383	386
	384	387
	385	388
	386	389
	387	390
	388	391
	389	392
	390	393
	391	394
	392	395
	393	396
	394	397
	395	398
	396	399
	397	400
	398	401
	399	402
	400	403
	401	404
	402	405
	403	406
	404	407
	405	408
	406	409
	407	410
	408	411
	409	412
	410	413
	411	414
	412	415
	413	416
	414	417
	415	418
	416	419
	417	420
	418	421
	419	422
	420	423
	421	424
	422	425
	423	426
	424	427
	425	428
	426	429
	427	430
	428	431
	429	432
	430	433
	431	434
	432	435
	433	436
	434	437
	435	438
	436	439
	437	440
	438	441
	439	442
	440	443
	441	444
	442	445
	443	446
	444	447
	445	448
	446	449
	447	450
	448	451
	449	452
	450	453
	451	454
	452	455
	453	456
	454	457
	455	458
	456	459
	457	460
	458	461
	459	462
	460	463
	461	464
	462	465
	463	466
	464	467
	465	468
	466	469
	467	470
	468	471
	469	472
	470	473
	471	474
	472	475
	473	476
	474	477
	475	478
	476	479
	477	480
	478	481
	479	482
	480	483
	481	484
	482	485
	483	486
	484	487
	485	488
	486	489
	487	490
	488	491
	489	492
	490	493
	491	494
	492	495
	493	496
	494	497
	495	498
	496	499
	497	500
	498	501
	499	502
	500	503
	501	504
	502	505
	503	506
	504	507
	505	508
	506	509
	507	510
	508	511
	509	512
	510	513
	511	514
net/minecraft/client/renderer/block/BlockAndTintGetter	55	49
	50	45
	35	33
	20	19
	55	49
	40	37
	25	23
	45	41
	30	28
com/mojang/realmsclient/exception/RealmsHttpException	6	6
	5	5
	6	6
net/minecraft/client/gui/screens/inventory/MinecartCommandBlockEditScreen	33	35
	16	16
	32	32
	33	35
	21	21
	26	26
	11	11
	27	27
	12	12
	28	28
net/minecraft/client/renderer/special/CopperGolemStatueSpecialRenderer	69	74
	32	52
	66	41
	67	42
	35	56
	68	43
	36	57
	69	44
	40	61
	45	65
	46	66
	50	70
	51	71
	52	72
	53	73
	54	74
	24	23
	25	24
	26	25
	61	36
	29	47
	62	37
	30	49
	31	50
net/minecraft/client/renderer/blockentity/state/LecternRenderState	0	0
net/minecraft/client/model/monster/strider/StriderModel	66	58
	64	56
	65	57
	66	58
	24	16
	25	17
	26	18
	27	19
	28	20
	32	23
	34	24
	35	25
	37	26
	38	27
	39	28
	41	30
	42	31
	45	34
	47	35
	48	36
	50	37
	51	38
	53	39
	54	40
	59	52
	60	53
	61	54
	63	55
net/minecraft/client/multiplayer/RegistryDataCollector	184	190
	128	127
	130	129
	131	131
	132	132
	133	133
	134	133
	135	133
	136	134
	138	136
	141	139
	142	140
	143	141
	145	143
	146	144
	149	147
	150	148
	151	149
	153	151
	154	152
	159	158
	161	159
	164	161
	165	162
	38	42
	39	43
	167	165
	42	46
	170	168
	43	47
	171	169
	172	170
	46	50
	47	51
	50	54
	51	55
	179	185
	180	186
	183	189
	184	190
	58	177
	59	178
	63	60
	64	61
	69	67
	70	68
	72	69
	73	70
	75	71
	76	72
	77	73
	78	74
	79	84
	82	75
	83	76
	84	77
	85	78
	88	80
	89	81
	93	84
	96	87
	99	91
	100	93
	101	96
	102	97
	103	98
	104	99
	105	100
	106	101
	109	104
	110	104
	111	104
	114	105
	115	106
	119	112
	120	113
	121	115
	122	116
	123	117
	124	119
	125	122
	126	123
	127	124
net/minecraft/client/renderer/fog/environment/MobEffectFogEnvironment	25	25
	20	20
	25	25
	15	15
net/minecraft/client/renderer/entity/state/HappyGhastRenderState	0	0
com/mojang/realmsclient/util/task/RealmCreationTask	41	38
	32	29
	33	30
	34	31
	35	32
	37	34
	41	38
	19	17
	20	18
	21	19
	22	20
	26	23
	29	26
	30	27
	31	28
net/minecraft/client/gui/screens/friends/FriendsOverlayScreen	314	359
	258	289
	259	290
	260	291
	263	294
	264	295
	265	296
	266	345
	268	298
	269	299
	270	300
	271	310
	272	309
	273	316
	274	314
	275	315
	278	321
	279	322
	280	323
	281	324
	282	329
	283	332
	284	333
	285	334
	288	339
	290	340
	291	341
	292	342
	294	345
	299	348
	300	349
	301	350
	304	354
	305	355
	306	356
	307	356
	312	357
	313	358
	314	359
	63	66
	64	67
	65	68
	66	69
	70	73
	71	74
	72	75
	74	78
	75	79
	79	83
	80	84
	81	85
	84	88
	85	91
	87	89
	88	91
	92	95
	93	96
	96	99
	98	100
	99	101
	100	102
	101	103
	102	104
	103	105
	104	106
	105	107
	106	108
	108	109
	109	110
	110	111
	111	112
	112	113
	115	116
	120	121
	121	122
	123	125
	124	126
	125	127
	126	128
	127	129
	128	130
	129	131
	130	132
	134	136
	135	137
	136	138
	140	142
	141	143
	142	144
	143	145
	144	146
	145	147
	147	149
	150	152
	152	155
	153	156
	154	157
	155	158
	156	160
	159	163
	160	164
	161	165
	163	167
	166	170
	167	171
	169	173
	173	177
	174	178
	175	179
	176	180
	177	181
	178	184
	179	185
	181	182
	186	191
	187	195
	188	196
	190	193
	195	202
	196	203
	199	206
	200	207
	202	208
	204	210
	205	211
	206	212
	207	214
	208	217
	209	220
	210	223
	211	226
	212	229
	215	232
	216	233
	217	234
	219	236
	222	239
	223	240
	224	241
	227	244
	228	245
	229	246
	230	247
	232	248
	233	249
	235	251
	236	253
	237	254
	238	256
	239	257
	240	258
	241	259
	244	263
	245	264
	246	265
	247	273
	248	274
	249	277
	250	278
	251	279
	252	280
	254	285
	255	286
net/minecraft/client/animation/KeyframeAnimations	24	15
	24	15
	9	7
	13	11
com/mojang/blaze3d/vulkan/glsl/SpvcUtil	20	16
	16	12
	17	13
	18	14
	19	15
	20	16
	9	5
	12	8
	13	9
	14	10
	15	11
net/minecraft/client/model/animal/dolphin/package-info	0	0
net/minecraft/client/model/monster/warden/WardenModel	240	189
	43	39
	45	40
	46	41
	47	42
	48	43
	49	44
	50	45
	51	46
	52	47
	53	48
	54	49
	55	50
	57	51
	58	52
	59	53
	60	54
	61	55
	62	56
	63	57
	66	60
	67	61
	69	62
	70	62
	71	62
	73	63
	74	64
	75	64
	76	64
	78	66
	79	67
	80	67
	83	69
	84	71
	85	71
	86	72
	89	74
	90	75
	91	75
	92	75
	95	77
	96	78
	97	78
	98	78
	101	80
	102	81
	103	81
	104	81
	107	83
	108	84
	109	84
	110	84
	113	86
	114	87
	115	87
	116	87
	119	89
	120	90
	121	90
	122	90
	125	92
	126	93
	127	93
	128	93
	131	95
	135	99
	136	100
	137	101
	142	106
	143	107
	144	108
	149	113
	150	114
	151	115
	156	120
	157	121
	158	122
	164	127
	167	128
	168	129
	169	130
	170	131
	173	132
	174	133
	175	134
	176	135
	177	136
	178	137
	179	138
	182	141
	183	142
	184	143
	187	146
	188	147
	189	148
	192	149
	193	150
	195	151
	196	152
	197	153
	200	156
	201	157
	202	158
	203	159
	204	160
	206	161
	207	162
	209	163
	210	164
	212	165
	213	166
	215	167
	216	168
	218	169
	219	170
	221	171
	222	172
	225	175
	226	176
	227	177
	228	178
	230	179
	231	180
	232	181
	233	182
	234	183
	237	186
	238	187
	239	188
	240	189
net/minecraft/client/renderer/entity/ChickenRenderer	62	68
	32	36
	33	40
	39	47
	40	51
	42	48
	43	49
	44	51
	48	54
	53	60
	26	27
	58	64
	27	28
	59	65
	28	29
	60	66
	61	67
	62	68
	31	33
net/minecraft/client/renderer/entity/state/EnderDragonRenderState	38	36
	32	30
	33	31
	35	33
	22	21
	38	36
	27	26
	28	27
	29	28
	30	29
com/mojang/realmsclient/dto/RealmsNotification	192	196
	138	107
	139	108
	140	109
	141	110
	142	111
	143	112
	146	115
	147	116
	148	117
	149	118
	150	119
	154	124
	155	125
	156	126
	157	127
	159	129
	160	130
	161	131
	162	132
	163	133
	164	134
	165	135
	166	136
	167	137
	168	138
	170	140
	44	39
	172	142
	45	40
	173	143
	46	41
	174	144
	47	42
	48	43
	176	147
	177	148
	178	149
	51	46
	179	150
	180	151
	181	152
	55	50
	59	54
	190	162
	63	58
	191	163
	192	164
	65	61
	66	61
	67	62
	69	64
	70	65
	72	68
	76	72
	77	73
	78	74
	80	76
	81	77
	82	78
	84	79
	85	81
	86	82
	87	83
	88	84
	102	177
	103	178
	104	179
	105	180
	106	181
	109	184
	110	185
	111	186
	112	187
	116	191
	120	195
	121	196
net/minecraft/client/model/object/skull/SkullModelBase	10	10
	9	9
	10	10
net/minecraft/client/particle/SpellParticle	129	164
	128	91
	129	92
	19	20
	20	21
	21	22
	22	23
	23	24
	24	25
	25	26
	26	27
	27	28
	30	31
	32	32
	34	33
	35	34
	37	35
	38	36
	40	38
	44	42
	49	47
	50	48
	52	49
	53	50
	55	52
	57	54
	61	58
	62	59
	63	60
	66	63
	67	64
	68	65
	75	125
	76	126
	80	139
	88	100
	89	101
	93	114
	95	115
	96	116
	97	117
	105	147
	106	148
	110	161
	111	162
	112	163
	113	164
	121	75
	122	76
	126	89
	127	90
net/minecraft/client/renderer/entity/layers/WitherArmorLayer	38	35
	17	16
	33	31
	18	17
	19	18
	38	35
	23	21
	28	26
net/minecraft/client/model/BabyModelTransform	46	36
	32	24
	33	25
	34	26
	35	27
	37	28
	40	30
	41	31
	42	32
	43	33
	46	36
	23	15
	24	16
	27	19
	28	20
net/minecraft/client/model/geom/EntityModelSet	26	25
	18	16
	19	17
	20	18
	22	20
	26	25
	14	12
	15	13
net/minecraft/client/multiplayer/PlayerInfo	120	122
	64	63
	65	64
	66	65
	69	68
	73	72
	77	76
	78	77
	81	80
	85	84
	86	85
	89	88
	90	89
	92	92
	30	30
	31	31
	32	32
	96	97
	35	35
	100	101
	101	102
	38	36
	39	37
	104	106
	43	41
	108	110
	109	111
	47	46
	112	114
	51	50
	116	118
	117	119
	55	54
	120	122
	59	58
	60	59
	61	60
com/mojang/blaze3d/vertex/package-info	0	0
net/minecraft/client/resources/sounds/SnifferSoundInstance	42	36
	32	34
	33	36
	36	28
	37	29
	38	30
	40	31
	41	32
	42	36
	15	13
	17	14
	19	15
	20	16
	21	17
	22	18
	26	22
	31	27
net/minecraft/client/gui/components/events/AbstractContainerEventHandler	41	39
	16	12
	32	39
	34	29
	35	30
	21	17
	37	33
	22	18
	38	34
	40	37
	41	39
	26	23
	31	28
net/minecraft/client/model/animal/pig/PigModel	38	35
	33	30
	34	32
	35	32
	36	33
	22	20
	38	35
	23	21
	26	24
	30	28
	31	29
net/minecraft/client/gui/components/toasts/RecipeToast	87	83
	65	64
	66	65
	69	68
	70	69
	71	70
	74	73
	76	74
	77	75
	78	76
	81	79
	83	80
	84	81
	86	82
	87	83
	30	27
	34	31
	39	36
	40	37
	41	38
	43	41
	44	42
	46	44
	48	49
	49	52
	53	56
	55	57
	56	58
	58	59
	60	60
	61	61
	62	62
	63	63
net/minecraft/client/gui/screens/inventory/tooltip/ClientActivePlayersTooltip	51	50
	33	30
	34	32
	35	33
	36	34
	37	35
	40	39
	45	44
	46	45
	47	46
	48	47
	49	48
	19	16
	51	50
	20	17
	24	21
	28	25
net/minecraft/client/GraphicsPreset	117	116
	25	24
	26	25
	27	26
	31	29
	35	33
	39	37
	40	38
	41	39
	43	41
	44	42
	45	43
	46	44
	47	45
	48	46
	49	47
	50	48
	51	49
	52	50
	53	51
	54	52
	55	53
	56	54
	57	55
	58	56
	59	57
	60	58
	61	59
	63	62
	64	63
	65	64
	66	65
	67	66
	68	67
	69	68
	70	69
	71	70
	72	71
	73	72
	74	73
	75	74
	76	75
	77	76
	78	77
	79	78
	80	79
	81	80
	83	83
	84	84
	85	85
	86	86
	87	87
	88	88
	89	89
	90	90
	91	91
	92	92
	93	93
	94	94
	95	95
	96	96
	97	97
	98	98
	99	99
	101	100
	102	101
	104	103
	108	107
	111	110
	112	111
	113	112
	114	113
	117	116
net/minecraft/client/renderer/blockentity/state/ShulkerBoxRenderState	0	0
com/mojang/realmsclient/dto/RegionDataDto	0	0
net/minecraft/client/particle/LargeSmokeParticle	21	32
	16	18
	17	19
	21	32
	9	11
	10	12
net/minecraft/client/gui/font/GlyphRenderTypes	38	25
	17	12
	18	13
	19	13
	35	22
	20	13
	36	23
	37	24
	38	25
	26	18
	27	18
	28	18
	29	18
net/minecraft/client/multiplayer/ServerStatusPinger	246	234
	50	50
	58	59
	59	60
	60	60
	61	60
	62	61
	63	62
	64	166
	67	64
	69	65
	71	66
	73	67
	74	68
	76	76
	83	79
	84	80
	85	128
	87	82
	88	83
	89	84
	91	85
	92	86
	93	87
	94	88
	95	89
	96	90
	97	91
	99	92
	100	93
	101	94
	103	95
	104	96
	105	98
	107	100
	108	101
	110	103
	112	106
	114	109
	115	110
	117	113
	119	115
	121	117
	122	117
	123	117
	125	118
	126	119
	127	120
	128	121
	130	123
	132	124
	133	125
	134	126
	135	128
	139	132
	140	133
	141	134
	142	135
	148	140
	149	141
	150	142
	152	143
	154	144
	155	145
	159	148
	160	149
	161	150
	163	152
	167	155
	172	160
	173	161
	174	162
	175	163
	177	166
	180	169
	181	170
	182	171
	183	172
	186	177
	187	177
	188	177
	189	180
	193	185
	194	186
	197	189
	199	190
	200	191
	201	192
	202	193
	203	194
	204	195
	206	196
	208	197
	209	197
	210	198
	213	201
	214	202
	215	203
	219	207
	220	208
	221	210
	222	211
	224	212
	225	213
	227	215
	228	216
	232	220
	235	223
	236	224
	237	226
	238	227
	240	228
	241	229
	242	230
	246	234
net/minecraft/client/renderer/feature/RenderTypeFeatureRenderer	89	90
	66	67
	67	68
	68	69
	71	72
	72	73
	73	74
	75	77
	80	81
	81	82
	82	83
	83	84
	85	86
	86	87
	23	23
	87	88
	88	89
	89	90
	27	27
	32	32
	33	33
	34	34
	35	35
	36	36
	40	40
	41	42
	42	43
	43	44
	44	45
	45	46
	48	49
	52	53
	53	54
net/minecraft/client/gui/screens/reporting/ChatReportScreen	88	85
	65	66
	66	67
	67	68
	69	70
	72	73
	73	74
	74	75
	76	77
	78	80
	79	81
	85	85
	86	85
	88	85
	27	24
	28	25
	31	28
	32	29
	35	32
	36	33
	40	38
	41	40
	42	41
	43	42
	44	43
	45	45
	47	48
	48	49
	50	50
	51	51
	52	52
	53	54
	54	56
	56	57
	57	58
	58	59
	59	60
	60	61
	61	62
com/mojang/realmsclient/dto/RealmsWorldOptions	121	123
	64	65
	65	66
	66	67
	70	72
	74	77
	75	78
	76	79
	80	83
	81	84
	84	87
	85	88
	86	89
	88	91
	89	92
	93	97
	94	98
	96	101
	97	102
	99	105
	100	106
	102	108
	105	111
	106	112
	107	112
	44	35
	110	112
	47	46
	48	47
	112	114
	49	48
	50	49
	51	50
	52	51
	53	52
	117	119
	54	53
	57	56
	121	123
	61	62
	62	63
	63	64
net/minecraft/client/gui/screens/dialog/ButtonListDialogScreen	41	35
	33	33
	18	17
	19	18
	35	34
	36	34
	37	34
	23	23
	25	24
	41	35
	26	25
	27	26
net/minecraft/client/model/effects/package-info	0	0
net/minecraft/client/model/monster/phantom/package-info	0	0
net/minecraft/client/gui/screens/inventory/BlastFurnaceScreen	29	26
	28	25
	29	26
net/minecraft/client/particle/BubbleParticle	61	65
	12	14
	13	15
	15	16
	17	17
	18	18
	19	19
	21	20
	22	21
	26	25
	27	26
	28	27
	30	28
	31	29
	32	40
	35	31
	36	32
	37	33
	38	34
	39	35
	41	36
	42	37
	44	40
	48	44
	55	51
	56	52
	60	65
	61	65
com/mojang/blaze3d/preprocessor/package-info	0	0
com/mojang/realmsclient/client/worldupload/RealmsCreateWorldFlow	106	133
	65	82
	66	83
	68	85
	70	88
	73	91
	74	92
	76	95
	77	96
	79	98
	81	101
	83	104
	85	106
	87	109
	90	117
	91	118
	92	119
	95	122
	97	123
	98	124
	99	125
	100	126
	101	127
	102	128
	103	129
	40	48
	104	130
	106	133
	43	52
	44	53
	45	54
	46	55
	47	56
	49	60
	50	62
	51	64
	52	66
	54	69
	55	70
	57	73
	58	74
	59	75
	60	76
	62	79
	63	80
net/minecraft/client/renderer/item/ItemModels	22	27
	16	21
	17	22
	18	23
	19	24
	20	25
	21	26
	22	27
	11	16
	14	19
	15	20
com/mojang/blaze3d/systems/GpuSurfaceBackend	0	0
net/minecraft/client/gui/screens/inventory/CrafterScreen	126	129
	27	27
	28	28
	29	29
	33	33
	34	34
	35	35
	39	39
	40	40
	42	42
	43	43
	44	44
	45	45
	49	49
	50	50
	51	51
	57	56
	58	57
	61	60
	62	61
	65	64
	66	65
	69	68
	70	69
	71	70
	72	71
	73	72
	77	76
	78	77
	79	78
	81	80
	83	83
	84	84
	85	85
	86	86
	89	89
	91	91
	94	94
	95	95
	99	99
	100	100
	102	101
	103	103
	104	106
	106	108
	109	111
	110	112
	112	114
	113	115
	115	117
	117	120
	118	121
	122	125
	123	126
	124	127
	125	128
	126	129
com/mojang/realmsclient/dto/OutboundPlayer	0	0
net/minecraft/client/renderer/entity/player/package-info	0	0
net/minecraft/client/renderer/item/properties/select/SelectItemModelProperties	22	28
	16	22
	17	23
	18	24
	19	25
	20	26
	21	27
	22	28
	12	18
	13	19
	14	20
	15	21
net/minecraft/client/model/monster/warden/package-info	0	0
net/minecraft/client/renderer/blockentity/state/package-info	0	0
net/minecraft/client/renderer/item/properties/select/Charge	41	37
	36	32
	21	22
	22	23
	23	24
	41	37
	26	26
	27	26
	31	26
net/minecraft/client/gui/components/AbstractTextAreaWidget	128	140
	128	140
	65	74
	67	75
	68	76
	69	77
	71	80
	74	83
	77	86
	81	90
	19	23
	20	24
	23	36
	87	95
	24	37
	25	38
	26	39
	92	105
	30	43
	31	44
	97	110
	36	49
	37	50
	101	114
	38	51
	102	115
	39	52
	40	53
	41	54
	105	118
	42	55
	106	119
	107	120
	45	59
	110	123
	50	64
	51	80
	54	65
	118	131
	55	66
	58	69
	122	135
	60	70
	61	71
	62	72
	63	73
net/minecraft/client/renderer/entity/player/AvatarRenderer	315	298
	256	255
	257	256
	258	257
	259	258
	260	259
	261	260
	262	261
	266	264
	267	265
	269	266
	270	267
	272	268
	274	269
	275	270
	278	273
	279	274
	281	276
	282	277
	286	278
	289	279
	290	280
	292	281
	294	282
	297	285
	299	287
	304	290
	305	291
	50	50
	306	291
	52	51
	308	291
	53	54
	54	55
	311	293
	56	58
	57	59
	58	60
	59	61
	315	298
	60	62
	61	63
	62	64
	63	65
	64	66
	65	67
	69	70
	74	74
	75	75
	76	75
	79	75
	83	79
	84	80
	86	81
	87	82
	90	83
	91	84
	94	87
	95	87
	97	87
	103	91
	104	92
	107	93
	108	94
	111	96
	112	97
	113	98
	114	99
	115	102
	116	103
	117	106
	118	107
	119	110
	120	111
	121	114
	122	115
	123	118
	124	119
	125	122
	126	123
	127	126
	128	127
	131	131
	132	132
	133	133
	135	135
	136	135
	138	135
	143	141
	148	145
	149	146
	150	147
	154	152
	155	153
	156	154
	157	155
	158	156
	162	159
	167	163
	168	164
	169	165
	170	166
	171	167
	172	168
	173	169
	174	170
	175	171
	176	172
	177	173
	178	174
	179	175
	180	176
	181	177
	182	178
	183	179
	185	180
	186	181
	187	182
	188	183
	190	184
	191	185
	192	186
	193	187
	194	188
	197	191
	201	194
	205	199
	206	200
	207	201
	208	202
	209	203
	210	204
	211	205
	212	206
	214	208
	215	209
	217	211
	220	214
	221	215
	222	216
	223	217
	225	218
	227	219
	228	220
	230	221
	231	222
	232	223
	233	224
	234	225
	235	226
	236	227
	238	228
	239	229
	240	230
	241	231
	244	236
	245	237
	248	242
	249	243
	254	253
	255	254
com/mojang/realmsclient/gui/screens/RealmsBrokenWorldScreen	235	267
	59	51
	60	52
	61	53
	62	54
	66	58
	68	59
	70	60
	71	61
	73	63
	75	65
	79	70
	83	75
	84	76
	85	77
	88	79
	89	81
	90	82
	91	86
	92	88
	94	91
	95	94
	96	95
	97	95
	100	97
	103	102
	104	103
	105	104
	108	107
	110	109
	114	113
	115	114
	119	118
	121	119
	123	121
	124	122
	127	125
	128	158
	131	126
	132	127
	133	128
	135	142
	138	158
	141	161
	145	165
	149	169
	150	169
	151	169
	152	170
	153	171
	154	172
	155	173
	156	174
	159	193
	160	179
	162	180
	163	182
	166	185
	167	186
	168	187
	169	188
	170	189
	173	195
	174	196
	177	199
	180	202
	181	203
	182	204
	183	205
	185	206
	186	207
	188	209
	190	211
	191	212
	192	213
	193	214
	194	215
	196	217
	200	221
	201	222
	204	225
	210	242
	211	243
	212	244
	213	245
	214	246
	215	247
	216	248
	217	249
	218	250
	219	251
	221	253
	224	256
	225	257
	226	258
	227	259
	229	261
	230	262
	231	263
	234	266
	235	267
net/minecraft/client/gui/screens/RecoverWorldDataScreen	175	159
	128	107
	129	108
	130	109
	131	112
	132	113
	133	114
	134	115
	135	116
	136	117
	137	118
	139	120
	141	123
	146	130
	147	132
	148	133
	150	131
	155	139
	156	140
	157	141
	161	145
	162	146
	163	147
	164	148
	165	149
	169	153
	174	158
	175	159
	54	50
	55	51
	56	52
	57	53
	58	54
	59	55
	60	56
	61	57
	62	58
	63	59
	64	60
	65	61
	66	62
	68	63
	70	64
	71	65
	72	66
	74	67
	75	68
	76	68
	78	68
	80	68
	81	68
	83	69
	84	70
	86	70
	88	71
	89	72
	90	73
	92	76
	93	77
	94	77
	96	77
	98	77
	99	77
	102	78
	103	79
	107	82
	108	83
	109	84
	110	94
	111	99
	112	101
	114	85
	115	86
	116	87
	117	88
	119	90
	121	92
	122	101
	125	104
	126	105
net/minecraft/client/gui/contextualbar/package-info	0	0
net/minecraft/client/particle/GustSeedParticle	49	59
	33	35
	42	43
	43	44
	44	45
	45	46
	14	15
	15	16
	16	17
	17	18
	49	59
	18	19
	22	23
	23	24
	24	25
	25	26
	26	27
	27	28
	30	32
	31	33
com/mojang/blaze3d/GpuDeviceLossException	6	6
	5	5
	6	6
com/mojang/blaze3d/font/UnbakedGlyph	0	0
net/minecraft/client/gui/screens/MultiplayerOptionsScreen	276	286
	256	255
	258	257
	259	258
	261	260
	262	261
	263	262
	270	269
	271	270
	272	271
	273	272
	274	273
	275	274
	276	286
	56	57
	57	58
	58	59
	62	63
	63	64
	64	65
	65	146
	68	67
	70	68
	71	69
	72	70
	73	71
	74	73
	75	74
	76	75
	77	76
	78	77
	79	78
	80	79
	83	81
	84	82
	85	83
	86	84
	87	85
	90	88
	91	89
	92	90
	93	91
	95	94
	96	95
	98	98
	99	99
	101	101
	102	102
	104	103
	105	104
	106	105
	107	106
	108	107
	109	108
	110	109
	111	110
	113	113
	114	114
	115	115
	116	116
	118	117
	119	118
	120	119
	122	120
	123	121
	124	122
	125	123
	126	125
	127	126
	128	127
	129	128
	130	129
	132	131
	133	132
	134	133
	135	134
	136	135
	137	136
	138	137
	139	138
	141	139
	142	140
	143	141
	144	142
	145	143
	146	144
	147	146
	150	149
	151	150
	152	151
	153	152
	154	153
	156	156
	157	157
	158	158
	159	159
	160	160
	161	161
	164	165
	165	166
	166	166
	167	166
	169	168
	172	171
	173	181
	175	172
	176	173
	177	174
	178	175
	180	177
	181	178
	183	181
	186	184
	187	185
	189	188
	190	189
	192	192
	193	193
	196	196
	197	197
	199	199
	202	202
	206	206
	212	210
	215	213
	219	217
	220	218
	221	219
	222	226
	224	221
	225	222
	226	223
	227	224
	228	226
	231	229
	232	230
	233	231
	234	232
	238	236
	239	237
	243	241
	244	242
	247	246
	248	247
	249	248
	252	251
	253	252
	254	253
	255	254
net/minecraft/client/model/monster/illager/package-info	0	0
net/minecraft/client/renderer/MapRenderer	102	102
	31	29
	32	30
	33	31
	37	40
	38	41
	39	42
	40	43
	41	44
	42	45
	44	46
	45	48
	46	49
	49	50
	50	51
	51	52
	52	53
	53	54
	55	55
	56	56
	57	57
	58	58
	59	59
	60	60
	61	61
	62	62
	63	63
	65	64
	68	67
	69	68
	70	69
	71	70
	73	71
	74	72
	75	73
	76	74
	77	75
	78	77
	81	80
	83	83
	86	86
	87	87
	89	89
	90	90
	92	92
	95	95
	96	96
	97	97
	98	98
	99	99
	100	100
	101	101
	102	102
net/minecraft/client/renderer/entity/layers/CapeLayer	63	67
	32	34
	33	35
	34	39
	36	36
	37	37
	42	51
	43	67
	46	52
	47	53
	48	67
	51	54
	52	67
	55	55
	56	56
	57	57
	26	28
	27	29
	28	30
	60	60
	29	31
	62	63
	63	67
net/minecraft/client/model/animal/turtle/AdultTurtleModel	77	61
	64	53
	66	55
	67	56
	68	56
	69	56
	71	58
	72	59
	73	59
	74	59
	77	61
	21	17
	22	18
	23	19
	27	23
	28	24
	30	25
	31	26
	33	28
	36	31
	37	32
	39	33
	40	33
	41	33
	42	33
	44	34
	45	36
	46	37
	47	39
	48	41
	50	43
	51	45
	52	45
	53	46
	55	48
	56	49
	57	50
	58	50
	59	50
	61	52
	62	53
	63	53
net/minecraft/client/gui/components/PlainTextButton	26	26
	16	16
	17	17
	18	18
	19	19
	20	20
	24	24
	25	25
	26	26
net/minecraft/client/model/geom/ModelLayerLocation	8	7
	8	7
net/minecraft/client/multiplayer/LegacyServerPinger	78	69
	64	56
	65	57
	66	58
	68	59
	72	63
	73	64
	77	68
	78	69
	21	19
	22	20
	23	21
	27	25
	28	26
	30	29
	31	30
	35	31
	36	32
	37	33
	38	34
	39	35
	40	36
	41	37
	42	38
	43	39
	44	40
	46	41
	47	42
	48	43
	49	44
	51	46
	55	49
	57	50
	58	51
	59	52
	61	53
	62	54
	63	55
net/minecraft/client/multiplayer/prediction/package-info	0	0
net/minecraft/client/sounds/SoundEventListener	0	0
net/minecraft/client/particle/WaterDropParticle	73	77
	68	63
	69	64
	73	77
	12	12
	13	13
	14	14
	15	15
	17	16
	18	17
	20	18
	21	19
	25	23
	30	28
	31	29
	32	30
	34	31
	35	32
	36	57
	39	34
	40	35
	41	36
	42	37
	43	38
	45	39
	46	40
	47	41
	49	44
	50	45
	53	48
	54	49
	55	50
	56	51
	59	53
	60	54
	62	57
net/minecraft/client/gui/components/ImageButton	29	31
	17	17
	18	18
	21	23
	22	24
	23	25
	27	29
	28	30
	13	13
	29	31
	14	14
com/mojang/blaze3d/resource/ResourceHandle	10	9
	5	5
	10	9
com/mojang/realmsclient/dto/WorldDownload	29	23
	18	13
	20	16
	21	17
	22	18
	23	19
	25	21
	26	22
	29	23
net/minecraft/client/model/animal/rabbit/BabyRabbitModel	104	72
	15	13
	20	14
	23	17
	24	18
	26	19
	27	19
	28	19
	30	20
	31	22
	32	22
	33	23
	35	25
	36	25
	37	25
	39	26
	40	28
	41	28
	42	29
	44	31
	45	32
	46	32
	47	32
	49	34
	50	35
	51	35
	52	35
	54	37
	55	37
	56	37
	57	37
	59	38
	60	38
	61	38
	63	39
	64	40
	65	40
	67	42
	68	44
	69	44
	70	45
	72	47
	73	48
	74	48
	76	50
	77	52
	78	52
	79	53
	81	55
	82	55
	83	55
	85	56
	86	57
	87	57
	89	59
	90	61
	91	61
	92	62
	94	64
	95	65
	96	65
	98	67
	99	69
	100	69
	101	70
	104	72
net/minecraft/client/resources/WaypointStyle	70	56
	66	52
	67	53
	69	55
	70	56
	28	18
	29	20
	30	21
	31	22
	32	24
	36	34
	37	35
	39	36
	40	37
	42	39
	43	40
	45	41
	49	29
	51	29
	53	30
	56	46
	57	47
	59	48
	60	49
	62	50
	63	51
net/minecraft/client/resources/metadata/gui/GuiMetadataSection	12	11
	10	9
	11	10
	12	11
net/minecraft/client/gui/screens/options/InWorldGameRulesScreen	138	125
	128	115
	132	119
	133	120
	134	121
	135	122
	138	125
	36	36
	37	37
	38	38
	39	39
	43	43
	44	44
	45	45
	48	46
	52	50
	53	51
	54	52
	55	53
	57	56
	58	57
	61	60
	62	61
	63	62
	65	62
	68	64
	72	68
	73	69
	75	70
	76	71
	78	73
	80	75
	81	75
	82	75
	85	77
	87	79
	90	82
	94	86
	98	90
	100	108
	103	91
	104	92
	105	93
	106	94
	107	95
	108	96
	110	98
	112	99
	113	100
	116	103
	117	104
	118	105
	120	106
	121	108
	124	111
	125	112
	126	113
	127	114
com/mojang/blaze3d/opengl/GlQueryPool	57	54
	34	29
	35	31
	37	34
	40	36
	41	37
	44	40
	13	12
	14	13
	15	14
	48	45
	49	46
	19	18
	53	50
	54	51
	55	52
	24	23
	25	24
	57	54
	26	24
	29	24
net/minecraft/client/renderer/blockentity/SpawnerRenderer	56	66
	32	36
	33	41
	35	37
	36	38
	37	39
	38	41
	42	44
	43	45
	45	47
	48	58
	49	59
	50	60
	51	61
	52	62
	21	21
	53	63
	22	22
	54	64
	55	65
	56	66
	26	25
	31	35
net/minecraft/client/data/models/blockstates/ConditionBuilder	41	41
	32	32
	36	36
	37	37
	41	41
	15	15
	16	16
	19	19
	20	20
	25	25
	26	26
	27	27
	28	28
	29	29
	30	30
	31	31
net/minecraft/client/multiplayer/chat/report/ReportingContext	76	79
	64	67
	68	71
	69	72
	72	75
	76	79
	23	22
	24	23
	25	24
	26	25
	29	28
	30	29
	31	30
	35	34
	36	35
	37	37
	38	40
	39	41
	40	42
	42	44
	44	46
	45	47
	46	48
	47	49
	48	50
	51	54
	53	56
	56	59
	60	63
net/minecraft/client/renderer/feature/package-info	0	0
net/minecraft/client/renderer/entity/ElderGuardianRenderer	16	16
	16	16
	11	11
	12	12
net/minecraft/client/gui/layouts/LayoutSettings	162	142
	128	113
	133	117
	73	69
	138	121
	139	122
	76	72
	140	123
	77	73
	78	74
	79	75
	80	76
	81	77
	145	127
	82	78
	146	128
	86	81
	151	132
	152	133
	91	85
	157	137
	96	89
	33	29
	97	89
	98	89
	162	142
	99	89
	37	33
	104	93
	41	37
	105	94
	45	41
	110	98
	111	99
	49	45
	116	103
	53	49
	117	104
	122	108
	123	109
	61	57
com/mojang/blaze3d/buffers/Std140SizeCalculator	71	68
	64	61
	65	62
	69	66
	70	67
	71	68
	12	9
	16	13
	17	14
	21	18
	22	19
	23	20
	27	24
	28	25
	29	26
	33	30
	34	31
	35	32
	39	36
	40	37
	41	38
	45	42
	46	43
	47	44
	51	48
	52	49
	53	50
	57	54
	58	55
	59	56
	63	60
net/minecraft/client/renderer/entity/PillagerRenderer	26	23
	16	15
	17	16
	21	19
	26	23
	14	14
net/minecraft/client/renderer/blockentity/state/SkullBlockRenderState	0	0
com/mojang/blaze3d/GLFWErrorScope	24	25
	19	19
	20	20
	21	23
	23	21
	24	25
	13	14
	14	15
	15	16
net/minecraft/client/searchtree/SearchTree	25	25
	16	16
	19	18
	20	20
	21	21
	23	24
	25	25
	11	11
	15	15
net/minecraft/client/resources/model/geometry/BakedQuad	87	81
	69	62
	71	64
	72	65
	41	34
	42	35
	74	67
	43	36
	44	37
	76	70
	45	38
	46	39
	80	74
	51	44
	52	45
	84	79
	53	46
	85	80
	54	47
	86	81
	55	48
	87	81
	56	49
net/minecraft/client/particle/SpitParticle	22	33
	17	19
	18	20
	22	33
	9	11
	10	12
	11	13
net/minecraft/client/gui/screens/worldselection/EditWorldScreen	232	206
	65	61
	66	62
	70	66
	71	67
	72	68
	74	69
	75	70
	76	71
	77	72
	78	73
	81	74
	82	75
	83	75
	84	75
	85	75
	86	76
	87	76
	88	76
	89	76
	92	77
	93	78
	94	78
	95	79
	96	80
	97	81
	98	81
	99	81
	100	81
	102	82
	103	82
	104	82
	106	82
	107	82
	109	84
	110	85
	112	85
	113	85
	114	85
	115	85
	116	86
	117	87
	119	89
	120	89
	121	90
	122	91
	124	94
	125	95
	126	96
	128	99
	129	100
	130	100
	131	100
	133	102
	134	103
	135	108
	136	109
	137	111
	138	111
	139	113
	140	120
	141	121
	142	122
	145	124
	146	125
	148	126
	149	127
	153	131
	154	132
	158	136
	159	137
	163	141
	164	142
	165	143
	169	147
	170	148
	171	149
	172	150
	174	152
	179	158
	180	159
	184	163
	185	164
	186	165
	187	166
	189	169
	190	170
	193	173
	194	173
	196	173
	200	177
	201	178
	202	179
	203	180
	204	180
	207	183
	209	185
	210	186
	211	187
	213	189
	214	189
	215	190
	216	191
	217	192
	218	193
	220	194
	221	195
	222	196
	223	197
	224	198
	230	204
	231	205
	232	206
net/minecraft/client/renderer/blockentity/BrushableBlockRenderer	77	90
	66	68
	68	69
	69	70
	70	72
	71	75
	72	78
	73	81
	74	84
	75	87
	77	90
	24	24
	25	25
	29	28
	34	38
	35	39
	36	40
	38	41
	39	42
	42	47
	43	48
	47	53
	48	65
	51	54
	52	55
	53	56
	55	57
	56	58
	57	59
	58	60
	59	61
	61	62
	62	63
	63	65
net/minecraft/client/renderer/texture/Stitcher	263	211
	128	110
	256	204
	129	111
	131	112
	259	207
	263	211
	13	15
	147	138
	148	139
	149	140
	150	141
	151	142
	26	26
	154	145
	27	27
	28	28
	29	29
	30	30
	158	149
	33	33
	163	153
	164	154
	37	37
	167	156
	168	157
	41	42
	43	42
	171	158
	44	42
	172	194
	46	44
	47	45
	176	159
	50	48
	178	160
	51	49
	179	161
	53	51
	54	52
	55	53
	183	163
	184	164
	58	56
	187	165
	189	166
	190	167
	192	168
	65	59
	66	60
	68	62
	71	65
	75	69
	76	70
	77	71
	207	169
	208	170
	81	75
	209	171
	210	172
	211	173
	213	175
	214	176
	216	178
	91	79
	92	80
	93	81
	94	82
	96	83
	97	84
	226	179
	99	85
	227	180
	100	86
	103	88
	104	89
	106	91
	107	92
	110	94
	238	181
	114	98
	242	185
	243	186
	116	99
	244	187
	117	100
	120	103
	248	191
	121	104
	124	106
	252	200
	125	107
	253	201
	254	202
	255	203
net/minecraft/client/renderer/texture/atlas/sources/LazyLoadedImage	52	68
	32	33
	33	34
	34	50
	35	51
	41	57
	45	61
	46	62
	47	63
	48	64
	49	65
	20	18
	52	68
	21	19
	22	20
	23	21
	26	24
	27	25
	28	26
	29	27
	30	28
	31	35
net/minecraft/client/renderer/entity/layers/SpinAttackEffectLayer	31	34
	20	19
	21	20
	22	21
	26	31
	27	34
	30	32
	31	34
net/minecraft/client/particle/LavaParticle	63	68
	33	30
	38	35
	39	36
	44	41
	13	12
	45	42
	14	13
	46	43
	15	14
	47	44
	16	15
	48	45
	17	16
	18	17
	19	18
	51	48
	21	19
	23	20
	24	21
	57	54
	58	55
	28	25
	62	68
	63	68
net/minecraft/client/telemetry/TelemetryEventType	235	216
	128	105
	131	108
	135	112
	139	116
	143	120
	147	124
	151	128
	152	130
	153	131
	155	134
	28	26
	29	27
	30	27
	159	138
	32	27
	164	142
	168	146
	172	150
	176	154
	180	158
	184	162
	185	163
	186	165
	187	166
	188	167
	189	168
	190	169
	192	172
	195	175
	196	176
	197	177
	198	178
	201	182
	211	192
	212	193
	213	194
	216	197
	217	198
	221	202
	222	203
	226	207
	227	208
	231	212
	232	213
	233	214
	235	216
	120	100
	121	101
	122	102
	123	103
	124	104
	125	104
net/minecraft/client/model/ambient/BatModel	107	78
	30	27
	31	28
	32	29
	33	30
	34	31
	35	32
	36	33
	37	34
	39	35
	40	36
	41	37
	44	40
	45	41
	47	42
	48	43
	49	43
	50	43
	52	45
	53	46
	54	46
	55	46
	57	48
	58	48
	59	48
	60	48
	62	49
	63	49
	64	49
	65	49
	67	50
	68	51
	69	51
	70	51
	72	53
	73	54
	74	54
	75	54
	77	56
	78	57
	79	57
	80	57
	82	59
	83	60
	84	60
	85	60
	87	62
	88	62
	89	62
	90	62
	92	63
	97	67
	98	68
	99	69
	101	72
	102	73
	103	74
	106	77
	107	78
net/minecraft/client/model/animal/armadillo/package-info	0	0
net/minecraft/client/player/ClientInput	25	31
	16	14
	20	18
	24	22
	25	31
	12	11
net/minecraft/client/renderer/state/gui/pip/PictureInPictureRenderState	30	32
	23	23
	29	31
	30	32
net/minecraft/client/resources/metadata/package-info	0	0
net/minecraft/client/renderer/entity/ArmorModelSet	45	37
	34	28
	35	29
	36	30
	37	31
	38	32
	45	37
	20	14
	21	15
	22	16
	23	17
	24	18
	25	19
	30	24
net/minecraft/client/gui/narration/NarrationThunk	54	45
	34	32
	35	33
	39	36
	40	37
	43	39
	44	39
	47	39
	17	15
	18	16
	19	17
	52	44
	53	45
	22	20
	54	45
	26	24
	30	28
net/minecraft/client/gui/screens/options/LanguageSelectScreen	185	186
	129	125
	130	127
	131	128
	132	129
	133	130
	134	132
	135	133
	137	134
	138	135
	139	136
	143	140
	150	148
	151	150
	152	151
	153	152
	157	156
	158	157
	162	161
	163	162
	164	163
	165	164
	39	35
	167	166
	40	36
	41	37
	42	38
	172	172
	173	173
	46	42
	174	174
	47	43
	48	44
	176	177
	49	45
	50	46
	51	47
	52	48
	180	181
	53	49
	181	182
	55	51
	56	52
	57	53
	185	186
	61	57
	62	58
	64	60
	66	62
	70	66
	71	67
	76	71
	80	75
	81	76
	82	77
	83	78
	84	80
	85	82
	86	83
	90	87
	91	88
	92	89
	94	91
	97	94
	98	95
	99	96
	100	97
	101	98
	102	99
	105	103
	106	104
	109	108
	110	109
	112	110
	113	111
	114	112
	115	113
	116	114
	117	115
	119	117
	121	118
	122	119
	124	121
	127	124
net/minecraft/client/model/animal/armadillo/AdultArmadilloModel	94	77
	16	14
	23	15
	27	18
	28	19
	30	20
	31	22
	32	23
	33	25
	34	27
	36	29
	37	31
	38	31
	39	32
	41	34
	42	34
	43	34
	45	35
	46	37
	47	37
	48	38
	50	40
	51	40
	52	40
	54	41
	55	43
	56	43
	57	44
	59	46
	60	46
	61	46
	63	47
	64	49
	65	49
	66	50
	68	52
	69	54
	70	54
	71	55
	73	57
	74	59
	75	59
	76	60
	78	62
	79	64
	80	64
	81	65
	83	67
	84	69
	85	69
	86	70
	88	72
	89	74
	90	74
	91	75
	94	77
com/mojang/realmsclient/Unit	48	43
	34	28
	38	32
	39	33
	40	34
	42	36
	43	37
	44	38
	15	14
	16	15
	48	43
	20	18
	21	19
	23	20
	24	21
	25	22
	30	28
	31	28
net/minecraft/client/package-info	0	0
net/minecraft/client/particle/AshParticle	21	40
	16	26
	17	27
	21	40
	9	19
	10	20
net/minecraft/client/resources/sounds/UnderwaterAmbientSoundHandler	39	37
	32	30
	33	31
	34	32
	35	33
	36	34
	39	37
	18	17
	19	18
	20	19
	24	23
	26	24
	27	25
	28	26
	29	27
	30	28
	31	29
net/minecraft/client/model/object/crystal/package-info	0	0
com/mojang/blaze3d/audio/PollingDeviceTracker	22	21
	16	15
	21	20
	22	21
	11	10
	12	11
net/minecraft/client/renderer/state/gui/pip/GuiEntityRenderState	13	47
	12	35
	13	47
net/minecraft/client/multiplayer/prediction/BlockStatePredictionHandler	91	92
	66	67
	67	68
	70	71
	79	80
	80	81
	81	82
	82	83
	19	19
	20	22
	21	23
	85	86
	86	87
	23	24
	25	26
	90	91
	91	92
	28	29
	29	30
	30	31
	32	33
	33	34
	37	39
	38	41
	39	42
	40	43
	41	44
	42	45
	43	46
	45	47
	48	50
	51	53
	52	54
	53	55
	58	59
	59	60
	62	63
net/minecraft/client/multiplayer/chat/ChatTrustLevel	80	64
	67	51
	71	56
	72	57
	73	58
	74	59
	80	64
	25	22
	26	23
	29	26
	30	27
	33	29
	34	29
	37	29
	41	34
	42	35
	45	37
	46	38
	47	38
	50	38
	54	43
	55	43
	56	43
	58	43
	59	43
	63	47
net/minecraft/client/renderer/entity/state/PiglinRenderState	0	0
net/minecraft/client/particle/SimpleAnimatedParticle	58	55
	15	13
	16	14
	17	15
	18	16
	19	17
	22	20
	23	21
	24	22
	25	23
	26	24
	27	25
	30	28
	31	29
	32	30
	33	31
	34	32
	38	36
	43	41
	44	42
	45	43
	46	44
	48	45
	49	46
	50	47
	51	48
	54	51
	58	55
net/minecraft/client/multiplayer/chat/report/BanReason	50	47
	34	33
	37	38
	38	34
	39	36
	40	37
	41	39
	42	40
	43	41
	44	42
	45	43
	46	44
	47	45
	48	46
	49	47
	50	35
	26	24
	27	25
	30	28
net/minecraft/client/renderer/blockentity/state/HangingSignRenderState	0	0
net/minecraft/client/renderer/entity/state/AxolotlRenderState	0	0
net/minecraft/client/particle/WhiteAshParticle	30	49
	16	26
	22	32
	23	33
	27	46
	12	22
	28	47
	13	23
	29	48
	14	24
	30	49
	15	25
net/minecraft/client/renderer/entity/layers/CrossedArmsItemLayer	41	36
	32	26
	33	28
	36	31
	37	32
	38	33
	39	34
	40	35
	41	36
	17	15
	18	16
	22	21
	23	22
	24	28
	27	23
	28	24
	30	25
net/minecraft/client/renderer/feature/FeatureRendererMap	48	45
	32	29
	34	31
	38	36
	43	40
	44	41
	45	42
	15	14
	16	15
	48	45
	18	18
	19	19
	23	23
	24	23
	26	23
	30	27
	31	28
net/minecraft/client/renderer/item/properties/select/ContextEntityType	31	34
	21	24
	26	29
	31	34
net/minecraft/client/model/animal/nautilus/NautilusArmorModel	32	36
	32	36
	17	16
	18	17
	19	18
	20	19
	23	22
	24	23
	26	24
	28	25
	29	30
	30	32
net/minecraft/client/gui/narration/NarratedElementType	0	0
net/minecraft/client/player/LocalPlayerResolver	47	41
	34	29
	39	33
	40	34
	41	35
	42	36
	43	37
	47	41
	19	16
	20	17
	21	18
	25	21
	26	22
	28	23
	29	24
	30	25
com/mojang/blaze3d/opengl/GlCommandEncoder	735	952
	71	67
	72	68
	73	71
	74	72
	75	73
	79	76
	80	77
	83	80
	87	84
	92	89
	93	90
	94	91
	95	92
	97	94
	98	96
	101	99
	102	100
	104	101
	105	102
	107	103
	109	105
	111	108
	112	109
	113	110
	115	111
	117	113
	118	114
	120	115
	122	116
	124	117
	129	119
	130	120
	132	121
	137	129
	142	134
	143	135
	144	136
	145	138
	146	139
	148	142
	149	143
	150	146
	151	147
	152	148
	153	150
	154	151
	155	152
	158	153
	159	154
	160	155
	161	156
	163	159
	164	160
	166	164
	167	165
	168	166
	169	167
	171	170
	174	173
	175	174
	176	175
	177	176
	179	178
	183	182
	184	183
	185	184
	186	185
	187	186
	190	187
	191	188
	192	189
	194	192
	195	193
	196	194
	198	197
	199	198
	200	199
	201	200
	202	201
	204	204
	209	209
	210	210
	211	211
	212	212
	213	213
	214	214
	215	215
	216	216
	220	220
	221	221
	222	222
	223	223
	224	224
	225	225
	226	226
	227	227
	228	228
	229	229
	233	242
	234	243
	235	244
	236	245
	237	246
	238	247
	239	248
	240	249
	241	250
	242	251
	243	252
	247	256
	248	257
	249	258
	250	259
	251	260
	252	261
	253	262
	254	263
	255	264
	256	265
	260	269
	261	270
	262	271
	263	272
	267	276
	268	277
	269	278
	270	279
	272	280
	273	281
	278	297
	279	298
	280	299
	282	301
	283	302
	285	305
	286	306
	287	307
	288	308
	289	309
	290	310
	295	325
	296	326
	297	327
	299	329
	300	330
	302	333
	303	334
	304	335
	305	336
	306	337
	307	338
	311	342
	312	343
	316	357
	318	358
	319	359
	320	360
	321	361
	322	362
	323	363
	324	364
	325	365
	326	366
	328	367
	329	368
	330	369
	332	371
	337	385
	338	386
	339	387
	340	388
	341	389
	342	390
	343	391
	344	392
	346	395
	347	396
	348	397
	350	399
	353	402
	354	403
	355	404
	356	405
	357	406
	358	407
	359	412
	363	416
	367	427
	368	486
	371	428
	372	429
	375	432
	376	433
	377	434
	378	435
	379	436
	380	437
	381	438
	383	441
	384	442
	385	443
	387	446
	388	447
	390	450
	391	451
	393	454
	394	455
	396	458
	397	459
	400	463
	401	464
	402	465
	403	466
	404	467
	405	470
	407	473
	410	476
	411	477
	412	480
	414	483
	416	486
	419	489
	420	490
	421	491
	422	492
	424	495
	425	496
	426	497
	428	500
	429	501
	432	505
	433	507
	434	508
	435	509
	437	512
	438	513
	442	517
	445	528
	446	536
	449	529
	451	530
	452	533
	453	534
	454	536
	457	546
	458	571
	461	547
	463	548
	464	551
	465	552
	466	554
	468	557
	469	559
	470	562
	472	571
	475	576
	476	600
	479	577
	481	578
	482	581
	483	582
	484	583
	485	584
	486	585
	488	587
	491	590
	492	591
	493	593
	495	596
	498	600
	501	612
	502	613
	503	614
	504	616
	506	626
	509	629
	510	630
	512	632
	515	634
	518	637
	520	638
	521	639
	524	642
	525	643
	528	646
	529	647
	530	648
	534	649
	535	650
	537	653
	539	654
	540	655
	541	656
	543	659
	544	660
	547	664
	548	665
	549	666
	551	669
	552	670
	554	673
	555	674
	560	680
	561	681
	562	682
	563	683
	564	684
	565	685
	567	688
	568	689
	569	690
	570	693
	571	694
	573	697
	574	698
	580	703
	581	704
	583	706
	584	707
	590	710
	591	711
	593	712
	595	713
	596	714
	597	715
	598	716
	601	720
	602	721
	603	722
	605	723
	606	731
	607	742
	610	743
	611	744
	613	807
	614	800
	616	792
	617	793
	619	796
	620	797
	621	798
	622	799
	623	800
	626	736
	627	831
	628	832
	632	836
	633	837
	634	838
	636	841
	637	842
	639	844
	640	845
	641	846
	643	848
	644	849
	646	852
	647	853
	648	854
	649	855
	652	867
	654	868
	655	870
	656	871
	658	874
	660	875
	661	876
	662	877
	664	879
	666	882
	671	886
	672	941
	674	887
	676	888
	677	889
	678	890
	679	891
	680	892
	681	893
	682	896
	683	897
	685	894
	688	900
	689	901
	690	902
	693	905
	694	906
	696	908
	699	911
	701	913
	702	914
	703	915
	706	916
	707	917
	708	918
	709	920
	710	925
	712	927
	716	932
	718	934
	719	935
	720	936
	721	937
	724	941
	728	945
	729	946
	730	947
	734	951
	735	952
net/minecraft/client/renderer/item/properties/numeric/RangeSelectItemModelProperties	23	29
	16	22
	17	23
	18	24
	19	25
	20	26
	21	27
	22	28
	23	29
	10	16
	13	19
	14	20
	15	21
net/minecraft/client/gui/components/ImageWidget	85	88
	32	32
	36	36
	71	72
	72	73
	73	74
	74	75
	43	44
	75	76
	15	15
	79	80
	16	16
	80	83
	50	51
	19	19
	51	52
	52	53
	84	87
	85	88
	23	23
	56	57
	57	58
	28	28
	61	62
	62	63
net/minecraft/client/gui/render/pip/GuiProfilerChartRenderer	70	64
	65	59
	70	64
	16	14
	21	18
	22	19
	23	21
	24	22
	25	23
	26	24
	28	25
	30	26
	31	27
	33	28
	34	29
	35	31
	36	32
	37	33
	38	34
	39	35
	41	37
	43	38
	44	39
	45	40
	46	41
	47	42
	48	43
	49	44
	50	45
	51	46
	54	47
	55	48
	56	49
	57	50
	59	53
	61	55
net/minecraft/client/renderer/entity/ShulkerBulletRenderer	69	58
	32	29
	66	55
	67	56
	68	57
	37	35
	69	58
	39	36
	41	37
	42	38
	43	39
	44	40
	46	41
	48	42
	50	43
	52	44
	54	46
	56	47
	57	48
	26	24
	27	25
	28	26
	61	51
net/minecraft/client/particle/ElderGuardianParticleGroup	55	59
	34	54
	35	55
	37	59
	42	37
	43	38
	44	39
	45	40
	47	41
	48	42
	49	43
	51	44
	52	45
	53	46
	23	20
	55	47
	24	21
	28	28
net/minecraft/client/color/package-info	0	0
net/minecraft/client/multiplayer/SessionSearchTrees	116	122
	64	62
	65	63
	66	64
	67	65
	69	66
	71	71
	72	69
	73	70
	75	73
	76	75
	77	76
	78	78
	81	81
	85	85
	86	88
	87	89
	88	90
	89	90
	91	90
	92	92
	93	93
	94	95
	97	98
	101	102
	102	105
	103	106
	105	107
	106	112
	43	40
	107	110
	44	41
	108	111
	45	42
	110	114
	111	116
	48	45
	112	117
	49	46
	113	119
	51	48
	116	122
	54	51
	55	51
	56	52
	57	53
	61	57
	62	60
	63	61
net/minecraft/client/model/object/chest/ChestModel	108	69
	26	23
	27	24
	28	25
	29	26
	32	29
	33	30
	35	31
	36	31
	37	31
	40	32
	41	32
	42	32
	43	32
	45	33
	46	33
	47	33
	48	33
	51	34
	55	38
	56	39
	58	40
	60	41
	61	41
	62	41
	65	42
	66	43
	67	43
	68	43
	70	45
	71	46
	72	46
	73	46
	75	48
	79	52
	80	53
	82	54
	84	55
	85	55
	86	55
	89	56
	90	57
	91	57
	92	57
	94	59
	95	60
	96	60
	97	60
	100	62
	105	66
	106	67
	107	68
	108	69
net/minecraft/client/telemetry/TelemetryEventInstance	19	21
	16	18
	19	21
	10	16
	11	11
	12	12
	13	13
	15	15
net/minecraft/client/renderer/entity/CamelRenderer	58	61
	36	41
	41	45
	42	46
	43	47
	46	50
	47	51
	48	52
	49	53
	50	54
	51	55
	52	56
	21	21
	53	57
	22	22
	54	58
	23	23
	26	32
	58	61
	31	37
com/mojang/blaze3d/opengl/GlBuffer	153	145
	130	121
	131	120
	135	124
	136	132
	138	125
	139	126
	140	127
	142	130
	143	132
	148	140
	149	141
	150	142
	23	19
	151	143
	24	20
	25	21
	153	145
	26	22
	29	25
	33	29
	34	34
	36	30
	37	31
	39	34
	48	44
	50	45
	51	46
	53	47
	54	48
	55	49
	57	52
	58	53
	60	56
	61	57
	63	60
	65	61
	67	62
	68	63
	70	65
	74	69
	79	74
	80	87
	82	75
	83	76
	84	77
	86	80
	87	81
	89	83
	90	84
	91	87
	97	91
	98	92
	100	93
	101	94
	103	95
	104	96
	106	97
	107	98
	109	99
	110	101
	113	103
	114	104
	116	105
	117	135
	120	106
	121	107
	123	108
	124	109
	125	110
	126	111
net/minecraft/client/gui/screens/inventory/AbstractContainerScreen	603	585
	512	490
	514	492
	516	493
	517	494
	518	495
	519	496
	520	497
	523	501
	527	506
	528	507
	529	508
	530	509
	532	512
	533	513
	534	514
	535	515
	540	520
	545	525
	546	528
	548	526
	549	528
	553	532
	558	537
	563	542
	566	543
	567	546
	569	544
	571	548
	574	551
	577	554
	578	557
	69	61
	70	62
	582	563
	584	565
	73	65
	585	566
	74	66
	75	67
	76	68
	588	569
	77	69
	589	570
	78	70
	79	71
	80	72
	81	73
	593	574
	82	74
	83	75
	84	76
	598	579
	599	580
	88	80
	600	581
	89	81
	90	82
	602	584
	91	83
	603	585
	92	84
	95	87
	96	88
	100	92
	101	93
	102	94
	103	95
	106	98
	107	99
	109	100
	111	101
	112	102
	114	103
	116	104
	117	105
	119	106
	120	107
	121	108
	123	109
	124	110
	127	113
	128	114
	131	117
	132	118
	133	119
	134	120
	135	121
	137	122
	138	123
	140	124
	141	125
	144	129
	145	130
	147	132
	150	135
	151	136
	152	137
	155	140
	159	144
	160	145
	161	146
	162	146
	163	147
	168	152
	172	156
	173	157
	175	159
	178	162
	179	163
	181	165
	184	168
	185	176
	188	169
	189	170
	190	171
	192	176
	195	179
	196	179
	197	179
	198	179
	202	183
	206	187
	207	188
	208	189
	211	192
	212	193
	213	194
	216	197
	217	198
	218	199
	219	200
	220	201
	221	202
	222	203
	224	204
	225	205
	226	206
	228	209
	229	210
	231	211
	232	212
	233	213
	234	214
	235	215
	236	216
	239	219
	241	221
	242	222
	246	226
	247	227
	248	228
	249	229
	250	230
	254	234
	255	235
	256	236
	258	239
	259	240
	260	241
	262	243
	264	246
	266	248
	269	251
	270	252
	271	267
	274	253
	275	254
	276	267
	279	256
	281	258
	282	259
	283	260
	284	261
	285	262
	286	263
	288	267
	291	271
	292	272
	293	273
	296	277
	301	282
	302	283
	304	285
	305	286
	306	287
	307	288
	309	289
	310	292
	311	293
	312	294
	314	295
	315	296
	316	297
	319	300
	320	301
	323	304
	324	304
	325	305
	326	306
	327	307
	329	309
	330	310
	331	311
	332	312
	333	313
	334	314
	335	315
	337	318
	339	321
	341	323
	342	324
	343	325
	345	326
	346	327
	347	328
	348	329
	349	330
	350	331
	356	290
	359	337
	361	338
	365	343
	366	344
	367	345
	368	346
	370	349
	371	350
	372	351
	376	355
	379	358
	384	363
	385	364
	387	365
	388	366
	389	367
	393	369
	394	369
	397	369
	402	375
	403	376
	404	377
	405	378
	407	379
	408	380
	409	381
	412	384
	413	385
	416	388
	417	389
	418	390
	419	391
	420	392
	421	397
	426	402
	428	405
	430	407
	431	408
	432	409
	433	410
	434	411
	435	414
	436	415
	437	416
	440	419
	441	420
	442	421
	443	422
	444	423
	446	425
	447	426
	448	427
	450	430
	455	435
	457	436
	461	440
	465	444
	466	445
	467	446
	468	447
	470	448
	474	452
	475	453
	476	454
	477	455
	481	459
	484	462
	485	463
	487	466
	488	467
	489	468
	492	471
	493	472
	494	473
	495	474
	499	478
	502	481
	503	482
	507	486
	508	487
	510	488
	511	489
net/minecraft/client/renderer/texture/CubeMapTexture	53	102
	19	16
	20	17
	24	21
	25	71
	26	26
	27	27
	28	28
	29	29
	30	31
	31	53
	32	35
	33	38
	35	52
	36	65
	38	87
	39	83
	44	92
	45	93
	46	94
	47	95
	48	96
	49	97
	50	99
	51	100
	53	102
com/mojang/realmsclient/RealmsAvailability	81	85
	68	69
	69	70
	72	73
	73	74
	76	78
	77	79
	78	80
	79	81
	80	83
	81	85
	27	25
	28	26
	30	29
	34	33
	35	34
	39	38
	40	39
	42	41
	43	42
	45	43
	46	45
	48	48
	49	49
	51	51
	52	52
	54	53
	56	56
	57	57
	58	58
	60	59
	63	62
net/minecraft/client/renderer/entity/state/SalmonRenderState	0	0
net/minecraft/client/gui/components/debug/DebugEntrySoundMood	19	23
	18	19
	19	23
	13	17
	14	18
	15	23
net/minecraft/client/tutorial/CraftPlanksTutorialStep	84	80
	65	60
	66	61
	67	62
	69	64
	73	68
	74	69
	76	71
	79	74
	80	75
	81	76
	84	80
	28	26
	29	27
	33	31
	35	32
	36	33
	37	56
	40	35
	41	36
	42	37
	43	38
	44	39
	45	40
	46	41
	48	44
	49	45
	50	46
	55	51
	56	51
	57	52
	58	53
	61	56
net/minecraft/client/model/object/banner/package-info	0	0
net/minecraft/client/renderer/texture/atlas/sources/DirectoryLister	32	28
	16	13
	32	28
	17	13
	18	14
	22	19
	24	20
	25	21
	26	22
	27	23
	28	24
	15	12
net/minecraft/client/gui/components/ComponentRenderUtils	49	40
	32	30
	34	31
	35	32
	37	33
	38	34
	40	35
	42	35
	44	35
	48	39
	49	40
	22	21
	26	25
	27	26
	28	27
	29	28
com/mojang/blaze3d/framegraph/FrameGraphBuilder	362	356
	256	183
	257	184
	261	188
	265	192
	266	193
	268	195
	269	196
	270	197
	271	198
	276	203
	277	203
	23	22
	279	203
	24	23
	25	24
	29	28
	30	29
	31	30
	288	349
	289	350
	290	351
	35	34
	39	40
	40	41
	296	356
	41	42
	42	43
	46	47
	47	48
	50	51
	52	52
	308	230
	53	53
	309	231
	54	55
	310	232
	55	56
	311	233
	58	59
	315	237
	60	61
	61	62
	62	63
	63	64
	319	241
	320	242
	66	67
	322	244
	67	68
	323	246
	68	69
	70	71
	326	249
	71	72
	327	250
	72	73
	73	74
	329	252
	330	253
	331	255
	76	77
	79	80
	80	81
	338	162
	83	83
	339	163
	84	84
	340	164
	85	85
	86	86
	344	168
	89	90
	90	91
	91	92
	95	96
	353	211
	99	100
	100	102
	356	214
	101	103
	102	104
	359	217
	105	105
	106	107
	362	220
	107	108
	110	112
	114	115
	115	116
	116	116
	117	116
	118	117
	121	118
	122	137
	125	119
	126	120
	129	122
	130	123
	135	126
	136	127
	137	128
	138	129
	143	134
	144	135
	145	137
	148	140
	149	142
	150	143
	151	144
	152	145
	153	146
	154	147
	155	148
	157	150
	159	153
	162	156
	167	272
	168	273
	169	274
	170	275
	173	276
	174	277
	178	270
	179	278
	180	279
	181	280
	184	283
	185	284
	187	286
	190	289
	191	290
	195	294
	196	295
	197	296
	202	301
	203	302
	206	305
	208	306
	209	307
	211	310
	212	311
	216	315
	221	320
	222	321
	226	325
	227	326
	230	329
	231	330
	232	331
	237	336
	238	337
	242	340
	254	181
	255	182
com/mojang/blaze3d/opengl/GlDebugLabel	141	139
	131	129
	132	130
	70	65
	71	66
	136	134
	73	68
	137	135
	77	72
	141	139
	78	73
	82	77
	19	18
	83	78
	22	21
	87	82
	88	83
	25	24
	28	27
	92	87
	93	88
	31	30
	97	92
	34	33
	98	93
	37	36
	102	97
	103	98
	40	39
	41	40
	42	41
	43	42
	107	102
	45	45
	46	46
	47	47
	49	50
	114	112
	51	53
	115	113
	117	115
	55	57
	121	119
	122	120
	126	124
	127	125
net/minecraft/client/gui/render/package-info	0	0
net/minecraft/client/renderer/block/dispatch/SingleVariant	44	45
	16	16
	20	20
	21	21
	38	39
	25	25
	43	44
	44	45
	30	31
	15	15
net/minecraft/client/renderer/chunk/ChunkSectionsToRender	52	66
	33	35
	34	40
	35	46
	36	47
	37	48
	39	50
	40	51
	41	52
	42	55
	43	56
	44	57
	45	58
	47	61
	52	66
	26	29
	27	30
	28	31
	29	32
	30	33
	31	34
net/minecraft/client/model/monster/shulker/package-info	0	0
net/minecraft/client/gui/components/IMEPreeditOverlay	89	74
	65	57
	67	58
	69	61
	72	64
	73	65
	74	65
	76	65
	79	67
	80	68
	81	69
	83	70
	85	71
	87	72
	89	74
	36	32
	37	33
	38	34
	39	35
	40	36
	42	37
	43	38
	44	39
	47	42
	48	43
	49	44
	54	48
	55	49
	56	50
	57	51
	58	52
	62	55
	63	56
net/minecraft/client/model/animal/feline/BabyFelineModel	159	142
	15	14
	16	15
	20	18
	21	19
	23	20
	24	23
	25	25
	26	27
	27	29
	30	33
	31	34
	34	36
	35	37
	38	39
	39	40
	42	42
	43	43
	46	45
	47	46
	50	48
	51	50
	54	53
	56	54
	61	58
	63	59
	65	60
	66	61
	67	62
	68	63
	69	64
	70	65
	71	66
	72	67
	73	68
	74	69
	75	70
	76	71
	77	72
	80	75
	81	76
	83	77
	84	78
	85	79
	86	80
	87	81
	88	82
	89	83
	90	84
	91	85
	93	87
	94	88
	95	89
	96	90
	98	91
	99	92
	101	94
	104	97
	105	98
	106	99
	108	100
	110	101
	111	102
	112	103
	114	104
	116	105
	119	108
	120	109
	122	110
	123	111
	124	112
	125	113
	126	114
	128	115
	129	116
	130	117
	131	118
	133	119
	134	120
	135	121
	136	122
	138	123
	139	124
	140	125
	141	126
	142	127
	143	128
	145	129
	146	130
	148	131
	149	132
	150	133
	151	134
	152	135
	153	136
	156	139
	157	140
	159	142
net/minecraft/client/resources/model/sprite/AtlasManager	215	206
	129	132
	130	126
	131	127
	132	128
	134	130
	136	132
	138	133
	139	135
	140	135
	144	139
	145	140
	146	141
	147	144
	148	145
	149	146
	150	147
	151	149
	152	150
	153	151
	157	155
	158	157
	165	178
	166	179
	167	180
	168	181
	177	167
	178	168
	181	171
	182	172
	55	54
	56	55
	57	56
	58	57
	59	58
	60	59
	62	62
	63	63
	193	161
	66	66
	194	162
	67	67
	68	68
	70	70
	74	75
	75	76
	203	194
	204	195
	205	196
	78	79
	206	197
	79	80
	209	200
	210	201
	83	83
	211	202
	84	84
	85	85
	86	86
	87	87
	215	206
	91	91
	92	92
	93	93
	96	95
	97	96
	98	97
	99	98
	101	100
	106	106
	107	107
	108	108
	109	109
	111	110
	113	111
	114	112
	115	113
	116	114
	117	115
	119	116
	121	117
	122	118
	126	123
	127	124
net/minecraft/client/renderer/debug/RedstoneWireOrientationsRenderer	19	20
	16	17
	17	18
	18	19
	19	20
	13	14
	14	15
	15	16
net/minecraft/client/particle/TotemParticle	38	44
	33	30
	34	31
	38	44
	9	11
	11	12
	13	13
	14	14
	15	15
	17	16
	19	17
	20	18
	22	19
	23	20
	25	22
	27	24
com/mojang/realmsclient/util/task/DownloadTask	72	76
	64	68
	65	69
	66	53
	68	72
	72	76
	25	23
	26	24
	27	25
	28	26
	29	27
	33	30
	35	31
	37	35
	38	36
	40	39
	41	40
	42	41
	43	42
	45	45
	46	46
	47	47
	48	48
	49	49
	51	52
	52	54
	53	55
	54	56
	56	59
	57	60
	58	61
	59	62
	60	63
	61	64
	63	67
net/minecraft/client/resources/sounds/MinecartSoundInstance	61	57
	20	19
	21	20
	22	21
	23	22
	24	23
	25	24
	26	25
	27	26
	28	27
	32	31
	37	36
	42	41
	43	42
	44	57
	47	44
	48	45
	49	46
	51	47
	52	48
	53	49
	54	50
	56	51
	58	53
	59	54
	61	57
net/minecraft/client/gui/screens/inventory/EnchantmentScreen	238	232
	59	58
	60	59
	64	63
	65	64
	66	65
	70	69
	71	70
	72	71
	73	72
	77	76
	78	77
	79	79
	80	80
	81	81
	82	82
	83	82
	84	83
	85	84
	89	88
	94	93
	95	94
	96	95
	97	96
	98	97
	100	98
	102	99
	103	101
	104	102
	105	103
	107	104
	108	105
	109	106
	112	108
	113	109
	114	110
	115	111
	117	112
	118	113
	119	114
	120	115
	121	116
	123	118
	124	119
	125	120
	126	121
	127	122
	128	123
	130	125
	132	128
	133	129
	134	130
	136	133
	138	136
	141	139
	142	140
	143	141
	145	142
	146	143
	147	144
	148	145
	149	146
	150	147
	154	151
	155	152
	157	153
	158	154
	160	156
	161	157
	163	158
	164	159
	167	160
	169	161
	170	162
	171	163
	173	164
	175	168
	176	169
	177	170
	178	171
	181	174
	182	175
	184	177
	186	180
	189	182
	190	183
	192	185
	194	188
	198	192
	199	193
	202	197
	205	200
	207	201
	208	202
	210	205
	211	206
	214	209
	215	210
	217	211
	218	213
	219	214
	220	215
	221	216
	225	220
	226	221
	228	223
	230	226
	232	227
	233	228
	234	229
	235	230
	237	231
	238	232
net/minecraft/client/renderer/entity/state/BlockDisplayEntityRenderState	10	10
	10	10
com/mojang/blaze3d/opengl/GlUtil	17	12
	17	12
	10	7
	11	8
	12	9
	13	10
	14	12
	15	12
net/minecraft/client/model/animal/fish/package-info	0	0
com/mojang/blaze3d/vulkan/glsl/package-info	0	0
net/minecraft/client/entity/ClientMannequin	102	93
	66	57
	68	58
	69	59
	70	60
	73	63
	74	64
	78	68
	83	73
	87	77
	88	78
	92	82
	32	28
	33	28
	97	88
	34	28
	35	29
	38	32
	102	93
	39	33
	40	34
	44	37
	45	38
	46	39
	48	41
	49	42
	50	43
	51	44
	54	47
	58	50
	60	51
	61	52
	63	54
net/minecraft/client/model/monster/piglin/ZombifiedPiglinModel	17	15
	16	14
	17	15
	10	9
	11	10
	15	13
net/minecraft/client/particle/GeyserBaseParticle	47	61
	32	37
	33	38
	39	44
	40	45
	44	58
	45	59
	46	60
	47	61
	21	28
	22	29
	24	30
	25	31
	26	32
	27	33
	28	34
	29	35
	31	36
net/minecraft/client/renderer/item/properties/conditional/IsCarried	22	23
	17	18
	22	23
net/minecraft/client/renderer/block/model/CompositeBlockModel	37	28
	16	14
	17	15
	18	16
	34	27
	35	28
	36	28
	37	28
	22	20
	23	21
	24	22
net/minecraft/client/renderer/entity/state/BoggedRenderState	0	0
net/minecraft/client/particle/WaterCurrentDownParticle	69	71
	64	57
	65	58
	69	71
	15	15
	17	16
	19	17
	21	18
	22	19
	23	20
	25	21
	26	22
	27	23
	28	24
	32	28
	37	33
	38	34
	39	35
	41	36
	42	37
	43	51
	46	39
	47	40
	48	41
	49	42
	50	43
	51	44
	53	45
	54	46
	57	49
	58	51
com/mojang/blaze3d/systems/GpuBackend	0	0
net/minecraft/client/renderer/entity/state/RavagerRenderState	0	0
net/minecraft/client/resources/sounds/ElytraOnPlayerSoundInstance	57	50
	17	14
	19	15
	20	16
	21	17
	22	18
	23	19
	27	23
	28	24
	29	48
	30	50
	33	25
	34	26
	35	27
	37	28
	38	29
	39	30
	41	32
	45	35
	46	36
	47	37
	48	38
	51	41
	52	42
	53	43
	55	45
	57	50
net/minecraft/client/multiplayer/AccountProfileKeyPairManager	153	168
	128	142
	129	143
	130	144
	131	145
	132	146
	134	146
	137	149
	141	154
	142	155
	143	168
	147	160
	148	161
	149	162
	151	163
	152	164
	153	165
	47	45
	48	46
	49	47
	53	51
	54	52
	55	53
	60	58
	61	59
	63	60
	67	64
	68	65
	69	66
	71	67
	73	70
	77	73
	78	74
	79	75
	80	76
	81	77
	82	78
	85	79
	86	82
	90	86
	91	87
	94	95
	95	111
	96	112
	97	113
	98	114
	104	121
	105	122
	106	123
	109	126
	110	138
	113	127
	114	138
	117	128
	119	130
	120	131
	121	132
	122	133
	124	135
	125	138
net/minecraft/client/ClientClockManager	46	42
	34	32
	36	33
	37	34
	38	35
	39	36
	40	37
	41	38
	42	39
	46	42
	17	16
	21	20
	22	21
	24	23
	25	24
	26	25
	27	26
	28	27
	30	29
net/minecraft/client/input/InputWithModifiers	93	84
	32	27
	65	56
	36	31
	69	60
	40	35
	73	64
	44	39
	77	68
	48	43
	81	72
	52	47
	21	19
	85	76
	22	19
	23	19
	57	51
	89	80
	58	52
	27	23
	59	52
	28	23
	61	52
	93	84
net/minecraft/client/renderer/debug/StructureRenderer	27	31
	16	19
	17	20
	18	22
	19	23
	20	24
	22	26
	26	30
	27	31
	15	18
net/minecraft/client/renderer/entity/state/HoglinRenderState	0	0
net/minecraft/client/renderer/entity/state/ShulkerRenderState	0	0
com/mojang/blaze3d/vulkan/VulkanRenderPipeline	261	237
	256	232
	257	233
	258	234
	259	235
	260	236
	261	237
	39	47
	44	54
	45	55
	46	55
	47	55
	48	55
	49	56
	50	58
	51	60
	52	61
	55	65
	56	66
	57	67
	58	68
	59	68
	60	68
	61	68
	62	68
	63	68
	65	69
	66	69
	67	70
	68	71
	69	72
	70	73
	71	74
	73	75
	75	77
	76	79
	77	81
	78	83
	79	85
	80	86
	81	87
	85	88
	86	88
	87	89
	88	90
	89	91
	90	92
	92	93
	93	94
	94	94
	95	95
	96	96
	98	97
	101	100
	102	101
	103	101
	104	102
	105	103
	106	104
	107	105
	108	106
	109	107
	112	112
	113	113
	114	114
	116	115
	117	115
	118	116
	119	117
	121	118
	122	118
	123	119
	124	120
	125	121
	127	122
	128	123
	131	126
	132	126
	133	127
	134	128
	136	129
	137	129
	138	130
	139	131
	140	132
	141	133
	142	134
	144	135
	145	135
	146	135
	148	136
	149	137
	150	140
	151	141
	153	142
	154	143
	155	144
	158	147
	159	148
	160	148
	161	150
	162	151
	163	152
	164	153
	166	156
	168	159
	170	160
	171	160
	172	160
	173	160
	175	161
	176	161
	177	161
	178	161
	179	161
	181	162
	182	162
	183	163
	184	164
	185	165
	187	166
	188	166
	189	166
	190	166
	195	167
	196	168
	197	170
	198	171
	199	172
	201	175
	202	176
	204	177
	205	177
	206	178
	207	179
	208	180
	209	181
	210	182
	211	183
	212	184
	213	185
	214	186
	215	187
	216	188
	217	189
	218	190
	220	191
	221	193
	222	195
	223	196
	226	198
	227	199
	228	201
	229	203
	230	204
	232	206
	235	212
	241	217
	242	225
	244	218
	245	219
	246	220
	247	221
	248	222
	249	223
	250	225
	253	230
	254	230
	255	231
com/mojang/realmsclient/util/task/RestoreTask	69	73
	64	69
	69	73
	23	21
	24	22
	25	23
	26	24
	30	27
	31	28
	33	32
	34	33
	36	36
	37	37
	38	38
	39	39
	41	42
	42	43
	43	44
	44	45
	45	46
	47	49
	48	51
	49	52
	50	53
	52	56
	53	57
	54	58
	55	59
	56	60
	57	61
	59	64
	60	65
	61	66
	62	50
net/minecraft/client/gui/components/debug/DebugEntrySoundCache	26	30
	20	24
	21	25
	22	26
	23	27
	26	30
	15	14
net/minecraft/client/model/animal/sheep/SheepModel	43	34
	32	24
	33	25
	35	27
	40	31
	41	32
	42	33
	43	34
	18	15
	19	16
	22	19
	23	20
	25	21
	26	21
	27	21
	28	21
	30	22
	31	24
com/mojang/blaze3d/preprocessor/GlslPreprocessor	151	130
	129	111
	130	112
	131	113
	134	115
	135	116
	142	125
	143	126
	146	128
	147	129
	148	130
	149	130
	151	130
	24	24
	25	25
	27	26
	28	27
	32	31
	34	32
	36	33
	37	34
	38	35
	39	37
	40	38
	44	39
	45	40
	46	41
	47	42
	50	45
	54	46
	56	47
	57	48
	58	49
	59	50
	60	51
	63	54
	64	55
	65	56
	68	57
	70	58
	71	59
	73	62
	76	64
	77	67
	81	70
	82	71
	84	72
	87	77
	88	78
	89	79
	91	82
	95	86
	96	87
	97	88
	99	89
	101	89
	103	89
	106	91
	110	96
	111	97
	112	98
	113	98
	114	98
	116	99
	120	103
	124	107
	125	108
	126	109
net/minecraft/client/renderer/entity/layers/SheepWoolUndercoatLayer	32	35
	32	35
	21	20
	22	21
	23	22
	27	32
	28	35
	31	33
net/minecraft/client/model/object/statue/CopperGolemStatueModel	18	16
	16	14
	17	15
	18	16
	11	10
	12	11
net/minecraft/client/renderer/state/level/ParticleGroupRenderState	9	9
	9	9
net/minecraft/client/model/animal/panda/BabyPandaModel	74	63
	64	53
	65	54
	66	55
	67	56
	68	57
	69	58
	70	59
	71	60
	72	61
	73	62
	74	63
	16	14
	17	15
	20	18
	21	19
	23	20
	24	20
	25	20
	26	20
	28	21
	29	23
	30	24
	31	26
	32	28
	33	30
	34	32
	36	34
	37	35
	38	35
	39	35
	41	37
	42	38
	43	38
	44	38
	46	40
	47	41
	48	41
	49	41
	51	43
	52	44
	53	44
	54	44
	57	46
	62	51
	63	52
net/minecraft/client/renderer/SubmitNodeCollection	274	356
	259	341
	260	342
	261	343
	265	347
	266	348
	267	349
	269	351
	271	353
	274	356
	90	87
	91	88
	92	89
	96	101
	97	123
	100	102
	102	103
	103	104
	104	105
	105	106
	107	107
	109	108
	110	109
	112	110
	113	111
	114	113
	116	118
	119	121
	120	123
	124	138
	125	144
	129	148
	130	149
	134	153
	135	154
	139	169
	141	170
	142	172
	144	174
	145	175
	146	176
	147	177
	149	179
	153	183
	154	184
	155	185
	156	186
	160	191
	161	192
	162	193
	164	198
	168	202
	169	203
	170	204
	171	205
	173	207
	176	210
	177	211
	179	213
	183	225
	185	226
	186	228
	187	230
	188	231
	190	233
	194	237
	195	238
	196	239
	197	240
	200	248
	203	252
	204	253
	205	255
	206	255
	208	255
	215	261
	216	262
	217	275
	221	281
	222	282
	223	283
	225	285
	227	287
	231	300
	233	301
	234	302
	235	303
	237	305
	240	308
	241	309
	243	323
	247	329
	248	330
	249	331
	250	332
	251	333
	253	335
	255	337
net/minecraft/client/renderer/debug/GameTestBlockHighlightRenderer	42	37
	32	27
	33	28
	34	29
	35	30
	38	33
	39	34
	40	35
	42	37
	23	18
	24	19
	25	20
	28	23
	29	24
net/minecraft/client/gui/components/tabs/TabManager	66	74
	66	74
	22	23
	23	24
	26	29
	27	30
	28	31
	29	32
	30	33
	33	36
	34	37
	35	38
	36	39
	38	41
	41	44
	42	45
	45	48
	46	49
	47	50
	49	53
	50	54
	51	55
	52	56
	54	59
	55	60
	57	63
	58	64
	60	67
	61	68
	63	70
net/minecraft/client/renderer/block/dispatch/multipart/package-info	0	0
net/minecraft/client/renderer/blockentity/PistonHeadRenderer	94	88
	67	64
	68	73
	71	65
	72	66
	73	67
	74	68
	75	69
	76	70
	78	73
	81	76
	82	77
	83	78
	84	79
	85	80
	86	81
	87	82
	88	83
	26	25
	94	88
	31	35
	33	36
	34	37
	35	38
	36	39
	37	40
	39	41
	41	42
	42	43
	43	44
	45	45
	47	46
	48	47
	49	48
	51	49
	52	50
	53	52
	54	53
	56	54
	57	55
	58	56
	60	58
	63	61
net/minecraft/client/renderer/entity/BlazeRenderer	30	27
	16	15
	20	18
	25	23
	30	27
	15	14
net/minecraft/realms/package-info	0	0
net/minecraft/client/renderer/item/properties/conditional/package-info	0	0
com/mojang/blaze3d/shaders/UniformType	0	0
net/minecraft/client/renderer/entity/RenderLayerParent	0	0
com/mojang/blaze3d/vertex/PoseStack	181	169
	131	124
	134	125
	135	126
	136	127
	138	133
	141	130
	142	131
	143	133
	146	136
	147	137
	148	138
	23	21
	151	141
	24	22
	152	142
	153	143
	27	25
	28	26
	156	146
	157	147
	158	148
	31	29
	159	149
	32	30
	162	152
	35	33
	163	153
	36	34
	165	154
	39	37
	167	155
	40	38
	169	157
	43	41
	44	42
	172	160
	47	45
	175	163
	48	46
	176	164
	51	49
	179	167
	52	50
	180	168
	53	51
	181	169
	54	52
	56	54
	58	56
	61	59
	62	60
	64	62
	65	64
	68	67
	72	71
	76	75
	77	76
	80	79
	81	80
	84	83
	85	84
	97	92
	98	93
	99	94
	102	97
	103	98
	104	99
	105	100
	108	103
	114	107
	118	111
	122	115
	123	116
	127	120
net/minecraft/client/gui/GuiGraphicsExtractor	934	1467
	110	118
	111	119
	112	120
	113	121
	114	122
	115	123
	116	124
	117	125
	118	126
	119	127
	122	130
	123	131
	126	134
	127	135
	130	138
	131	139
	134	142
	138	146
	142	150
	146	154
	147	155
	150	158
	151	159
	154	162
	155	162
	156	163
	157	164
	160	167
	161	168
	164	171
	168	175
	169	176
	170	177
	171	178
	173	181
	174	182
	177	185
	178	186
	179	187
	180	188
	182	191
	183	192
	186	195
	187	196
	190	199
	191	200
	192	201
	193	202
	195	205
	196	206
	197	207
	198	208
	200	211
	201	212
	204	215
	205	216
	208	219
	209	220
	212	223
	213	224
	214	225
	215	226
	216	227
	219	240
	225	242
	226	242
	228	245
	231	248
	232	249
	234	252
	235	253
	238	256
	239	257
	242	260
	243	263
	245	261
	246	263
	249	266
	250	267
	253	270
	254	273
	256	271
	257	273
	260	276
	261	277
	264	280
	265	281
	268	284
	269	285
	272	288
	273	289
	274	290
	277	293
	278	294
	281	297
	282	298
	285	301
	286	302
	287	303
	289	305
	292	308
	293	309
	294	310
	295	311
	297	314
	298	315
	301	330
	302	331
	305	345
	306	346
	309	362
	310	363
	313	380
	320	393
	323	398
	324	399
	327	413
	328	414
	331	417
	332	418
	335	423
	336	424
	339	429
	340	430
	341	431
	342	432
	343	433
	344	435
	345	436
	346	438
	347	439
	351	443
	354	457
	355	458
	358	473
	359	474
	360	475
	361	476
	364	478
	365	479
	366	480
	368	482
	371	485
	372	486
	375	491
	376	494
	378	492
	379	492
	382	492
	383	492
	386	494
	389	509
	390	524
	392	510
	393	512
	396	517
	397	518
	398	519
	399	520
	402	524
	405	536
	406	537
	407	538
	408	539
	409	540
	410	541
	411	542
	412	717
	413	543
	414	544
	415	545
	416	561
	417	717
	418	564
	419	565
	420	566
	421	582
	422	717
	426	596
	428	597
	430	613
	432	626
	434	639
	436	655
	438	668
	440	684
	442	700
	443	717
	446	735
	447	754
	449	736
	450	737
	451	739
	454	744
	455	745
	456	746
	457	747
	461	751
	463	754
	466	771
	467	795
	469	772
	470	792
	472	773
	473	774
	474	775
	477	785
	478	786
	479	787
	480	788
	482	795
	485	810
	486	811
	487	812
	490	828
	491	834
	494	852
	495	872
	498	875
	502	879
	503	880
	506	883
	507	884
	510	887
	511	888
	514	891
	515	906
	518	892
	519	893
	521	896
	525	896
	527	897
	528	898
	529	899
	531	900
	532	901
	533	902
	535	903
	537	906
	540	909
	541	910
	544	913
	545	914
	548	917
	549	918
	552	921
	553	928
	555	922
	556	923
	557	924
	558	925
	559	926
	560	928
	563	931
	564	932
	565	933
	566	934
	567	935
	569	937
	572	940
	573	941
	574	942
	576	944
	579	947
	580	948
	581	951
	582	952
	583	953
	584	954
	586	956
	589	959
	590	960
	591	961
	593	962
	595	964
	596	965
	599	966
	600	967
	601	968
	602	969
	603	970
	605	971
	606	972
	607	973
	608	974
	610	990
	612	991
	613	992
	614	993
	615	994
	617	995
	618	996
	619	997
	620	998
	621	1004
	624	1008
	627	1021
	628	1022
	629	1026
	632	1040
	633	1042
	636	1055
	637	1056
	640	1061
	641	1063
	644	1066
	645	1067
	648	1070
	649	1071
	652	1074
	653	1075
	656	1078
	657	1081
	660	1084
	661	1085
	664	1090
	665	1091
	666	1092
	667	1093
	668	1094
	669	1095
	670	1096
	673	1108
	674	1109
	675	1110
	676	1111
	679	1114
	680	1115
	683	1118
	684	1119
	687	1122
	688	1123
	691	1126
	692	1135
	695	1138
	696	1139
	699	1144
	700	1153
	703	1163
	704	1172
	707	1183
	708	1188
	710	1184
	711	1185
	713	1188
	717	1198
	718	1199
	719	1201
	720	1202
	721	1203
	722	1204
	724	1207
	727	1210
	728	1211
	730	1212
	731	1213
	732	1214
	734	1215
	736	1216
	739	1217
	740	1219
	741	1220
	742	1221
	743	1222
	747	1225
	748	1227
	749	1228
	750	1229
	751	1230
	754	1233
	755	1234
	758	1237
	759	1238
	762	1241
	763	1242
	766	1245
	767	1246
	770	1249
	771	1250
	772	1251
	775	1254
	776	1255
	777	1256
	778	1257
	780	1259
	783	1262
	784	1263
	785	1264
	786	1274
	787	1276
	788	1286
	789	1287
	792	1269
	793	1300
	798	1301
	801	1308
	805	1312
	810	1316
	814	1320
	818	1326
	823	1330
	831	1444
	832	1445
	835	1448
	836	1449
	837	1450
	838	1451
	841	1454
	842	1455
	844	1457
	845	1459
	848	1463
	852	1467
	853	1467
	855	1467
	869	1342
	870	1343
	871	1344
	874	1347
	883	1362
	884	1364
	885	1365
	886	1366
	887	1367
	891	1371
	896	1376
	897	1377
	901	1380
	902	1381
	905	1384
	906	1385
	909	1388
	910	1389
	912	1391
	916	1397
	917	1398
	918	1400
	920	1411
	921	1412
	924	1415
	925	1416
	927	1418
	931	1430
	932	1431
	933	1432
	934	1433
net/minecraft/client/model/animal/frog/TadpoleModel	49	37
	32	28
	33	28
	35	29
	36	29
	37	29
	38	29
	41	30
	46	34
	47	35
	48	36
	49	37
	19	18
	20	19
	21	20
	24	23
	25	24
	27	25
	28	26
	29	27
	30	28
	31	28
net/minecraft/client/renderer/entity/ZombieRenderer	28	33
	18	16
	22	26
	23	28
	24	29
	25	30
	26	31
	28	33
	13	12
	14	13
net/minecraft/client/KeyMapping	234	225
	128	97
	129	98
	130	99
	131	100
	133	101
	134	102
	135	103
	138	106
	142	110
	146	114
	147	115
	149	117
	150	118
	154	123
	155	124
	156	125
	159	128
	163	132
	37	211
	167	136
	41	215
	42	216
	171	140
	43	217
	172	141
	45	219
	46	220
	176	144
	177	145
	178	145
	50	225
	180	145
	182	147
	55	31
	56	32
	186	152
	59	35
	187	153
	60	36
	188	153
	190	153
	63	39
	64	40
	65	41
	66	42
	195	157
	69	45
	199	161
	73	48
	74	50
	75	51
	203	165
	76	52
	204	166
	206	167
	79	55
	82	58
	210	171
	83	59
	85	61
	214	175
	88	64
	89	65
	90	66
	218	179
	93	69
	222	183
	96	72
	97	73
	98	74
	226	187
	227	188
	101	77
	230	191
	231	192
	104	80
	105	82
	106	83
	234	196
	108	85
	119	88
	120	89
	123	92
	124	93
	127	96
net/minecraft/client/renderer/blockentity/DecoratedPotRenderer	233	246
	129	121
	131	122
	132	123
	133	124
	134	125
	136	126
	140	130
	141	131
	142	132
	143	133
	146	137
	153	141
	158	151
	159	152
	160	153
	162	154
	163	155
	164	156
	166	158
	168	160
	172	165
	173	166
	175	167
	178	168
	181	169
	182	170
	55	53
	184	171
	57	54
	185	172
	58	55
	59	56
	187	173
	60	57
	188	174
	61	58
	192	176
	193	177
	194	178
	198	182
	199	183
	200	184
	203	187
	207	191
	83	78
	211	202
	84	79
	212	203
	214	204
	87	82
	215	205
	88	83
	216	206
	218	207
	91	86
	219	208
	92	87
	220	219
	93	88
	221	220
	94	89
	222	223
	95	90
	223	224
	224	227
	97	91
	225	228
	98	92
	226	239
	99	93
	100	94
	101	95
	229	242
	102	96
	230	243
	231	244
	232	245
	105	99
	233	246
	106	100
	108	101
	109	102
	111	103
	112	105
	113	106
	114	108
	115	110
	118	112
	119	113
	120	114
	122	115
	126	119
	127	120
net/minecraft/client/particle/NoxiousGasParticle	43	61
	38	47
	39	48
	11	21
	43	61
	12	22
	13	23
	14	24
	15	25
	16	26
	17	27
	21	31
	23	32
	24	33
	25	34
	27	36
	31	40
net/minecraft/client/renderer/entity/layers/BreezeEyesLayer	28	33
	21	20
	22	21
	23	22
	27	32
	28	33
net/minecraft/client/model/package-info	0	0
com/mojang/realmsclient/dto/RealmsWorldResetDto	0	0
net/minecraft/client/gui/screens/multiplayer/ServerReconfigScreen	65	60
	65	60
	35	32
	36	33
	37	35
	38	36
	39	37
	40	38
	41	39
	42	40
	46	44
	47	45
	51	49
	53	50
	54	51
	55	52
	24	21
	25	22
	26	23
	60	55
	61	56
	30	27
	63	58
net/minecraft/client/gui/components/debug/DebugEntryLight	47	51
	32	31
	33	32
	35	33
	37	35
	38	36
	39	38
	41	43
	43	46
	45	48
	47	51
	22	25
	23	26
	25	27
	26	51
	29	28
	30	29
	31	30
com/mojang/blaze3d/pipeline/BlendEquation	0	0
net/minecraft/client/color/item/Dye	24	24
	19	19
	24	24
	13	13
	14	14
	15	14
net/minecraft/client/model/animal/rabbit/RabbitModel	44	34
	32	22
	33	23
	37	26
	38	27
	39	28
	40	29
	42	32
	43	33
	44	34
	29	19
	30	20
	31	21
net/minecraft/client/gui/screens/options/HasDifficultyReaction	0	0
net/minecraft/client/particle/AttackSweepParticle	56	62
	32	31
	34	32
	35	33
	36	37
	39	35
	40	37
	12	11
	44	41
	13	12
	14	13
	15	14
	16	15
	17	16
	18	17
	19	18
	51	48
	20	19
	52	49
	21	20
	56	62
	25	24
	30	29
	31	30
net/minecraft/client/renderer/state/level/SkyRenderState	23	24
	22	23
	23	24
net/minecraft/client/gui/screens/inventory/SmokerScreen	28	24
	27	23
	28	24
net/minecraft/client/renderer/block/dispatch/BlockModelRotation	77	71
	33	30
	35	31
	67	62
	36	32
	37	33
	39	35
	72	67
	43	39
	77	71
	47	43
	51	47
	56	51
	26	23
	27	24
	28	25
	30	27
	62	57
net/minecraft/client/telemetry/events/WorldUnloadEvent	44	41
	33	32
	34	33
	38	37
	39	37
	40	38
	41	39
	42	40
	43	40
	44	41
	19	17
	20	18
	21	19
	23	21
	26	24
	27	25
	29	28
	30	29
net/minecraft/client/gui/render/pip/OversizedItemRenderer	82	77
	65	61
	66	62
	67	63
	71	66
	72	67
	77	72
	82	77
	25	22
	29	26
	30	27
	33	30
	34	31
	38	35
	43	39
	44	40
	45	41
	46	42
	47	43
	48	44
	49	45
	50	46
	51	47
	52	48
	53	49
	54	50
	55	51
	57	53
	59	56
	60	57
	61	58
net/minecraft/client/model/monster/witch/package-info	0	0
com/mojang/blaze3d/opengl/BufferStorage	54	52
	34	49
	35	50
	36	51
	37	52
	44	25
	13	10
	45	26
	14	11
	46	27
	15	12
	17	14
	51	32
	52	33
	53	34
	54	35
	27	42
	28	43
	29	44
net/minecraft/client/renderer/rendertype/RenderSetup	173	188
	128	142
	129	143
	133	147
	134	148
	138	152
	139	153
	143	157
	144	158
	148	162
	149	163
	153	167
	154	168
	158	172
	159	173
	163	177
	164	178
	168	182
	169	183
	173	188
	48	45
	49	46
	50	47
	51	48
	52	49
	53	50
	54	51
	55	52
	56	53
	57	54
	58	55
	62	59
	66	74
	70	80
	71	81
	73	83
	74	84
	75	85
	77	88
	78	89
	80	92
	81	93
	82	94
	83	95
	85	100
	97	112
	98	113
	102	116
	119	133
	120	134
	123	137
	124	138
net/minecraft/client/gui/screens/inventory/StonecutterScreen	221	210
	46	44
	47	45
	48	46
	49	47
	53	51
	54	52
	55	53
	56	54
	58	55
	59	56
	60	57
	61	58
	62	59
	64	60
	65	61
	66	62
	68	64
	72	68
	73	69
	75	70
	77	71
	78	72
	79	73
	83	77
	85	78
	86	79
	87	80
	89	81
	90	82
	91	84
	92	85
	94	86
	95	87
	96	88
	97	89
	98	90
	99	91
	103	95
	106	98
	107	99
	108	100
	109	101
	110	102
	113	104
	114	105
	115	106
	116	107
	118	109
	121	112
	122	113
	123	114
	124	115
	127	118
	130	121
	131	122
	132	124
	133	125
	134	126
	135	127
	136	128
	138	129
	139	130
	141	132
	145	136
	146	137
	147	138
	149	139
	150	141
	151	142
	152	143
	153	144
	154	145
	155	146
	156	147
	157	148
	161	152
	162	153
	163	154
	164	155
	168	159
	173	164
	174	165
	175	166
	177	167
	178	168
	180	169
	182	170
	184	172
	189	178
	190	179
	196	184
	197	185
	200	187
	201	188
	202	189
	203	190
	204	191
	206	194
	210	199
	214	203
	218	207
	219	208
	220	209
	221	210
net/minecraft/client/gui/navigation/FocusNavigationEvent	33	33
	33	19
	18	26
	24	10
	25	11
	11	33
	29	15
net/minecraft/client/gui/ActiveTextCollector	213	214
	128	91
	129	113
	132	92
	133	93
	134	94
	135	95
	138	98
	139	99
	143	103
	144	104
	147	107
	148	108
	150	110
	152	113
	155	116
	32	31
	33	32
	36	35
	37	36
	40	39
	41	40
	172	129
	173	130
	46	45
	47	46
	175	132
	50	49
	178	135
	51	50
	179	136
	180	137
	181	138
	57	55
	185	142
	58	56
	61	59
	62	60
	190	147
	191	148
	65	73
	66	74
	67	75
	195	154
	68	76
	196	156
	69	77
	197	158
	70	78
	198	159
	71	79
	72	80
	73	81
	74	82
	202	171
	203	172
	76	84
	204	173
	77	85
	205	174
	79	87
	208	177
	209	178
	213	183
	89	189
	90	190
	93	193
	98	197
	102	201
	103	201
	105	201
	109	205
	110	205
	112	205
	116	209
	117	210
	118	211
	120	214
	127	90
net/minecraft/client/gui/spectator/package-info	0	0
com/mojang/blaze3d/platform/IconSet	43	41
	34	32
	38	36
	39	37
	40	38
	41	39
	43	41
	20	18
	21	19
	24	22
	25	23
	26	24
	27	25
	28	26
	29	27
com/mojang/blaze3d/vulkan/VulkanRenderPass	386	407
	257	279
	262	284
	263	288
	265	285
	266	286
	267	290
	270	293
	271	397
	274	294
	275	295
	276	296
	277	297
	278	298
	281	301
	282	302
	283	303
	285	306
	286	307
	289	311
	290	312
	291	313
	293	316
	294	317
	296	320
	297	321
	307	327
	308	329
	309	331
	310	332
	311	334
	313	335
	314	336
	315	337
	316	338
	317	339
	318	340
	319	341
	320	342
	321	343
	67	73
	68	74
	324	346
	69	75
	325	347
	70	76
	326	348
	71	77
	327	349
	72	78
	73	79
	329	350
	74	80
	330	351
	75	81
	331	352
	332	353
	77	83
	333	354
	334	355
	79	84
	80	85
	336	358
	81	86
	337	359
	82	87
	338	360
	83	88
	339	361
	84	89
	85	90
	341	362
	342	363
	87	91
	343	364
	88	92
	344	365
	89	93
	345	366
	346	367
	92	96
	350	370
	95	99
	351	372
	352	373
	353	375
	354	376
	355	377
	100	104
	356	378
	101	105
	357	379
	102	106
	359	381
	361	383
	106	110
	362	384
	107	111
	363	384
	364	384
	109	113
	110	114
	111	116
	367	387
	368	388
	115	120
	371	392
	116	121
	117	122
	373	395
	374	397
	119	124
	120	125
	121	127
	378	401
	125	131
	381	402
	126	134
	382	403
	127	137
	383	404
	129	135
	130	139
	386	407
	132	132
	133	133
	134	139
	138	143
	139	144
	140	145
	144	149
	145	150
	146	151
	150	155
	151	156
	153	158
	156	161
	157	162
	158	163
	159	164
	160	165
	164	169
	165	170
	167	172
	169	174
	173	178
	174	179
	175	180
	176	181
	178	183
	182	187
	183	188
	184	189
	186	191
	187	192
	191	196
	192	200
	194	197
	195	198
	196	202
	200	206
	201	212
	203	207
	204	209
	205	214
	209	218
	214	223
	215	229
	217	224
	218	226
	219	231
	223	241
	224	242
	225	243
	226	244
	229	247
	230	249
	231	251
	232	252
	233	253
	235	255
	239	259
	240	263
	242	260
	243	261
	244	263
	248	267
	249	273
	251	268
	252	270
	253	275
net/minecraft/client/gui/screens/recipebook/SlotSelectTime	0	0
net/minecraft/client/resources/model/ModelGroupCollector	73	73
	64	62
	65	63
	69	67
	70	69
	71	70
	73	73
	26	23
	27	24
	29	25
	30	28
	32	29
	34	31
	35	32
	36	33
	38	35
	39	36
	40	37
	42	39
	43	40
	44	42
	45	43
	46	44
	47	45
	48	46
	52	50
	53	51
	54	52
	58	56
	63	61
net/minecraft/client/renderer/entity/state/BeeRenderState	0	0
net/minecraft/client/model/monster/ghast/GhastModel	63	55
	21	21
	23	23
	24	24
	26	26
	29	29
	30	30
	32	31
	33	31
	34	31
	35	31
	38	32
	39	34
	40	35
	41	36
	42	37
	43	38
	44	39
	45	39
	46	39
	50	43
	55	47
	56	48
	57	49
	60	52
	61	53
	63	55
net/minecraft/client/gui/font/providers/FreeTypeUtil	70	66
	64	60
	65	61
	66	62
	67	63
	70	66
	19	16
	20	17
	21	18
	22	19
	23	20
	24	21
	27	25
	32	30
	33	31
	35	33
	38	36
	39	37
	40	38
	42	40
	46	45
	47	46
	48	46
	50	46
	54	50
	55	51
	56	52
	60	56
net/minecraft/client/renderer/entity/state/IronGolemRenderState	0	0
net/minecraft/client/gui/components/debug/DebugScreenDisplayer	0	0
net/minecraft/client/renderer/item/MissingItemModel	53	52
	33	27
	34	28
	35	29
	36	30
	37	31
	41	43
	42	44
	43	45
	44	46
	45	47
	46	48
	47	49
	50	52
	51	52
	53	52
	24	23
	26	23
	30	24
net/minecraft/client/gui/screens/LoadingDotsText	15	9
	14	8
	15	9
net/minecraft/client/renderer/chunk/VisibilitySet	57	58
	32	30
	37	34
	38	35
	39	37
	40	38
	42	41
	44	43
	45	44
	46	46
	15	13
	47	47
	16	14
	48	48
	17	15
	50	50
	51	51
	20	18
	54	55
	23	21
	24	22
	25	23
	57	58
	28	26
	29	27
net/minecraft/client/renderer/block/FluidRenderer	373	428
	31	36
	32	37
	35	40
	39	44
	40	45
	41	46
	42	47
	43	48
	44	49
	46	51
	47	52
	51	57
	57	61
	61	67
	65	73
	66	74
	67	75
	68	76
	69	77
	70	78
	71	79
	72	80
	73	81
	74	82
	75	83
	76	84
	78	85
	79	86
	81	88
	82	89
	83	90
	84	91
	86	92
	87	334
	90	93
	91	94
	93	95
	95	96
	97	97
	104	98
	105	103
	106	104
	107	105
	108	106
	109	107
	111	109
	112	110
	113	111
	114	112
	116	113
	117	114
	118	115
	119	116
	122	119
	123	120
	124	121
	126	122
	127	123
	129	124
	131	126
	132	127
	133	128
	134	129
	145	130
	146	139
	147	140
	148	141
	149	142
	150	143
	151	144
	152	145
	153	146
	154	147
	155	148
	157	150
	158	151
	159	152
	160	153
	161	154
	162	155
	163	156
	164	157
	165	158
	166	159
	167	160
	168	161
	169	162
	172	165
	173	166
	175	167
	183	191
	187	195
	188	196
	189	197
	190	198
	191	199
	192	200
	194	201
	195	202
	197	203
	208	231
	210	233
	220	242
	222	244
	223	245
	224	246
	225	247
	226	248
	227	249
	228	250
	229	251
	230	252
	232	254
	233	255
	234	256
	235	257
	236	258
	237	259
	238	260
	239	261
	240	262
	242	264
	243	265
	244	266
	245	267
	246	268
	247	269
	248	270
	249	271
	250	272
	252	274
	253	275
	254	276
	255	277
	256	278
	257	279
	258	280
	259	281
	260	282
	261	284
	264	287
	265	288
	266	289
	268	290
	269	291
	270	292
	271	293
	272	294
	276	298
	277	299
	279	300
	280	301
	281	302
	283	303
	284	304
	286	305
	297	334
	309	362
	310	363
	311	364
	312	365
	313	366
	315	367
	316	368
	317	369
	318	370
	320	372
	323	377
	324	393
	326	378
	327	379
	328	380
	329	381
	330	382
	332	385
	334	388
	335	389
	336	390
	337	391
	341	398
	342	399
	343	400
	344	401
	345	402
	346	403
	348	405
	351	408
	352	409
	356	413
	357	414
	358	415
	359	415
	361	415
	362	417
	363	417
	365	417
	369	424
	370	425
	373	428
net/minecraft/client/gui/components/debug/DebugEntryDayCount	18	24
	18	24
	12	18
	13	19
	14	20
	15	22
com/mojang/blaze3d/platform/Lighting	78	74
	65	62
	66	63
	67	64
	69	66
	72	69
	73	70
	77	73
	78	74
	36	28
	37	29
	38	30
	40	31
	41	31
	42	31
	43	32
	45	36
	46	36
	47	37
	48	38
	49	39
	51	42
	53	43
	54	44
	55	49
	58	52
	59	54
	60	57
	62	59
net/minecraft/client/renderer/entity/state/TntRenderState	0	0
net/minecraft/client/renderer/entity/state/UndeadRenderState	9	9
	9	9
net/minecraft/client/renderer/BindGroupLayouts	96	40
	96	40
net/minecraft/client/multiplayer/KnownPacksManager	48	49
	33	32
	34	33
	35	35
	36	36
	37	37
	38	38
	39	39
	42	43
	43	44
	47	48
	48	49
	23	22
	24	23
	25	24
	26	25
	27	26
	28	27
	29	28
	30	29
com/mojang/blaze3d/systems/CommandEncoderBackend	0	0
com/mojang/realmsclient/client/package-info	0	0
net/minecraft/client/gui/render/pip/GuiBookModelRenderer	47	41
	32	27
	33	28
	34	29
	36	30
	37	31
	38	32
	42	36
	47	41
	18	16
	23	20
	25	21
	26	22
	27	23
	28	24
	29	25
	30	26
net/minecraft/client/renderer/item/properties/numeric/Time	78	75
	33	33
	35	34
	36	35
	37	36
	39	39
	73	71
	74	72
	44	44
	78	75
	15	15
	16	17
	17	17
	18	19
	51	51
	57	57
	26	26
	27	27
	28	28
	29	29
	63	63
net/minecraft/client/gui/components/toasts/TutorialToast	136	137
	64	67
	65	68
	66	69
	131	132
	68	71
	132	133
	69	72
	70	73
	135	136
	72	75
	136	137
	76	79
	80	83
	85	88
	86	89
	87	90
	89	91
	90	92
	92	94
	93	95
	96	98
	97	99
	98	100
	101	102
	102	103
	40	42
	104	105
	41	43
	42	44
	106	108
	43	45
	44	46
	108	110
	46	49
	47	50
	111	113
	48	51
	112	114
	51	54
	115	117
	52	55
	116	118
	56	59
	61	64
	62	65
	63	66
net/minecraft/client/renderer/entity/EntityRenderer	358	341
	256	247
	259	250
	260	251
	261	252
	262	253
	263	254
	264	255
	266	257
	268	260
	269	261
	271	263
	274	266
	277	269
	278	270
	279	271
	280	272
	283	275
	284	276
	285	277
	286	278
	288	279
	289	280
	290	281
	291	282
	292	283
	293	284
	294	285
	295	286
	298	287
	299	288
	300	289
	302	290
	47	45
	303	292
	48	46
	304	293
	49	47
	305	294
	306	295
	307	297
	52	50
	308	298
	53	51
	309	299
	57	55
	316	306
	61	59
	62	59
	318	308
	64	59
	321	311
	322	312
	323	313
	68	63
	324	314
	69	64
	325	329
	71	65
	72	66
	328	315
	329	316
	74	68
	330	329
	75	69
	76	70
	333	317
	78	73
	334	329
	79	74
	337	318
	82	76
	338	319
	83	77
	339	329
	84	78
	85	79
	86	80
	343	320
	344	321
	89	84
	345	322
	346	323
	347	324
	348	329
	93	90
	351	333
	352	334
	97	94
	353	335
	354	336
	355	337
	101	98
	102	98
	358	341
	104	98
	108	102
	109	103
	110	104
	114	108
	115	109
	118	112
	122	116
	126	120
	127	121
	130	126
	131	127
	132	128
	133	129
	135	132
	136	133
	138	136
	139	137
	142	141
	146	145
	150	149
	156	155
	157	156
	159	157
	160	158
	164	162
	165	163
	166	164
	167	165
	169	166
	170	167
	171	168
	172	169
	173	170
	175	171
	176	172
	177	173
	178	174
	179	175
	180	176
	181	177
	182	178
	184	180
	187	183
	189	184
	191	185
	192	186
	193	187
	194	188
	195	189
	197	190
	198	191
	200	192
	201	193
	202	194
	203	195
	205	196
	206	197
	207	198
	208	199
	209	201
	210	202
	214	206
	216	207
	217	208
	218	209
	219	210
	220	212
	221	213
	222	214
	223	215
	224	216
	225	217
	226	218
	227	219
	228	220
	229	221
	232	224
	233	225
	234	226
	235	227
	236	228
	237	229
	238	230
	239	231
	240	232
	243	235
	246	238
	248	239
	249	240
	250	241
	251	242
	252	243
	255	246
net/minecraft/client/renderer/entity/state/BatRenderState	0	0
net/minecraft/client/gui/font/GlyphStitcher	56	55
	34	32
	35	33
	38	37
	39	38
	40	39
	41	40
	45	44
	46	45
	47	46
	48	47
	49	48
	50	49
	51	50
	20	18
	52	51
	21	19
	22	20
	56	55
	25	23
	26	24
	27	26
	28	27
	30	29
net/minecraft/client/renderer/entity/SkeletonRenderer	22	20
	17	16
	22	20
	12	12
	13	13
net/minecraft/client/particle/PortalParticle	96	98
	67	65
	68	66
	69	67
	71	68
	72	69
	73	78
	76	71
	77	75
	78	72
	15	17
	79	73
	17	18
	81	74
	18	19
	82	75
	19	20
	83	76
	20	21
	84	78
	21	22
	22	23
	23	24
	24	25
	25	26
	90	84
	27	27
	91	85
	29	28
	30	29
	31	30
	95	98
	32	31
	96	98
	34	32
	35	33
	39	37
	44	42
	45	43
	46	44
	50	48
	51	49
	52	50
	53	51
	54	52
	59	57
	60	58
	61	59
	62	60
net/minecraft/client/gui/screens/PresetFlatWorldScreen	315	327
	256	268
	257	269
	261	273
	262	274
	264	276
	265	276
	266	277
	269	280
	277	289
	278	291
	279	292
	280	293
	281	294
	282	295
	286	299
	287	300
	288	301
	292	305
	293	306
	297	310
	298	311
	299	312
	300	313
	301	314
	304	317
	306	318
	307	319
	310	322
	311	323
	315	327
	69	66
	70	67
	71	68
	74	72
	78	75
	79	76
	81	79
	82	80
	83	81
	84	82
	88	85
	89	86
	92	89
	93	90
	97	94
	98	95
	99	96
	100	97
	103	100
	104	101
	105	102
	108	104
	112	109
	113	110
	114	111
	116	113
	117	114
	118	115
	119	116
	121	119
	122	120
	125	121
	126	122
	129	126
	133	137
	134	138
	135	139
	138	141
	140	142
	141	143
	144	145
	145	146
	146	147
	147	148
	148	149
	149	150
	150	151
	151	152
	152	153
	153	154
	157	158
	161	164
	163	166
	164	167
	165	168
	167	171
	170	174
	171	175
	173	176
	178	181
	179	182
	181	183
	182	184
	183	185
	184	186
	185	187
	187	188
	188	189
	189	190
	190	191
	191	192
	192	193
	193	194
	195	195
	197	196
	198	197
	199	198
	200	199
	201	200
	202	202
	204	206
	205	207
	210	211
	215	216
	216	217
	217	218
	218	219
	222	223
	223	224
	227	228
	229	229
	230	230
	231	231
	233	232
	234	233
	237	236
	238	237
	241	241
	242	242
	243	244
	244	251
	245	253
	246	257
	248	261
	251	264
	255	267
net/minecraft/client/gui/components/DebugScreenOverlay	418	457
	79	77
	80	78
	81	79
	82	81
	83	83
	84	84
	85	85
	86	86
	89	89
	90	90
	91	91
	94	94
	95	95
	96	280
	98	96
	99	97
	100	280
	103	98
	104	99
	105	100
	108	102
	109	103
	110	104
	112	106
	114	109
	115	110
	116	111
	119	114
	120	115
	121	116
	122	117
	123	121
	126	125
	127	126
	129	128
	131	130
	135	134
	136	135
	140	139
	141	140
	145	144
	146	145
	149	147
	150	149
	151	150
	152	151
	153	152
	157	156
	158	157
	160	160
	161	161
	164	164
	165	165
	166	166
	167	167
	169	168
	170	169
	171	170
	175	174
	176	175
	177	176
	178	178
	179	179
	180	180
	181	181
	182	182
	183	183
	185	185
	186	186
	192	192
	193	193
	194	194
	195	195
	196	196
	197	198
	198	200
	200	203
	201	206
	203	208
	206	211
	207	212
	209	213
	210	214
	211	215
	212	216
	213	217
	214	218
	215	219
	216	220
	217	221
	219	224
	221	227
	222	228
	223	229
	224	230
	225	231
	227	234
	228	235
	229	236
	231	239
	232	240
	233	241
	234	242
	235	243
	236	244
	237	245
	240	248
	241	249
	242	250
	243	251
	244	252
	245	253
	249	261
	250	260
	251	273
	253	277
	254	280
	257	283
	261	288
	265	294
	266	296
	267	297
	268	298
	269	299
	270	300
	271	301
	272	302
	275	306
	276	307
	277	308
	278	309
	279	310
	280	311
	281	312
	284	315
	287	319
	288	320
	290	322
	291	323
	292	323
	295	323
	299	329
	300	330
	302	331
	303	332
	309	339
	310	353
	312	340
	313	341
	314	342
	315	343
	317	348
	319	351
	323	359
	324	366
	326	360
	327	361
	329	364
	333	371
	334	372
	338	377
	342	381
	346	385
	350	389
	354	393
	355	394
	356	395
	357	396
	358	397
	360	399
	363	402
	364	403
	365	404
	366	405
	367	406
	369	408
	372	411
	373	412
	374	413
	375	414
	376	415
	378	417
	381	420
	382	421
	383	422
	385	424
	388	427
	389	428
	392	431
	396	435
	400	439
	404	443
	408	447
	409	448
	410	449
	412	451
	415	454
	416	455
	417	456
	418	457
net/minecraft/client/model/animal/armadillo/ArmadilloModel	83	70
	64	52
	66	54
	67	55
	68	56
	69	57
	70	58
	72	59
	73	60
	76	63
	77	64
	80	67
	81	68
	82	69
	83	70
	41	32
	43	33
	44	34
	45	35
	46	36
	47	37
	48	38
	50	39
	51	40
	52	41
	53	42
	54	43
	58	46
	59	47
	60	48
	61	49
	62	50
	63	51
net/minecraft/client/particle/TrackingEmitter	48	48
	32	32
	33	33
	34	34
	35	35
	36	36
	39	37
	40	38
	41	39
	42	40
	44	44
	45	45
	46	46
	15	15
	16	16
	48	48
	19	19
	20	20
	23	23
	24	24
	25	25
	26	26
	27	27
	28	28
net/minecraft/client/particle/RisingParticle	18	19
	17	18
	18	19
	8	10
	9	11
	10	12
	11	13
	12	14
	13	15
	14	16
	15	17
net/minecraft/client/gui/layouts/LayoutElement	28	27
	22	21
	26	25
	27	26
	28	27
net/minecraft/client/renderer/special/SpecialModelRenderer	0	0
com/mojang/realmsclient/util/package-info	0	0
net/minecraft/client/multiplayer/chat/report/ReportEnvironment	64	57
	64	57
	33	35
	34	35
	36	35
	40	40
	41	40
	43	40
	13	14
	47	44
	17	18
	49	45
	50	46
	51	47
	21	22
	54	50
	25	26
	29	30
	63	56
net/minecraft/client/gui/spectator/categories/SpectatorPage	29	25
	16	14
	17	15
	18	16
	21	19
	22	21
	25	20
	29	25
net/minecraft/client/renderer/block/dispatch/BlockStateModel	113	96
	69	85
	70	86
	71	87
	72	86
	73	89
	80	96
	89	37
	92	41
	32	30
	97	46
	98	47
	102	51
	103	52
	107	56
	45	66
	46	67
	47	67
	48	68
	113	61
	52	71
	54	72
	55	73
	56	75
	57	76
	58	80
	60	77
	63	83
com/mojang/blaze3d/platform/BlendFactor	0	0
net/minecraft/client/renderer/entity/ExperienceOrbRenderer	83	88
	65	57
	67	58
	68	59
	71	73
	72	79
	76	82
	81	86
	82	87
	83	88
	22	21
	23	22
	24	23
	25	24
	29	27
	34	33
	36	34
	37	35
	38	36
	39	37
	40	38
	42	39
	43	40
	44	41
	46	42
	47	43
	48	44
	49	45
	50	46
	52	47
	53	48
	55	49
	56	50
	58	51
	59	52
	60	53
	61	54
	62	55
	63	56
net/minecraft/client/model/animal/dolphin/BabyDolphinModel	63	51
	15	13
	16	14
	19	17
	20	18
	22	19
	23	20
	24	20
	25	20
	27	22
	28	23
	29	23
	30	23
	32	25
	33	26
	34	26
	35	26
	37	28
	38	30
	39	30
	40	31
	42	33
	43	35
	44	35
	45	36
	47	38
	48	39
	49	39
	50	39
	52	41
	53	43
	54	43
	55	44
	57	46
	58	48
	59	48
	60	49
	63	51
net/minecraft/client/renderer/entity/state/GuardianRenderState	0	0
com/mojang/blaze3d/Blaze3D	17	16
	17	16
	9	8
	10	9
	13	12
com/mojang/blaze3d/platform/ClientShutdownWatchdog	61	49
	36	30
	37	45
	44	31
	45	32
	46	33
	47	34
	48	35
	50	37
	52	40
	53	41
	22	21
	23	22
	56	42
	25	49
	58	45
	59	46
	27	45
	60	47
	61	49
	29	25
	30	26
	31	27
net/minecraft/client/renderer/item/RangeSelectItemModel	123	139
	33	33
	34	34
	35	35
	36	36
	37	37
	38	38
	43	41
	44	42
	45	43
	46	44
	49	48
	51	50
	52	51
	53	52
	54	53
	57	55
	63	70
	64	71
	66	73
	68	74
	70	76
	71	77
	73	80
	74	81
	83	101
	84	103
	85	104
	86	105
	87	106
	88	107
	89	109
	93	114
	98	119
	99	120
	100	121
	101	122
	102	123
	103	125
	104	126
	105	127
	106	128
	108	131
	109	132
	114	137
	115	138
	116	139
	120	84
	121	86
	122	87
	123	89
net/minecraft/client/renderer/item/properties/select/DisplayContext	28	30
	18	20
	23	25
	28	30
net/minecraft/client/gui/components/LerpingBossEvent	36	44
	34	42
	35	43
	36	44
	16	26
	17	27
	18	28
	19	29
	20	30
	21	31
	22	32
	23	33
	27	36
	28	37
	29	38
	30	39
net/minecraft/client/gui/screens/options/OptionsSubScreen	84	82
	65	62
	69	66
	70	67
	74	71
	75	72
	77	75
	78	76
	81	79
	82	80
	84	82
	24	23
	25	24
	26	25
	27	26
	31	30
	32	31
	33	32
	35	33
	36	34
	37	35
	40	38
	41	39
	44	42
	45	43
	47	44
	48	45
	49	46
	51	48
	56	53
	57	54
	61	58
	62	59
	63	60
net/minecraft/client/renderer/entity/state/PandaRenderState	0	0
net/minecraft/client/renderer/entity/PhantomRenderer	50	43
	33	29
	34	30
	35	31
	36	32
	40	35
	41	36
	43	37
	44	38
	16	16
	48	41
	49	42
	18	17
	50	43
	19	18
	23	21
	28	25
net/minecraft/client/gui/screens/recipebook/FurnaceRecipeBookComponent	65	61
	32	30
	64	60
	65	61
	37	35
	38	36
	39	37
	45	43
	47	44
	48	45
	49	46
	50	47
	51	48
	55	51
	26	24
	27	25
	59	55
	28	26
net/minecraft/client/renderer/entity/AbstractSkeletonRenderer	44	38
	32	29
	36	32
	41	36
	42	37
	44	38
	14	14
	15	15
	18	20
	20	21
	21	21
	22	21
	24	22
	28	25
	29	26
	30	27
	31	28
net/minecraft/client/renderer/entity/LightningBoltRenderer	138	125
	132	120
	133	121
	134	122
	138	125
	15	15
	16	16
	20	21
	21	22
	22	23
	23	24
	25	25
	26	27
	27	28
	28	29
	29	30
	30	31
	34	34
	35	35
	36	36
	37	37
	38	39
	39	40
	40	42
	41	43
	42	44
	43	45
	44	46
	46	49
	47	50
	49	53
	50	54
	51	56
	52	57
	53	58
	54	59
	55	60
	56	61
	58	63
	59	64
	62	67
	63	68
	64	69
	65	70
	67	71
	68	72
	69	73
	72	76
	73	77
	74	78
	77	81
	78	82
	79	83
	80	84
	84	88
	85	89
	88	109
	89	109
	91	109
	93	109
	95	109
	97	110
	98	110
	100	110
	102	110
	104	110
	106	111
	107	111
	109	111
	111	111
	113	111
	115	112
	116	112
	118	112
	120	112
	122	112
	123	113
	127	116
net/minecraft/client/resources/language/package-info	0	0
net/minecraft/client/gui/screens/social/SocialInteractionsScreen	298	306
	256	261
	261	267
	265	271
	266	272
	267	273
	268	274
	269	275
	271	277
	274	280
	275	281
	276	282
	277	283
	278	284
	279	285
	280	286
	281	287
	283	290
	284	291
	286	293
	288	296
	290	298
	293	301
	294	302
	297	305
	298	306
	76	70
	77	71
	80	74
	81	75
	82	76
	83	77
	86	80
	90	84
	94	88
	99	93
	100	94
	102	95
	107	100
	109	101
	111	102
	112	103
	113	104
	115	106
	116	109
	117	114
	119	118
	120	122
	123	127
	124	128
	126	129
	129	133
	130	134
	131	135
	132	136
	133	137
	134	138
	136	139
	137	141
	138	142
	140	144
	141	145
	143	146
	145	147
	146	148
	147	149
	151	153
	152	154
	154	156
	158	160
	159	161
	160	162
	161	163
	162	164
	163	165
	164	166
	165	167
	166	168
	167	169
	168	170
	172	174
	173	175
	177	179
	178	180
	181	183
	182	184
	183	185
	184	186
	185	187
	186	188
	188	190
	189	191
	190	192
	191	193
	193	195
	194	196
	195	197
	196	198
	197	199
	199	201
	200	202
	201	203
	202	210
	203	211
	207	214
	208	215
	209	216
	210	217
	211	218
	212	219
	213	220
	214	221
	217	224
	221	228
	223	229
	224	230
	225	231
	226	232
	230	236
	231	237
	233	238
	234	239
	237	242
	238	243
	239	244
	240	245
	241	246
	242	247
	243	248
	244	249
	247	252
	248	253
	252	257
	253	258
	254	259
net/minecraft/client/telemetry/ClientTelemetryManager	115	102
	67	65
	68	66
	71	68
	72	69
	73	70
	76	72
	77	73
	78	73
	81	74
	82	75
	83	91
	86	76
	87	77
	88	78
	89	79
	26	26
	90	80
	27	27
	28	28
	92	81
	94	82
	95	83
	97	89
	100	84
	101	85
	102	86
	40	38
	104	89
	41	39
	105	91
	43	40
	44	41
	45	42
	109	97
	46	43
	47	44
	48	45
	49	46
	50	47
	114	101
	51	48
	115	102
	52	49
	54	50
	55	51
	56	52
	59	57
	63	61
net/minecraft/client/data/models/package-info	0	0
net/minecraft/client/tutorial/TutorialSteps	36	36
	32	31
	33	32
	18	17
	19	18
	20	19
	36	36
	23	22
	27	26
	31	30
net/minecraft/client/particle/SculkChargePopParticle	47	54
	36	34
	37	35
	38	36
	43	50
	44	51
	13	14
	45	52
	14	15
	46	53
	47	54
	16	16
	17	17
	19	18
	21	19
	22	20
	26	24
	31	29
net/minecraft/client/renderer/state/level/BlockBreakingRenderState	0	0
net/minecraft/client/server/IntegratedServer	441	451
	256	268
	257	269
	258	270
	261	273
	262	274
	263	275
	264	276
	265	278
	266	279
	268	281
	271	284
	272	285
	273	286
	274	287
	275	288
	278	291
	279	292
	280	293
	282	295
	286	298
	287	299
	290	301
	291	302
	294	305
	296	306
	297	308
	298	309
	299	310
	302	314
	303	315
	304	316
	309	321
	310	322
	311	323
	315	326
	316	327
	317	327
	319	328
	320	329
	323	332
	325	333
	326	334
	327	335
	72	88
	74	100
	75	101
	331	338
	76	102
	78	103
	79	104
	336	342
	83	107
	85	108
	341	346
	87	109
	343	347
	344	348
	89	110
	91	111
	92	112
	348	351
	93	113
	94	114
	95	115
	353	355
	100	119
	357	359
	358	360
	105	127
	106	126
	362	363
	107	139
	108	143
	109	144
	111	146
	367	367
	115	149
	372	371
	117	150
	119	151
	120	152
	121	153
	377	376
	122	154
	378	376
	123	155
	124	156
	380	376
	127	159
	128	160
	129	180
	385	380
	386	381
	387	382
	132	162
	389	384
	390	385
	135	163
	391	386
	138	166
	394	388
	395	393
	140	167
	396	394
	141	168
	397	395
	142	169
	398	414
	143	170
	400	409
	145	173
	401	410
	146	174
	147	175
	148	176
	149	177
	406	420
	151	180
	407	421
	408	422
	155	183
	412	425
	413	426
	414	427
	415	428
	160	187
	419	431
	164	191
	420	432
	165	193
	421	433
	166	194
	422	434
	168	196
	426	437
	172	199
	430	441
	177	203
	434	445
	435	448
	437	446
	182	207
	438	448
	441	451
	187	211
	192	215
	197	219
	202	223
	207	227
	212	231
	213	232
	217	235
	218	236
	219	237
	221	238
	226	242
	231	246
	232	263
	235	248
	236	249
	238	250
	239	251
	240	252
	241	253
	242	254
	244	255
	245	256
	247	257
	249	258
	250	259
	252	260
net/minecraft/client/model/animal/feline/BabyOcelotModel	9	9
	8	8
	9	9
net/minecraft/client/gui/font/EmptyArea	34	26
	34	26
	19	11
	24	16
	29	21
net/minecraft/client/renderer/block/model/ConditionalBlockModel	40	31
	17	16
	18	17
	19	18
	20	19
	36	30
	37	31
	39	31
	24	23
	40	31
	25	24
net/minecraft/client/gui/components/debugchart/FpsDebugChart	48	44
	34	30
	39	35
	44	40
	48	44
	17	14
	18	15
	22	19
	23	20
	24	21
	26	22
	27	23
	28	24
	30	26
net/minecraft/client/renderer/block/BlockModelResolver	28	27
	16	15
	17	16
	20	19
	21	20
	22	21
	23	22
	26	25
	27	26
	28	27
net/minecraft/client/renderer/entity/state/ParrotRenderState	0	0
com/mojang/realmsclient/gui/screens/configuration/RealmsPreferredRegionSelectionScreen	170	182
	128	138
	129	139
	131	141
	134	144
	136	146
	140	150
	145	155
	146	156
	147	157
	148	159
	150	161
	154	165
	155	166
	156	167
	157	168
	158	169
	160	171
	165	177
	166	178
	167	179
	168	180
	170	182
	45	41
	46	42
	47	43
	48	44
	49	45
	50	46
	54	50
	55	51
	59	55
	60	56
	61	57
	63	58
	65	59
	66	60
	67	61
	69	67
	71	71
	72	72
	73	73
	77	77
	78	78
	79	79
	81	81
	84	84
	85	85
	87	88
	88	89
	91	92
	92	93
	94	95
	97	99
	98	101
	100	107
	101	108
	102	109
	103	112
	104	113
	105	114
	109	117
	111	118
	112	119
	114	122
	115	123
	122	130
	123	131
	125	134
	126	136
	127	137
net/minecraft/client/renderer/texture/Dumpable	0	0
net/minecraft/client/particle/NoteParticle	47	53
	34	32
	41	39
	42	40
	11	11
	12	12
	13	13
	14	14
	46	53
	15	15
	47	53
	16	16
	17	17
	19	18
	20	19
	21	20
	23	21
	24	22
	25	23
	29	27
net/minecraft/client/particle/ShriekParticle	85	84
	66	57
	67	58
	68	62
	71	60
	72	62
	78	68
	79	69
	83	82
	20	18
	84	83
	85	84
	22	19
	24	20
	25	21
	26	22
	28	23
	29	24
	30	25
	31	26
	35	30
	40	35
	41	43
	44	36
	46	37
	47	38
	48	39
	50	40
	51	41
	52	43
	56	47
	61	52
net/minecraft/client/gui/screens/reporting/NameReportScreen	57	53
	32	30
	33	31
	37	35
	38	39
	40	41
	41	42
	42	43
	43	44
	44	45
	45	46
	51	50
	52	51
	54	53
	55	53
	24	22
	25	23
	57	53
	28	26
	29	27
net/minecraft/client/renderer/PostChainConfig	123	116
	64	74
	65	76
	68	80
	69	81
	75	28
	76	29
	77	30
	78	31
	22	18
	23	20
	24	21
	25	23
	94	103
	95	105
	96	106
	33	42
	97	107
	34	44
	98	108
	35	45
	99	109
	36	46
	100	111
	37	47
	38	49
	104	116
	49	57
	50	59
	114	86
	51	60
	115	88
	52	61
	116	89
	117	90
	118	91
	55	65
	119	93
	59	68
	123	98
	60	70
	61	71
	62	72
	63	73
net/minecraft/client/renderer/block/dispatch/VariantSelector	53	54
	32	31
	34	35
	35	36
	40	41
	41	42
	42	43
	43	44
	47	48
	20	20
	21	22
	53	54
	22	23
	23	24
	24	25
	25	26
	26	27
	27	28
	28	29
	29	30
	30	34
com/mojang/realmsclient/gui/screens/configuration/RealmsConfigureWorldScreen	372	364
	258	244
	260	246
	261	247
	262	248
	265	251
	266	252
	267	253
	269	255
	272	258
	273	259
	274	261
	277	264
	278	265
	279	266
	281	267
	283	270
	284	271
	287	274
	288	275
	289	276
	290	277
	292	280
	293	281
	294	282
	295	283
	296	284
	299	287
	300	288
	303	291
	304	292
	306	293
	308	296
	309	297
	310	298
	311	299
	312	300
	313	301
	314	302
	315	303
	316	304
	317	305
	318	306
	319	307
	64	60
	322	310
	323	311
	326	314
	327	315
	328	318
	74	71
	75	72
	331	321
	76	73
	332	322
	77	74
	333	323
	78	75
	79	76
	336	326
	337	327
	82	79
	338	328
	83	80
	339	329
	340	330
	87	84
	88	85
	344	334
	91	88
	347	337
	92	89
	349	340
	350	341
	95	92
	351	342
	96	93
	97	94
	353	344
	98	95
	99	96
	355	347
	100	97
	356	349
	101	98
	357	350
	102	100
	358	351
	103	101
	104	102
	360	348
	106	103
	108	104
	364	356
	109	105
	365	357
	110	106
	366	358
	111	107
	112	108
	114	109
	370	362
	371	363
	116	110
	372	364
	117	111
	118	112
	119	113
	121	114
	122	115
	124	116
	125	117
	127	119
	130	122
	131	123
	133	125
	136	128
	137	129
	139	131
	142	134
	146	138
	150	142
	154	146
	159	151
	160	159
	162	152
	164	153
	165	154
	166	155
	167	156
	168	157
	169	159
	172	162
	173	163
	174	164
	175	165
	178	168
	182	172
	183	173
	184	174
	188	178
	189	178
	191	178
	196	183
	197	184
	198	185
	202	189
	203	190
	205	193
	206	194
	207	195
	209	197
	212	200
	214	201
	215	203
	216	204
	217	205
	218	206
	219	207
	222	210
	223	210
	224	210
	225	211
	226	212
	227	213
	228	214
	229	215
	232	218
	233	261
	236	219
	237	221
	238	222
	239	223
	243	227
	244	228
	245	229
	248	232
	249	233
	252	236
	253	238
	254	239
net/minecraft/client/renderer/blockentity/state/StandingSignRenderState	0	0
net/minecraft/client/renderer/entity/IronGolemRenderer	64	57
	32	29
	64	57
	37	33
	42	37
	43	38
	44	39
	45	40
	46	41
	48	43
	50	46
	51	47
	55	50
	24	22
	56	51
	25	23
	57	57
	26	24
	27	25
	28	26
	60	52
	61	53
	62	54
	63	55
net/minecraft/client/model/object/banner/BannerFlagModel	36	35
	34	33
	35	34
	36	35
	17	17
	18	18
	19	19
	22	22
	23	23
	24	24
	25	26
	26	26
	27	27
	29	29
net/minecraft/client/resources/model/ModelManager	298	394
	272	369
	273	370
	274	371
	278	376
	287	385
	288	386
	289	387
	290	388
	294	393
	295	394
	296	394
	298	394
	75	78
	76	79
	77	80
	78	81
	81	84
	85	88
	89	92
	93	96
	97	100
	102	106
	103	107
	105	108
	106	109
	107	111
	108	113
	109	114
	110	117
	112	123
	114	124
	115	125
	116	126
	118	127
	119	130
	122	133
	123	136
	124	138
	125	139
	126	140
	127	141
	129	142
	130	143
	131	144
	134	148
	135	148
	138	151
	139	152
	140	153
	141	154
	143	157
	145	162
	146	163
	150	167
	151	168
	152	170
	153	172
	154	173
	155	174
	156	182
	157	198
	158	199
	159	200
	160	201
	164	207
	169	226
	170	221
	171	222
	172	223
	173	224
	174	242
	175	238
	179	254
	180	255
	182	256
	184	258
	187	260
	188	260
	189	261
	191	262
	192	263
	194	264
	196	265
	201	287
	202	276
	204	278
	205	279
	206	280
	207	281
	209	283
	211	303
	212	299
	216	312
	217	328
	218	324
	222	332
	223	333
	224	334
	225	335
	226	336
	227	337
	228	338
	229	339
	230	340
	231	341
	234	344
	235	345
	237	347
	238	348
	239	349
	240	350
	241	351
	242	352
	243	353
	247	357
	251	362
net/minecraft/client/gui/components/debug/DebugEntrySimplePerformanceImpactors	35	41
	16	20
	17	21
	19	23
	35	41
	20	26
	21	27
	22	28
	25	31
	26	32
	27	33
	29	35
	31	37
net/minecraft/client/renderer/blockentity/state/CopperGolemStatueRenderState	0	0
com/mojang/blaze3d/shaders/ShaderSource	0	0
com/mojang/realmsclient/gui/screens/RealmsTermsScreen	97	101
	64	69
	68	73
	69	74
	70	75
	71	76
	74	78
	79	84
	84	91
	86	92
	87	93
	88	94
	90	95
	91	96
	92	97
	93	98
	95	99
	96	100
	97	101
	34	32
	35	33
	36	34
	37	35
	41	39
	43	41
	44	44
	45	48
	49	52
	50	53
	51	54
	53	56
	57	61
	59	64
	60	65
	61	66
	62	67
net/minecraft/client/data/models/EquipmentAssetProvider	124	142
	23	25
	24	26
	27	29
	28	32
	29	33
	30	34
	31	36
	32	37
	33	39
	35	41
	36	42
	37	43
	38	44
	39	45
	40	46
	41	47
	42	47
	44	49
	45	50
	46	53
	47	54
	48	55
	50	57
	51	60
	52	61
	55	63
	56	64
	57	67
	58	68
	59	69
	60	70
	61	71
	62	72
	63	73
	64	74
	65	75
	66	76
	67	77
	70	80
	71	81
	72	82
	73	83
	74	88
	75	90
	79	94
	80	95
	81	96
	82	97
	83	100
	84	101
	87	105
	88	108
	89	109
	91	111
	92	114
	93	115
	95	117
	98	120
	99	120
	100	120
	104	124
	105	125
	106	126
	107	127
	108	128
	113	132
	114	133
	115	134
	116	135
	118	137
	119	138
	124	142
net/minecraft/client/gui/components/StringWidget	75	77
	64	64
	66	65
	67	66
	68	67
	69	69
	70	72
	73	75
	75	77
	17	15
	18	16
	21	19
	22	20
	25	23
	26	24
	27	25
	31	29
	32	30
	33	31
	36	34
	40	38
	41	39
	42	40
	47	45
	48	46
	49	47
	50	48
	52	51
	54	53
	59	59
	60	60
	61	61
	62	62
	63	63
net/minecraft/client/renderer/block/model/package-info	0	0
net/minecraft/client/renderer/ItemInHandRenderer	709	672
	512	445
	514	446
	515	447
	516	448
	517	449
	518	450
	520	451
	521	452
	522	453
	523	454
	525	457
	526	458
	527	459
	528	460
	529	461
	531	464
	533	465
	534	466
	536	468
	539	469
	540	470
	541	471
	545	475
	547	484
	548	485
	550	486
	551	487
	552	488
	553	489
	555	492
	559	498
	560	499
	561	500
	563	502
	564	503
	565	504
	566	505
	567	506
	571	510
	572	511
	573	512
	574	513
	576	514
	577	515
	578	516
	579	517
	580	518
	582	521
	583	522
	584	523
	585	524
	586	525
	588	528
	590	529
	591	530
	592	531
	594	533
	595	534
	596	535
	597	536
	599	537
	600	538
	601	539
	602	540
	604	543
	605	544
	606	545
	607	546
	608	547
	610	550
	612	551
	613	552
	614	553
	615	555
	616	558
	618	561
	619	562
	620	563
	623	565
	624	566
	625	567
	626	568
	627	569
	629	571
	630	572
	633	577
	634	580
	637	584
	640	594
	641	596
	644	599
	645	600
	646	601
	647	602
	648	603
	649	604
	652	607
	653	608
	656	609
	660	613
	661	614
	663	617
	664	618
	666	620
	670	623
	671	624
	673	625
	674	626
	675	627
	678	628
	167	123
	168	124
	680	629
	169	125
	681	630
	170	126
	682	631
	684	633
	173	136
	174	141
	686	634
	687	635
	177	137
	689	636
	178	138
	690	637
	179	139
	180	141
	694	640
	183	144
	695	641
	184	145
	185	146
	186	146
	698	644
	699	645
	701	647
	190	150
	192	151
	704	650
	705	651
	194	152
	707	653
	196	153
	197	154
	709	655
	198	155
	199	156
	201	157
	202	158
	203	159
	205	163
	207	166
	208	167
	211	178
	213	179
	215	180
	216	181
	217	182
	218	183
	219	184
	222	187
	223	188
	225	189
	226	190
	227	191
	228	192
	229	193
	230	194
	232	195
	233	196
	234	197
	235	198
	236	199
	239	209
	240	210
	241	211
	242	212
	244	213
	245	214
	246	215
	248	216
	249	217
	250	218
	252	219
	253	220
	255	221
	258	224
	259	225
	261	226
	263	227
	264	228
	267	231
	268	232
	270	233
	272	234
	273	235
	275	236
	276	237
	278	238
	280	239
	282	240
	283	241
	284	242
	285	243
	286	244
	288	245
	289	246
	290	247
	291	248
	293	250
	296	260
	297	261
	298	262
	299	263
	300	264
	301	265
	302	266
	308	267
	310	268
	311	269
	312	270
	313	271
	315	272
	317	273
	318	274
	319	275
	320	276
	321	277
	323	278
	324	279
	325	280
	326	281
	328	283
	330	285
	333	288
	334	289
	336	290
	337	291
	338	292
	341	295
	343	296
	344	297
	346	298
	347	299
	348	300
	349	301
	352	304
	353	305
	354	306
	356	307
	357	308
	358	309
	359	310
	361	311
	363	312
	364	313
	365	314
	367	315
	368	316
	370	317
	371	318
	373	320
	375	321
	376	322
	377	323
	379	324
	381	326
	384	329
	386	330
	387	331
	389	332
	390	333
	391	334
	392	335
	393	336
	396	339
	397	340
	398	341
	401	346
	402	347
	403	348
	405	349
	407	350
	408	351
	409	352
	410	353
	412	354
	413	355
	414	356
	415	358
	418	372
	419	373
	420	374
	421	376
	423	380
	435	667
	436	668
	437	669
	440	672
	448	384
	449	385
	451	386
	452	387
	454	388
	455	389
	458	390
	459	391
	462	393
	463	394
	466	395
	470	400
	471	401
	473	402
	474	407
	478	403
	479	404
	480	405
	484	412
	488	427
	489	596
	492	428
	493	429
	495	430
	496	431
	497	432
	498	433
	501	435
	502	436
	503	437
	505	439
	507	441
	508	442
	510	443
	511	444
net/minecraft/client/renderer/fog/environment/FogEnvironment	29	28
	17	16
	21	20
	25	24
	29	28
net/minecraft/client/gui/Font	388	377
	258	335
	259	336
	260	337
	263	340
	266	343
	267	344
	270	347
	271	348
	272	349
	273	350
	275	352
	279	357
	280	358
	281	359
	282	360
	283	361
	284	361
	286	361
	287	363
	288	363
	290	363
	295	370
	296	377
	298	371
	299	372
	44	40
	300	373
	45	41
	301	374
	46	42
	302	375
	49	45
	307	84
	308	85
	309	86
	54	50
	310	87
	55	51
	311	88
	56	52
	57	53
	313	91
	60	54
	317	95
	318	96
	64	59
	320	99
	65	61
	321	100
	66	62
	322	101
	67	63
	68	64
	69	65
	70	66
	326	113
	71	67
	327	114
	72	68
	328	115
	73	69
	75	70
	76	71
	332	119
	77	72
	79	73
	336	123
	84	79
	340	127
	85	80
	344	131
	348	135
	352	139
	356	143
	360	147
	364	151
	109	219
	110	220
	111	221
	368	155
	112	222
	114	223
	115	224
	372	159
	116	225
	117	226
	119	227
	377	170
	378	171
	124	213
	381	174
	125	214
	382	175
	127	217
	128	228
	385	178
	129	229
	130	230
	131	231
	388	181
	132	232
	133	233
	134	234
	135	235
	138	238
	139	239
	140	240
	141	241
	142	242
	145	245
	146	252
	148	246
	149	247
	150	248
	151	249
	152	250
	153	252
	156	255
	157	256
	158	257
	161	260
	162	261
	164	264
	165	265
	166	266
	169	269
	170	270
	172	273
	173	274
	177	277
	178	278
	182	282
	184	283
	186	284
	187	285
	188	286
	190	287
	191	288
	192	289
	193	290
	195	291
	196	292
	197	293
	198	294
	199	295
	202	298
	204	299
	205	300
	217	305
	218	306
	229	311
	230	312
	235	317
	236	318
	248	325
	249	326
	252	329
	253	330
	254	331
net/minecraft/client/particle/SmokeParticle	21	40
	16	26
	17	27
	21	40
	9	19
	10	20
net/minecraft/client/renderer/entity/state/FoxRenderState	0	0
com/mojang/blaze3d/audio/OpenAlUtil	74	79
	65	68
	66	69
	67	70
	68	73
	69	74
	74	79
	14	14
	15	15
	16	16
	17	17
	18	18
	19	19
	20	20
	25	25
	26	26
	27	27
	28	28
	30	30
	34	35
	35	36
	36	37
	37	39
	38	38
	39	40
	40	41
	45	46
	46	47
	47	48
	48	49
	50	51
	54	56
	55	57
	56	58
	58	59
	59	60
	60	61
	61	62
	62	65
	63	66
net/minecraft/client/gui/components/debug/DebugEntryChunkSourceStats	22	28
	16	22
	18	24
	22	28
	11	16
	12	17
	13	18
	15	21
net/minecraft/client/animation/AnimationChannel	45	29
	36	20
	37	21
	38	22
	39	23
	40	24
	41	25
	42	26
	43	27
	29	15
	45	29
	30	16
	31	17
net/minecraft/client/gui/screens/multiplayer/RestrictionsScreen	115	106
	35	33
	36	34
	37	35
	38	36
	42	40
	44	41
	45	42
	48	43
	50	44
	51	48
	52	49
	53	50
	54	51
	55	52
	56	53
	57	54
	60	56
	62	58
	64	60
	66	62
	67	63
	70	66
	71	67
	72	68
	73	69
	74	70
	76	71
	77	72
	78	74
	79	75
	80	76
	81	77
	82	78
	85	80
	86	81
	88	82
	89	83
	91	84
	92	85
	93	86
	96	89
	97	90
	98	91
	99	92
	101	93
	107	98
	108	99
	112	103
	113	104
	114	105
	115	106
net/minecraft/client/renderer/entity/StrayRenderer	26	23
	16	15
	17	16
	21	19
	26	23
	14	14
net/minecraft/client/sounds/WeighedSoundEvents	73	75
	65	67
	70	72
	71	73
	73	75
	20	20
	21	21
	22	22
	23	23
	25	26
	27	28
	29	30
	33	34
	34	36
	35	37
	37	40
	42	44
	44	45
	45	57
	48	46
	49	48
	50	49
	52	50
	53	51
	57	55
	61	62
	62	63
com/mojang/realmsclient/client/UploadStatus	63	59
	34	32
	35	33
	38	36
	42	40
	46	44
	15	13
	16	14
	50	48
	19	17
	51	49
	20	18
	52	50
	21	19
	53	56
	22	20
	23	21
	55	51
	56	52
	26	24
	58	53
	59	54
	60	56
	30	28
	63	59
net/minecraft/client/model/animal/pig/BabyPigModel	54	51
	15	13
	16	14
	19	17
	20	18
	22	19
	23	20
	24	20
	25	20
	27	22
	28	24
	29	25
	30	27
	31	29
	33	31
	34	33
	35	33
	36	34
	38	36
	39	38
	40	38
	41	39
	43	41
	44	43
	45	43
	46	44
	48	46
	49	48
	50	48
	51	49
	54	51
com/mojang/blaze3d/textures/FilterMode	0	0
net/minecraft/client/renderer/item/properties/conditional/Broken	20	22
	20	22
	15	17
com/mojang/realmsclient/exception/RealmsDefaultUncaughtExceptionHandler	15	15
	9	10
	10	11
	14	14
	15	15
net/minecraft/client/renderer/PostChain	208	330
	130	249
	131	250
	132	251
	134	253
	138	257
	139	258
	142	261
	143	262
	145	264
	150	268
	151	269
	152	270
	153	271
	154	272
	157	275
	158	276
	159	277
	160	278
	162	281
	163	282
	164	283
	166	286
	41	49
	42	50
	43	51
	171	290
	44	52
	172	291
	45	53
	173	293
	46	54
	174	294
	176	296
	49	64
	51	65
	52	65
	180	300
	53	66
	55	67
	56	68
	57	69
	185	305
	186	306
	60	71
	188	308
	61	73
	62	74
	63	75
	66	78
	194	315
	70	83
	71	84
	72	85
	73	86
	75	87
	76	89
	204	326
	77	90
	205	327
	206	328
	79	93
	208	330
	81	95
	82	96
	85	99
	86	100
	88	101
	89	102
	92	104
	94	107
	95	108
	96	171
	97	164
	99	164
	100	165
	101	166
	102	120
	103	213
	104	213
	108	226
	112	231
	113	232
	115	233
	116	235
	117	236
	120	239
	121	240
	122	241
	123	243
	124	243
	125	244
	127	246
net/minecraft/client/model/animal/sheep/SheepFurModel	51	41
	32	26
	33	27
	36	29
	37	29
	38	30
	39	31
	40	32
	41	33
	43	34
	48	38
	49	39
	18	15
	50	40
	19	16
	51	41
	22	19
	23	20
	25	21
	26	22
	27	22
	28	22
	30	24
	31	26
com/mojang/blaze3d/platform/NativeImage	648	684
	544	551
	545	552
	546	553
	547	554
	548	555
	549	556
	550	557
	551	558
	552	559
	553	560
	554	561
	555	562
	556	563
	559	566
	563	570
	567	574
	56	51
	57	52
	571	578
	60	55
	61	72
	63	56
	575	582
	64	57
	65	58
	66	59
	67	60
	579	586
	68	61
	69	62
	71	64
	583	590
	73	67
	74	68
	75	69
	587	594
	77	74
	591	598
	80	77
	81	85
	83	78
	595	602
	84	79
	85	80
	86	81
	87	82
	599	606
	88	83
	89	87
	603	610
	93	90
	607	614
	97	94
	611	618
	101	98
	615	622
	106	102
	619	626
	108	106
	109	113
	111	109
	623	630
	112	110
	627	634
	117	117
	631	638
	121	121
	123	122
	635	642
	125	123
	126	124
	639	646
	128	133
	641	648
	130	130
	643	650
	133	136
	645	652
	134	137
	135	141
	648	655
	141	146
	142	147
	143	148
	148	152
	149	153
	151	154
	152	155
	154	157
	155	160
	156	161
	157	162
	158	163
	160	164
	161	165
	162	166
	164	169
	165	170
	166	174
	171	179
	172	180
	174	182
	180	185
	181	186
	182	187
	184	189
	186	192
	188	195
	189	196
	192	199
	196	203
	200	207
	204	211
	211	215
	212	216
	213	217
	214	218
	216	220
	217	221
	218	222
	222	227
	229	231
	230	232
	231	233
	232	234
	234	236
	235	237
	236	238
	237	240
	240	243
	241	244
	244	247
	245	248
	247	250
	249	251
	250	252
	251	253
	252	254
	253	256
	254	257
	255	258
	256	259
	258	262
	264	267
	265	268
	267	270
	268	271
	269	272
	270	273
	274	278
	275	280
	276	281
	278	284
	283	288
	284	289
	285	290
	286	291
	289	293
	290	294
	296	300
	297	301
	299	303
	300	304
	301	306
	302	307
	303	308
	306	312
	310	317
	311	318
	314	321
	315	322
	318	323
	319	324
	322	326
	323	327
	324	328
	325	329
	328	330
	329	338
	332	331
	333	332
	334	333
	336	334
	344	666
	345	667
	349	671
	351	674
	352	675
	353	676
	355	678
	358	681
	359	682
	361	684
	366	346
	367	347
	369	349
	370	356
	371	353
	372	354
	374	368
	375	372
	378	375
	380	379
	381	380
	382	381
	384	384
	385	394
	388	385
	389	386
	391	391
	398	398
	399	399
	401	401
	402	402
	403	403
	404	404
	405	405
	407	407
	408	408
	409	410
	410	411
	411	412
	412	413
	415	417
	419	420
	420	421
	421	422
	424	425
	428	430
	429	431
	434	444
	435	445
	436	446
	437	447
	438	448
	439	449
	442	452
	447	455
	448	456
	449	457
	451	459
	452	460
	453	461
	454	466
	456	472
	460	475
	461	476
	464	479
	468	483
	469	484
	470	485
	472	486
	473	509
	475	487
	476	488
	478	490
	479	491
	480	492
	481	494
	482	495
	484	496
	485	497
	486	498
	487	499
	488	500
	492	505
	496	515
net/minecraft/client/gui/screens/multiplayer/WarningScreen	72	70
	64	61
	66	64
	67	65
	68	66
	72	70
	28	26
	29	27
	32	30
	33	31
	34	32
	35	33
	36	34
	37	35
	43	41
	44	42
	45	43
	46	44
	48	45
	49	46
	50	47
	51	48
	53	51
	55	52
	56	53
	57	54
	61	58
	62	59
	63	60
net/minecraft/client/renderer/debug/DebugRenderer	174	192
	131	156
	132	157
	133	158
	135	159
	137	160
	138	161
	139	162
	140	163
	143	165
	145	165
	148	165
	153	171
	154	172
	27	26
	155	173
	28	27
	156	175
	157	176
	158	177
	31	30
	159	178
	32	31
	160	179
	161	180
	34	32
	162	181
	35	33
	163	182
	37	36
	38	37
	40	40
	41	41
	169	187
	170	188
	43	44
	171	189
	44	45
	172	190
	173	191
	46	48
	174	192
	47	49
	49	52
	50	53
	52	56
	53	57
	55	60
	56	61
	58	64
	59	65
	61	68
	62	69
	64	72
	65	74
	67	84
	68	85
	70	88
	71	89
	73	92
	74	93
	76	96
	77	97
	79	100
	80	101
	82	104
	83	105
	85	108
	86	109
	88	112
	89	113
	91	116
	92	117
	94	120
	95	121
	97	124
	98	125
	100	128
	101	129
	103	132
	104	133
	107	136
	108	137
	111	140
	112	141
	114	142
	115	143
	116	144
	119	147
	120	148
	122	150
	125	153
	126	154
net/minecraft/client/resources/model/cuboid/FaceBakery	240	276
	32	27
	33	28
	34	29
	35	30
	36	31
	37	32
	38	33
	43	39
	44	40
	46	43
	47	44
	48	45
	49	46
	50	47
	55	63
	56	64
	57	65
	59	68
	60	69
	61	70
	62	71
	67	85
	69	86
	70	87
	72	88
	73	90
	74	92
	77	96
	79	97
	81	98
	84	101
	93	110
	99	130
	100	131
	102	132
	103	133
	106	136
	107	137
	110	140
	111	141
	115	144
	116	145
	117	146
	119	148
	120	149
	121	150
	123	153
	124	154
	125	155
	128	158
	132	162
	136	166
	137	167
	138	168
	139	169
	142	173
	143	174
	144	175
	148	180
	149	181
	153	183
	154	184
	155	186
	156	187
	158	188
	159	189
	160	190
	163	194
	167	199
	168	200
	169	201
	170	202
	171	203
	172	204
	173	206
	174	207
	175	208
	176	209
	177	210
	178	211
	179	212
	181	215
	182	216
	184	219
	185	220
	187	223
	188	224
	190	227
	191	228
	193	231
	194	232
	198	236
	199	238
	200	239
	202	240
	203	241
	204	242
	206	243
	207	244
	209	245
	212	248
	213	249
	214	250
	217	253
	220	256
	221	257
	223	258
	224	259
	227	263
	231	267
	232	268
	233	269
	234	270
	237	273
	238	274
	239	275
	240	276
net/minecraft/client/renderer/texture/TickableTexture	0	0
net/minecraft/client/renderer/item/properties/numeric/CrossbowPull	32	29
	16	16
	32	29
	18	17
	19	18
	22	19
	23	20
	26	22
	27	23
net/minecraft/client/model/animal/llama/package-info	0	0
com/mojang/blaze3d/textures/GpuSampler	0	0
com/mojang/realmsclient/gui/screens/configuration/RealmsWorldsTab	180	220
	131	151
	132	152
	134	153
	135	154
	137	156
	141	161
	143	159
	147	168
	148	172
	149	173
	150	173
	153	176
	154	177
	157	183
	158	185
	160	187
	161	188
	162	189
	163	193
	164	196
	38	34
	166	199
	39	35
	40	36
	41	37
	169	204
	42	38
	170	205
	44	39
	172	207
	45	40
	46	42
	174	209
	47	43
	175	214
	176	216
	49	46
	177	217
	51	47
	180	220
	53	48
	54	51
	55	58
	57	61
	58	64
	59	66
	61	69
	62	69
	63	69
	65	70
	66	71
	67	72
	68	73
	71	76
	72	77
	74	91
	76	95
	79	98
	80	99
	81	100
	82	101
	84	103
	86	105
	89	108
	94	113
	95	114
	99	118
	100	119
	101	120
	102	121
	103	122
	105	124
	106	125
	107	126
	109	128
	112	132
	113	134
	114	135
	115	136
	116	137
	118	139
	121	143
	122	144
	125	147
	126	148
	127	149
net/minecraft/client/gui/components/events/ContainerEventHandler	270	278
	256	260
	258	262
	259	263
	260	264
	263	269
	264	271
	265	272
	266	273
	267	274
	270	278
	31	29
	32	30
	33	31
	36	35
	41	40
	42	41
	43	42
	46	44
	47	45
	48	45
	49	46
	50	47
	51	48
	55	52
	60	58
	61	59
	62	60
	63	61
	66	65
	71	70
	72	70
	74	70
	83	79
	89	84
	94	89
	99	94
	104	99
	109	104
	110	105
	119	115
	120	116
	122	118
	126	122
	131	128
	132	129
	133	129
	135	129
	140	135
	143	136
	144	137
	145	138
	146	139
	151	143
	152	144
	154	146
	155	146
	158	146
	162	152
	163	153
	164	154
	165	155
	168	156
	169	158
	170	159
	172	160
	173	161
	175	163
	179	166
	181	167
	182	168
	184	170
	185	171
	186	172
	187	173
	188	174
	191	178
	195	183
	196	184
	197	185
	198	186
	199	187
	201	189
	202	190
	204	193
	205	194
	209	205
	210	206
	211	207
	212	208
	214	209
	215	211
	216	212
	219	213
	220	214
	221	215
	222	216
	223	217
	224	218
	225	219
	226	220
	232	227
	233	230
	234	232
	235	234
	236	235
	237	236
	238	237
	241	241
	245	251
	246	252
	248	253
	250	254
	251	256
	252	257
	255	258
net/minecraft/client/particle/FallingDustParticle	105	106
	64	57
	65	58
	68	61
	69	62
	70	63
	71	65
	77	71
	78	72
	82	86
	83	87
	20	22
	84	88
	21	23
	23	24
	87	90
	24	25
	25	26
	90	92
	27	27
	91	93
	29	28
	93	95
	94	96
	31	29
	95	97
	32	30
	33	31
	98	99
	35	32
	36	33
	37	34
	101	103
	102	104
	103	105
	41	38
	105	106
	46	43
	51	48
	52	49
	53	50
	55	51
	56	52
	57	65
	60	54
	62	55
	63	56
net/minecraft/client/renderer/entity/RaftRenderer	18	18
	18	18
	12	12
	13	13
	14	14
net/minecraft/client/renderer/entity/state/ZombieVillagerRenderState	11	13
	11	13
net/minecraft/client/gui/font/providers/GlyphProviderType	32	29
	32	29
	22	20
	23	21
	24	22
	28	25
net/minecraft/client/renderer/entity/state/SkeletonRenderState	0	0
com/mojang/blaze3d/audio/AbstractDeviceTracker	45	40
	35	31
	36	32
	38	33
	39	34
	40	35
	41	36
	42	37
	13	11
	45	40
	14	12
	22	20
	27	25
	28	26
	31	27
net/minecraft/client/multiplayer/ClientDebugSubscriber	307	302
	256	270
	266	285
	267	286
	268	287
	269	288
	270	289
	271	290
	274	293
	276	294
	277	295
	286	228
	34	36
	290	232
	35	37
	36	38
	294	236
	39	41
	40	42
	42	44
	45	47
	46	48
	47	49
	48	50
	304	302
	49	51
	305	302
	50	52
	51	53
	307	302
	52	54
	53	55
	54	56
	55	57
	56	58
	57	59
	58	60
	59	61
	60	62
	61	63
	62	64
	64	67
	68	71
	69	72
	70	73
	73	76
	74	77
	75	78
	76	79
	79	82
	80	83
	81	84
	83	86
	84	87
	89	90
	91	91
	93	92
	94	93
	97	96
	98	97
	100	99
	104	103
	108	110
	109	111
	113	116
	114	117
	118	124
	121	127
	122	128
	126	132
	131	136
	132	137
	136	141
	141	145
	142	146
	143	147
	144	148
	146	150
	147	151
	151	155
	156	159
	157	160
	158	169
	160	161
	161	163
	162	164
	163	165
	164	166
	166	169
	171	174
	172	175
	175	178
	176	179
	179	182
	180	183
	183	186
	184	187
	185	188
	187	190
	190	193
	191	194
	192	195
	194	197
	197	200
	198	201
	199	202
	201	204
	204	207
	205	208
	206	209
	209	212
	210	217
	212	213
	213	214
	215	217
	218	220
	219	225
	221	221
	222	222
	224	225
	230	243
	231	244
	234	247
	235	248
	238	251
	239	252
	242	256
	243	257
	247	261
	248	262
	250	264
	252	266
	255	269
net/minecraft/client/model/animal/frog/FrogModel	173	112
	129	84
	130	85
	131	85
	132	85
	135	87
	136	88
	137	88
	138	88
	141	90
	142	91
	143	91
	144	91
	147	93
	148	94
	149	94
	150	94
	153	96
	158	100
	160	101
	161	102
	162	103
	164	104
	165	105
	39	36
	167	107
	170	110
	172	111
	173	112
	50	37
	51	38
	52	39
	53	40
	54	41
	55	42
	56	43
	59	46
	60	47
	62	48
	63	48
	64	48
	66	49
	67	51
	68	51
	69	51
	70	52
	72	54
	73	56
	74	56
	75	56
	76	57
	78	59
	79	59
	80	59
	82	60
	83	61
	84	61
	85	61
	87	63
	88	63
	89	63
	90	63
	93	64
	94	66
	95	66
	96	67
	99	69
	100	70
	101	70
	102	70
	105	72
	106	73
	107	73
	108	73
	111	75
	112	76
	113	76
	114	76
	117	78
	118	79
	119	79
	120	79
	123	81
	124	82
	125	82
	126	82
com/mojang/realmsclient/gui/screens/RealmsLongRunningMcoTaskScreen	116	113
	66	61
	71	66
	73	67
	74	68
	76	70
	80	74
	81	75
	82	76
	84	78
	89	84
	90	85
	91	86
	92	87
	93	88
	94	89
	95	90
	96	91
	100	95
	37	33
	101	96
	38	34
	102	97
	39	35
	40	36
	41	37
	105	100
	106	101
	44	39
	108	104
	45	40
	109	105
	46	41
	47	42
	48	43
	112	108
	49	47
	113	109
	50	48
	51	49
	115	112
	116	113
	57	52
	59	53
	60	54
	61	55
	62	57
net/minecraft/client/particle/FireflyParticle	86	89
	64	58
	65	59
	66	61
	67	61
	69	61
	77	69
	78	70
	82	84
	83	86
	20	21
	84	87
	21	22
	85	88
	22	23
	86	89
	23	24
	24	25
	25	26
	26	27
	27	28
	31	32
	36	37
	41	42
	43	43
	44	44
	45	51
	48	46
	50	47
	51	48
	52	48
	53	48
	54	48
	57	51
	60	54
net/minecraft/client/particle/ItemPickupParticle	56	55
	33	31
	34	32
	35	33
	37	36
	38	37
	39	38
	43	42
	47	46
	48	47
	49	48
	50	49
	53	52
	54	53
	23	21
	55	54
	24	22
	56	55
	25	23
	26	24
	27	25
	28	26
	29	27
net/minecraft/client/entity/package-info	0	0
net/minecraft/client/gui/components/EditBox	654	630
	512	495
	515	498
	517	499
	518	500
	519	501
	521	503
	524	506
	528	510
	532	514
	536	518
	537	519
	538	520
	541	523
	542	524
	545	527
	546	528
	550	532
	551	542
	553	533
	554	534
	555	535
	557	538
	558	539
	560	542
	563	545
	567	549
	568	550
	570	553
	571	554
	574	557
	66	66
	578	561
	67	67
	579	562
	580	563
	70	70
	71	71
	583	566
	584	567
	74	74
	75	75
	587	570
	588	571
	78	78
	79	79
	591	574
	80	80
	81	81
	83	84
	595	578
	84	85
	596	579
	597	580
	87	88
	88	89
	601	583
	602	600
	91	92
	92	93
	605	584
	607	585
	96	97
	608	586
	97	98
	609	587
	611	588
	612	589
	101	102
	102	103
	614	592
	615	593
	104	105
	616	594
	617	595
	107	108
	108	109
	620	598
	109	110
	621	600
	110	111
	624	603
	113	114
	625	604
	628	607
	117	118
	118	119
	120	120
	632	611
	633	612
	636	615
	125	125
	637	616
	126	126
	127	127
	640	619
	641	619
	131	131
	643	619
	132	132
	133	133
	136	136
	648	624
	137	137
	649	625
	138	138
	139	139
	140	156
	652	628
	653	629
	654	630
	143	140
	144	141
	145	142
	146	143
	147	144
	149	147
	150	148
	153	151
	154	152
	155	153
	157	154
	158	156
	161	159
	162	160
	164	163
	165	164
	168	167
	169	168
	171	170
	173	172
	176	175
	177	182
	180	176
	181	177
	182	182
	185	179
	186	182
	189	185
	190	186
	193	189
	194	203
	197	190
	198	191
	199	203
	202	193
	203	194
	204	195
	205	203
	208	196
	209	197
	210	198
	211	199
	212	203
	215	206
	219	210
	223	214
	224	215
	225	216
	227	218
	228	219
	229	230
	230	231
	232	234
	233	235
	236	220
	238	221
	239	222
	240	223
	242	225
	243	226
	249	240
	253	244
	254	245
	257	248
	261	252
	263	253
	264	254
	267	257
	268	258
	271	261
	272	262
	273	263
	276	266
	277	267
	280	270
	281	271
	285	275
	286	344
	289	276
	291	329
	292	330
	294	332
	297	335
	300	321
	301	322
	303	324
	306	327
	309	278
	310	279
	313	282
	316	315
	317	316
	320	319
	323	337
	325	338
	328	340
	330	341
	334	289
	335	290
	336	291
	337	292
	338	293
	339	294
	340	295
	341	296
	342	297
	343	298
	345	301
	346	303
	347	304
	348	305
	349	306
	351	309
	354	312
	358	349
	363	354
	364	355
	366	356
	367	357
	368	358
	371	361
	374	363
	379	369
	380	370
	384	374
	385	375
	386	376
	390	380
	391	381
	392	382
	393	383
	394	384
	395	385
	399	389
	400	390
	402	392
	404	394
	408	398
	409	399
	413	403
	417	407
	418	476
	421	408
	422	409
	423	410
	426	413
	427	414
	428	415
	429	416
	430	417
	431	418
	433	419
	435	420
	436	421
	437	422
	438	423
	439	424
	442	427
	443	428
	445	429
	446	430
	447	431
	448	432
	449	433
	452	436
	453	437
	456	440
	457	441
	460	444
	461	445
	464	448
	465	449
	466	450
	467	451
	469	453
	470	454
	475	459
	476	460
	477	461
	479	463
	483	467
	484	468
	487	471
	488	472
	489	473
	491	476
	494	479
	495	480
	497	481
	498	482
	501	486
	506	490
	507	495
	509	491
	510	492
	511	493
com/mojang/realmsclient/dto/Backup	65	58
	65	58
	35	26
	36	27
	37	28
	38	29
	39	30
	42	33
	46	38
	48	41
	49	42
	50	43
	51	44
	52	45
	53	46
	54	48
	55	48
	56	49
	57	50
	61	55
	62	56
	63	57
net/minecraft/client/color/item/package-info	0	0
net/minecraft/client/model/monster/hoglin/BabyHoglinModel	73	67
	64	62
	65	62
	67	64
	68	65
	69	65
	70	65
	73	67
	15	13
	16	14
	20	18
	22	19
	23	20
	26	23
	27	24
	29	25
	30	27
	31	28
	32	30
	33	32
	34	34
	36	36
	37	38
	38	39
	39	41
	40	43
	42	45
	43	47
	44	47
	45	48
	47	50
	48	52
	49	52
	50	53
	52	55
	53	56
	54	56
	55	56
	57	58
	58	59
	59	59
	60	59
	62	61
	63	62
net/minecraft/client/renderer/blockentity/BlockEntityRenderer	30	32
	16	18
	17	19
	22	24
	26	28
	30	32
com/mojang/realmsclient/util/task/OpenServerTask	74	73
	64	62
	66	65
	67	66
	70	69
	74	73
	25	23
	26	24
	27	25
	28	26
	29	27
	33	30
	34	32
	35	33
	36	34
	40	38
	41	39
	42	40
	43	41
	44	42
	47	45
	49	46
	50	47
	52	49
	54	51
	57	54
	58	55
	59	56
	61	59
	62	60
	63	61
net/minecraft/client/model/monster/zombie/ZombieVillagerModel	130	97
	129	96
	130	97
	22	20
	23	21
	26	24
	27	25
	29	26
	31	28
	32	28
	35	31
	36	32
	37	32
	40	34
	41	35
	42	35
	43	35
	45	37
	46	39
	47	40
	48	42
	51	46
	52	47
	53	47
	54	47
	56	49
	57	50
	58	50
	59	50
	61	52
	62	53
	63	53
	64	53
	66	55
	67	56
	68	56
	69	56
	72	58
	76	62
	77	63
	78	64
	83	69
	84	70
	88	74
	89	75
	91	76
	92	76
	93	76
	96	77
	97	77
	98	77
	101	78
	102	79
	103	79
	104	79
	106	81
	107	83
	108	83
	109	84
	113	86
	114	86
	117	87
	122	91
	124	92
	125	93
net/minecraft/client/renderer/block/dispatch/package-info	0	0
net/minecraft/realms/RealmsConnect	125	132
	33	32
	34	33
	37	36
	38	37
	39	38
	41	39
	42	40
	43	44
	46	47
	48	50
	50	51
	51	52
	54	55
	56	58
	57	59
	60	63
	61	73
	62	74
	65	77
	66	78
	69	81
	71	82
	72	83
	75	86
	76	87
	77	88
	78	89
	79	90
	80	91
	82	92
	83	93
	86	96
	87	97
	89	98
	90	99
	91	100
	94	104
	96	105
	97	106
	100	109
	102	111
	103	113
	104	114
	107	117
	109	118
	110	118
	111	119
	112	120
	115	122
	118	125
	119	126
	120	127
	122	129
	125	132
net/minecraft/client/renderer/block/BlockModelLighter	468	726
	33	30
	34	31
	37	34
	41	40
	43	41
	44	42
	45	43
	47	44
	49	45
	50	46
	51	47
	52	48
	54	49
	55	50
	56	51
	57	52
	59	53
	60	54
	61	55
	62	56
	64	57
	65	58
	66	59
	67	60
	69	61
	70	62
	71	63
	72	64
	73	65
	74	66
	75	67
	76	68
	87	71
	88	75
	89	76
	90	77
	91	78
	93	72
	94	73
	96	83
	97	87
	98	88
	99	89
	100	90
	102	84
	103	85
	105	95
	106	99
	107	100
	108	101
	109	102
	111	96
	112	97
	114	107
	115	111
	116	112
	117	113
	118	114
	120	108
	121	109
	124	117
	125	118
	126	119
	127	120
	128	121
	131	124
	132	125
	133	126
	135	127
	137	128
	138	182
	139	183
	140	184
	141	185
	143	186
	144	187
	145	188
	146	189
	148	190
	149	191
	150	192
	151	193
	153	129
	154	130
	155	131
	156	132
	158	133
	159	134
	160	135
	161	136
	163	137
	164	138
	165	139
	166	140
	168	141
	169	142
	170	143
	171	144
	173	145
	174	146
	175	147
	176	148
	178	149
	179	153
	180	157
	181	161
	183	165
	184	166
	185	167
	186	168
	188	169
	189	172
	190	175
	191	178
	194	196
	195	197
	196	198
	199	203
	200	204
	202	205
	203	206
	205	208
	208	211
	209	212
	210	213
	211	214
	214	217
	215	218
	216	219
	217	220
	218	221
	219	222
	220	224
	221	225
	222	226
	223	227
	224	228
	225	229
	226	230
	227	231
	228	232
	229	233
	230	234
	233	237
	234	238
	235	239
	236	240
	237	241
	238	242
	239	243
	240	244
	241	245
	242	246
	243	247
	244	248
	245	249
	248	252
	249	253
	250	255
	251	256
	252	257
	253	258
	256	262
	257	263
	258	264
	259	265
	260	266
	261	267
	262	268
	264	271
	267	274
	268	275
	271	278
	272	279
	278	633
	281	637
	283	639
	284	640
	288	646
	291	650
	293	652
	294	653
	298	656
	299	657
	300	658
	301	659
	304	661
	306	662
	307	663
	309	666
	310	667
	314	672
	315	673
	318	676
	319	677
	320	678
	321	679
	324	682
	328	686
	329	687
	330	688
	331	689
	332	690
	336	694
	337	695
	338	696
	339	697
	341	700
	343	703
	361	606
	362	607
	363	608
	364	609
	365	610
	366	611
	367	612
	370	616
	371	617
	372	618
	373	619
	374	620
	377	623
	400	725
	401	726
	450	561
	451	562
	452	563
	453	564
	454	565
	455	566
	456	567
	459	579
	460	580
	461	581
	462	582
	463	583
	464	584
	465	585
	468	588
net/minecraft/client/gui/screens/inventory/TestBlockEditScreen	105	100
	67	63
	69	64
	70	65
	71	66
	74	69
	75	70
	79	74
	84	79
	88	83
	89	84
	90	85
	91	86
	31	29
	95	90
	32	30
	96	91
	33	31
	34	32
	35	33
	99	94
	100	95
	39	37
	103	98
	40	38
	104	99
	41	39
	105	100
	42	40
	44	41
	46	42
	47	44
	48	45
	49	46
	52	48
	53	49
	54	50
	58	54
	59	55
	61	57
	63	59
net/minecraft/client/DebugQueryHandler	46	44
	34	32
	35	33
	39	37
	40	38
	41	39
	44	42
	45	43
	46	44
	20	18
	21	19
	24	22
	25	23
	26	24
	27	25
	30	27
net/minecraft/client/multiplayer/chat/GuiMessageSource	0	0
net/minecraft/client/renderer/entity/layers/RenderLayer	32	62
	32	62
	18	18
	19	19
	22	31
	23	32
	25	34
	28	46
	29	59
net/minecraft/client/model/animal/axolotl/package-info	0	0
net/minecraft/client/renderer/state/MapRenderState	0	0
net/minecraft/client/color/item/Potion	37	31
	32	26
	17	15
	18	16
	19	16
	37	31
	22	20
	23	21
	27	25
	28	26
	29	26
net/minecraft/client/renderer/blockentity/VaultRenderer	60	61
	36	41
	37	42
	38	43
	39	51
	41	44
	42	45
	43	46
	44	47
	45	48
	46	49
	47	51
	51	54
	52	61
	55	55
	56	56
	57	57
	26	27
	58	58
	27	28
	59	59
	60	61
	31	31
net/minecraft/client/gui/screens/inventory/tooltip/ClientTextTooltip	28	27
	17	16
	22	21
	27	26
	12	11
	28	27
	13	12
net/minecraft/client/renderer/item/package-info	0	0
net/minecraft/client/renderer/block/dispatch/VariantMutator	26	24
	26	16
	15	24
net/minecraft/client/gui/screens/inventory/CreativeInventoryListener	22	20
	17	16
	18	17
	22	20
	12	12
	13	13
net/minecraft/client/model/monster/piglin/package-info	0	0
net/minecraft/client/renderer/chunk/VisGraph	160	125
	128	120
	130	120
	133	121
	134	121
	136	121
	139	122
	140	122
	142	122
	145	123
	146	123
	148	123
	151	124
	152	124
	154	124
	157	125
	158	125
	31	27
	32	28
	160	125
	34	29
	35	31
	36	32
	37	33
	38	34
	39	35
	44	40
	49	44
	50	45
	51	46
	54	49
	58	53
	62	57
	64	58
	65	59
	66	60
	67	61
	69	63
	70	64
	71	65
	76	70
	80	74
	82	75
	83	76
	84	77
	86	79
	87	80
	88	81
	90	83
	91	84
	92	85
	93	86
	94	87
	98	92
	102	96
	103	97
	104	98
	105	99
	106	100
	109	103
	110	104
	111	105
	112	106
	113	107
	116	110
	117	111
	118	112
	119	113
	120	114
	122	116
	125	119
	127	120
net/minecraft/client/gui/components/Renderable	0	0
com/mojang/blaze3d/vulkan/VulkanDebug	230	217
	128	156
	130	154
	131	156
	134	159
	135	160
	136	161
	137	162
	138	163
	139	164
	140	166
	141	167
	143	178
	145	168
	146	168
	147	170
	148	172
	149	173
	150	174
	152	176
	26	24
	154	181
	27	25
	28	26
	156	184
	30	28
	158	187
	163	192
	164	199
	166	193
	167	194
	168	195
	169	195
	170	195
	171	195
	172	196
	174	199
	178	203
	179	206
	181	204
	182	206
	186	210
	187	211
	189	213
	64	93
	65	94
	193	217
	68	95
	69	96
	70	97
	202	51
	74	101
	75	102
	206	55
	79	106
	80	107
	81	108
	210	59
	82	109
	83	110
	84	111
	85	112
	214	63
	87	115
	218	67
	91	119
	92	120
	93	121
	222	71
	94	121
	95	122
	96	123
	97	124
	226	75
	98	125
	99	126
	100	127
	101	128
	230	79
	102	129
	104	132
	106	134
	110	138
	111	149
	113	139
	114	140
	115	141
	116	141
	117	142
	118	143
	119	144
	120	145
	121	146
	123	149
	127	153
net/minecraft/client/renderer/entity/HappyGhastRenderer	59	54
	35	36
	36	36
	38	36
	43	40
	48	44
	49	45
	50	46
	21	21
	23	22
	55	50
	56	51
	25	27
	57	52
	26	28
	58	53
	27	29
	59	54
	30	32
	31	33
net/minecraft/client/resources/sounds/EntityBoundSoundInstance	37	35
	34	31
	35	32
	36	33
	37	35
	12	12
	13	13
	14	14
	15	15
	17	16
	18	17
	19	18
	20	19
	24	23
	29	28
	30	29
	31	35
com/mojang/blaze3d/platform/cursor/CursorType	37	26
	16	14
	32	26
	34	26
	19	17
	20	18
	37	26
	24	21
	14	12
	15	13
	31	25
net/minecraft/client/renderer/block/ModelBlockRenderer	238	246
	53	39
	54	40
	55	41
	56	42
	57	43
	60	46
	64	60
	65	61
	66	62
	67	75
	70	64
	72	65
	73	66
	75	68
	78	71
	79	72
	80	75
	85	78
	86	79
	87	80
	89	81
	90	83
	91	84
	94	87
	97	90
	98	91
	99	92
	100	93
	101	94
	103	96
	106	108
	107	109
	109	111
	110	112
	111	113
	112	114
	113	115
	115	116
	120	117
	121	118
	125	119
	126	120
	127	121
	128	122
	129	123
	133	127
	134	128
	135	129
	136	130
	141	137
	142	137
	143	138
	144	139
	147	142
	150	154
	151	155
	153	157
	154	158
	155	159
	156	160
	157	161
	159	162
	164	163
	165	164
	169	165
	170	166
	171	167
	172	168
	173	169
	174	170
	178	174
	179	175
	180	177
	181	178
	182	179
	187	186
	188	186
	189	187
	190	188
	193	191
	196	194
	197	195
	199	197
	200	198
	204	212
	205	213
	206	214
	208	217
	209	218
	212	221
	213	222
	215	224
	216	225
	217	226
	218	227
	222	232
	223	233
	224	234
	227	237
	228	238
	232	240
	233	241
	234	242
	235	243
	236	244
	238	246
net/minecraft/client/renderer/entity/state/PolarBearRenderState	0	0
com/mojang/realmsclient/gui/screens/RealmsUploadScreen	283	287
	256	259
	258	260
	260	261
	261	262
	263	265
	264	266
	266	269
	267	270
	269	273
	272	276
	273	277
	277	281
	282	286
	283	287
	75	76
	76	77
	77	78
	78	79
	79	80
	80	81
	81	82
	82	83
	83	84
	87	88
	88	89
	89	90
	91	91
	92	92
	93	93
	94	94
	96	96
	97	97
	98	98
	100	101
	101	102
	102	103
	103	104
	104	105
	105	106
	106	107
	108	109
	109	110
	113	114
	114	115
	115	116
	119	120
	120	121
	123	124
	124	125
	127	128
	128	129
	129	130
	130	131
	132	133
	134	135
	138	139
	139	140
	140	141
	142	143
	144	146
	146	148
	151	154
	153	155
	154	156
	155	157
	158	160
	160	161
	161	162
	164	165
	165	166
	166	167
	169	170
	170	171
	171	172
	172	173
	175	176
	178	179
	179	180
	181	181
	182	182
	183	183
	184	184
	185	185
	186	186
	189	189
	190	190
	193	193
	194	194
	195	195
	196	196
	197	197
	199	199
	203	203
	205	204
	207	205
	209	206
	210	207
	211	208
	213	210
	216	213
	217	214
	218	215
	219	216
	221	219
	222	220
	223	221
	225	224
	229	228
	230	230
	231	232
	232	233
	234	234
	235	235
	237	237
	238	238
	239	239
	240	240
	242	243
	243	244
	244	245
	246	248
	248	250
	251	253
	252	254
	253	255
net/minecraft/client/main/SilentInitException	12	10
	7	5
	8	6
	11	9
	12	10
net/minecraft/client/ClientBrandRetriever	9	7
	9	7
net/minecraft/client/model/monster/guardian/GuardianModel	164	151
	129	114
	130	115
	131	116
	132	119
	133	120
	135	123
	137	124
	138	125
	139	126
	140	127
	141	128
	144	131
	145	132
	146	133
	147	134
	149	136
	152	139
	156	143
	160	147
	164	151
	37	33
	40	34
	42	36
	43	37
	46	40
	47	41
	48	42
	49	43
	50	44
	51	45
	54	48
	58	52
	59	53
	61	54
	62	56
	63	57
	64	59
	65	61
	66	63
	67	65
	71	69
	72	69
	73	71
	74	72
	75	73
	76	74
	77	75
	78	76
	79	77
	80	78
	83	81
	84	81
	85	81
	86	81
	88	82
	89	83
	90	83
	92	85
	93	86
	94	86
	95	86
	97	88
	98	90
	99	90
	100	90
	101	91
	104	93
	108	97
	113	101
	115	102
	116	103
	118	104
	119	105
	121	106
	122	107
	123	108
	124	109
	126	111
net/minecraft/client/animation/definitions/FoxBabyAnimation	0	0
com/mojang/blaze3d/opengl/GlHeuristics	127	106
	64	55
	67	59
	68	60
	69	61
	73	65
	74	66
	75	67
	78	70
	84	74
	85	74
	88	74
	91	76
	94	79
	95	80
	96	81
	97	82
	99	84
	37	27
	101	85
	38	28
	102	85
	39	29
	104	86
	42	32
	109	91
	46	36
	110	92
	112	92
	50	40
	51	41
	115	92
	117	94
	118	95
	55	45
	119	96
	122	100
	59	49
	123	101
	60	51
	124	102
	61	52
	62	53
	63	54
	127	106
net/minecraft/client/resources/sounds/AmbientSoundHandler	0	0
com/mojang/blaze3d/font/SpaceProvider	50	51
	49	50
	34	34
	50	51
	38	38
	23	22
	39	39
	24	23
	40	40
	25	24
	44	45
	29	29
com/mojang/blaze3d/vertex/UberGpuBuffer	213	218
	128	109
	132	110
	133	111
	134	112
	135	113
	136	114
	140	120
	141	121
	142	134
	144	138
	145	140
	146	141
	147	142
	148	143
	149	144
	152	145
	153	146
	157	150
	162	154
	163	155
	165	157
	37	208
	38	209
	168	161
	172	165
	173	166
	174	167
	177	170
	178	171
	179	172
	180	173
	181	174
	182	175
	186	179
	60	216
	189	182
	61	217
	62	218
	66	34
	67	35
	195	187
	68	36
	196	188
	69	37
	197	189
	70	38
	198	190
	71	39
	200	192
	77	42
	205	195
	78	43
	206	196
	79	44
	207	197
	81	46
	209	199
	82	47
	210	200
	83	48
	84	49
	212	203
	213	204
	86	52
	94	57
	96	59
	97	60
	100	63
	101	122
	102	67
	103	68
	104	69
	105	70
	109	71
	110	73
	111	74
	112	75
	116	80
	117	92
	118	84
	119	86
	120	87
	121	88
	122	89
	123	90
	124	91
	125	104
net/minecraft/client/InactivityFpsLimit	28	25
	18	16
	19	17
	20	18
	23	21
	28	25
net/minecraft/client/data/models/blockstates/PropertyDispatch	275	297
	256	267
	257	267
	259	269
	260	270
	264	274
	265	277
	266	280
	267	283
	268	286
	269	289
	275	297
	22	20
	23	21
	24	22
	26	24
	30	27
	31	28
	35	32
	36	33
	37	35
	38	36
	40	39
	41	40
	42	41
	44	43
	50	48
	54	54
	58	60
	62	66
	66	72
	70	76
	74	82
	78	88
	82	94
	86	100
	93	107
	94	108
	98	112
	102	116
	103	116
	105	117
	106	118
	110	122
	111	122
	113	123
	122	132
	123	133
	124	134
	128	138
	132	142
	133	142
	134	142
	136	143
	137	144
	141	148
	142	150
	143	150
	146	151
	156	161
	157	162
	158	163
	159	164
	163	168
	167	172
	168	172
	169	172
	170	172
	172	173
	173	174
	177	178
	178	181
	179	184
	180	186
	184	189
	195	201
	196	202
	197	203
	198	204
	199	205
	203	209
	207	213
	208	214
	209	214
	210	214
	211	214
	213	216
	214	217
	218	221
	219	224
	220	227
	221	230
	222	232
	227	236
	239	251
	240	252
	241	253
	242	254
	243	255
	244	256
	248	260
	252	266
	253	267
	254	267
	255	267
net/minecraft/client/model/animal/fish/TropicalFishLargeModel	68	51
	65	48
	66	49
	67	50
	68	51
	19	18
	20	19
	21	20
	24	23
	25	24
	27	25
	29	26
	30	26
	31	26
	32	26
	34	27
	35	27
	36	27
	37	27
	39	28
	40	30
	41	30
	42	31
	44	33
	45	35
	46	35
	47	36
	49	38
	50	39
	51	39
	52	39
	54	41
	55	42
	56	42
	57	42
	60	44
net/minecraft/client/gui/components/debug/DebugEntryChunkRenderStats	19	24
	19	24
	11	16
	12	17
	13	18
	15	20
net/minecraft/client/renderer/blockentity/state/CampfireRenderState	0	0
net/minecraft/client/renderer/item/properties/conditional/HasComponent	27	32
	16	17
	17	18
	18	20
	22	27
	27	32
	15	15
net/minecraft/client/resources/model/UnbakedModel	57	62
	34	38
	44	48
	45	49
	14	14
	48	52
	49	53
	18	19
	50	54
	53	58
	22	24
	57	62
	26	28
	30	33
com/mojang/blaze3d/resource/CrossFrameResourcePool	88	83
	65	61
	66	62
	70	66
	80	76
	81	77
	82	78
	19	14
	83	79
	20	15
	23	18
	87	82
	24	20
	88	83
	25	21
	26	22
	27	23
	28	24
	31	27
	35	31
	36	32
	37	33
	42	37
	43	39
	44	40
	45	41
	46	42
	47	43
	50	47
	55	52
	56	53
	59	56
	60	57
	61	58
net/minecraft/client/model/animal/camel/AdultCamelModel	76	63
	64	54
	65	55
	66	55
	68	57
	69	58
	70	58
	72	60
	73	61
	74	61
	76	63
	15	14
	24	22
	27	25
	31	29
	32	30
	34	31
	35	32
	36	32
	38	34
	39	34
	40	34
	42	35
	43	35
	44	35
	46	36
	47	39
	48	41
	49	43
	50	45
	52	47
	53	47
	54	47
	56	48
	57	49
	58	49
	60	51
	61	52
	62	52
net/minecraft/client/particle/SpriteSet	0	0
com/mojang/blaze3d/opengl/FrameBufferCache	104	106
	15	15
	16	17
	20	26
	22	27
	23	28
	24	29
	25	31
	26	32
	27	33
	28	34
	29	35
	30	36
	32	38
	33	39
	37	43
	38	44
	41	47
	42	50
	46	54
	47	64
	49	55
	50	56
	51	57
	54	61
	55	62
	56	64
	65	72
	66	73
	67	75
	68	76
	69	77
	70	78
	71	79
	73	81
	74	82
	77	86
	78	87
	79	88
	80	89
	81	90
	83	93
	84	94
	88	97
	93	101
	94	102
	96	103
	97	106
	100	104
	101	104
	104	104
net/minecraft/client/renderer/state/level/ChunkLoadingRenderState	14	14
	13	13
	14	14
net/minecraft/client/renderer/entity/WitherBossRenderer	63	51
	32	27
	33	28
	34	28
	36	28
	41	32
	46	36
	48	37
	49	38
	20	18
	52	41
	53	42
	22	19
	23	20
	57	45
	58	46
	27	23
	59	47
	60	48
	61	49
	62	50
	63	51
net/minecraft/client/model/monster/slime/SmallSulfurCubeModel	39	28
	33	25
	34	26
	35	26
	39	28
	13	12
	14	13
	17	16
	18	17
	20	18
	21	18
	22	18
	26	19
	30	23
	31	24
net/minecraft/client/model/monster/zombie/ZombieModel	9	9
	8	8
	9	9
net/minecraft/client/tutorial/FindTreeTutorialStepInstance	99	93
	65	58
	66	59
	67	60
	69	62
	73	66
	74	67
	75	68
	76	69
	79	72
	83	76
	84	77
	86	79
	89	82
	93	86
	94	87
	95	88
	32	31
	96	89
	33	32
	99	93
	37	36
	39	37
	40	38
	41	54
	44	40
	45	41
	46	42
	47	43
	48	43
	49	44
	50	45
	55	49
	56	49
	57	50
	58	51
	61	54
net/minecraft/client/model/monster/blaze/package-info	0	0
net/minecraft/client/model/monster/wither/WitherBossModel	100	81
	64	57
	67	59
	68	59
	69	59
	72	60
	73	60
	74	61
	75	62
	77	63
	82	67
	84	68
	85	69
	87	70
	88	71
	90	72
	91	73
	93	74
	94	75
	95	76
	32	28
	33	29
	34	30
	98	79
	99	80
	36	31
	100	81
	37	32
	38	33
	39	34
	42	37
	43	38
	45	39
	46	39
	47	39
	51	40
	53	41
	54	43
	55	44
	56	46
	57	48
	58	50
	59	52
	61	54
	62	56
	63	56
net/minecraft/client/renderer/state/level/package-info	0	0
net/minecraft/client/renderer/entity/state/StriderRenderState	0	0
net/minecraft/client/gui/screens/Screen	609	662
	513	562
	514	563
	515	564
	516	565
	518	567
	521	570
	525	574
	526	575
	527	576
	530	579
	531	581
	532	582
	533	583
	534	584
	536	585
	537	586
	539	587
	540	588
	542	591
	543	592
	544	593
	545	594
	548	598
	549	599
	550	600
	552	602
	555	605
	559	612
	560	613
	561	616
	562	617
	563	618
	564	619
	565	620
	566	624
	568	621
	570	625
	571	626
	575	630
	579	634
	580	635
	583	638
	584	639
	586	641
	589	644
	593	648
	597	652
	91	91
	92	92
	605	657
	95	95
	96	96
	97	97
	609	662
	99	98
	100	99
	101	100
	103	102
	104	103
	107	106
	111	110
	115	114
	116	115
	117	116
	119	117
	120	118
	121	119
	125	123
	126	124
	128	126
	132	130
	133	131
	134	132
	136	133
	137	134
	139	136
	140	140
	141	139
	142	142
	143	141
	144	137
	145	138
	146	136
	147	144
	148	145
	150	146
	151	147
	152	148
	154	151
	155	152
	158	156
	162	161
	166	165
	170	169
	171	170
	172	171
	173	172
	174	173
	177	176
	180	179
	181	180
	182	181
	184	183
	187	186
	188	187
	189	188
	191	190
	195	194
	196	195
	197	196
	200	199
	204	203
	205	204
	208	207
	209	208
	213	212
	214	213
	218	217
	219	218
	220	219
	224	223
	225	224
	227	227
	228	228
	230	231
	231	232
	233	235
	234	236
	237	239
	238	240
	239	241
	240	242
	243	245
	247	251
	252	254
	254	255
	255	256
	256	268
	257	261
	258	272
	259	273
	260	274
	263	278
	265	280
	268	283
	269	284
	270	294
	272	295
	274	297
	275	298
	276	299
	278	301
	279	311
	280	312
	282	315
	284	289
	285	327
	286	328
	289	331
	291	332
	293	283
	294	335
	295	336
	297	338
	300	341
	301	342
	303	344
	304	345
	305	346
	306	347
	308	350
	309	351
	311	353
	313	356
	317	361
	318	362
	321	365
	322	366
	323	367
	324	368
	325	369
	327	371
	329	374
	330	375
	332	376
	333	377
	335	379
	337	381
	340	384
	341	385
	342	386
	343	387
	344	388
	347	391
	348	392
	349	393
	352	396
	356	400
	360	404
	363	407
	366	410
	369	413
	372	416
	373	417
	375	419
	376	420
	378	423
	379	424
	382	427
	383	428
	386	431
	387	432
	388	433
	390	435
	393	438
	394	439
	397	442
	398	443
	401	446
	402	447
	405	459
	406	460
	407	461
	410	464
	411	465
	414	468
	418	472
	422	476
	427	480
	428	481
	432	484
	433	485
	434	486
	435	487
	438	490
	439	491
	440	492
	443	495
	444	496
	446	497
	447	498
	450	500
	451	501
	454	502
	459	508
	463	512
	466	515
	467	516
	468	517
	470	519
	473	522
	474	523
	477	526
	478	527
	481	530
	482	531
	485	534
	486	535
	489	538
	490	539
	493	542
	497	546
	498	547
	499	548
	500	549
	501	550
	504	553
	507	556
	508	557
	510	559
net/minecraft/client/gui/screens/inventory/HangingSignEditScreen	38	36
	33	31
	34	32
	19	19
	21	20
	38	36
	25	24
	30	29
	31	30
net/minecraft/client/gui/components/debug/package-info	0	0
net/minecraft/client/renderer/entity/WanderingTraderRenderer	37	33
	16	16
	18	17
	34	30
	19	18
	35	31
	20	19
	36	32
	37	33
	24	22
	29	26
net/minecraft/client/renderer/block/BlockStateModelSet	27	26
	16	15
	19	18
	23	22
	27	26
	14	13
	15	14
net/minecraft/client/resources/GrassColorReloadListener	26	23
	17	15
	18	16
	19	17
	25	22
	26	23
net/minecraft/client/renderer/block/dispatch/Variant	97	91
	70	62
	71	64
	72	65
	73	66
	74	67
	75	69
	15	13
	16	14
	80	74
	17	14
	81	75
	18	15
	85	79
	23	20
	24	21
	89	83
	27	24
	93	87
	31	28
	97	91
	35	32
	39	36
	43	40
	47	44
	51	48
	56	53
	61	58
	62	59
com/mojang/realmsclient/dto/PingResult	0	0
net/minecraft/client/gui/layouts/LinearLayout	114	116
	65	63
	70	68
	75	73
	76	74
	14	12
	15	13
	80	78
	81	79
	18	16
	19	17
	20	18
	85	83
	23	21
	24	22
	90	88
	28	26
	94	92
	32	30
	98	96
	36	34
	40	38
	105	104
	106	106
	107	109
	44	42
	109	111
	112	114
	49	47
	113	115
	50	48
	114	116
	54	52
	55	53
	56	54
	60	58
	61	59
net/minecraft/client/gui/screens/recipebook/RecipeBookTabButton	118	109
	66	60
	68	61
	70	62
	71	63
	72	64
	74	66
	78	70
	79	71
	81	73
	84	76
	86	77
	87	78
	88	79
	90	81
	92	83
	31	27
	95	86
	32	28
	33	29
	99	90
	36	32
	100	91
	37	34
	38	34
	102	93
	39	35
	103	94
	40	36
	104	95
	41	37
	105	96
	43	38
	109	100
	47	42
	113	104
	114	105
	51	46
	52	47
	53	48
	117	108
	54	49
	118	109
	55	50
	56	51
	59	54
	61	55
	62	56
	63	57
net/minecraft/client/model/animal/cow/package-info	0	0
net/minecraft/client/model/player/PlayerModel	170	135
	128	95
	129	96
	130	97
	131	98
	132	99
	133	100
	134	101
	140	106
	141	107
	142	108
	143	109
	144	110
	145	111
	146	112
	147	113
	148	114
	149	115
	150	116
	151	117
	152	118
	153	119
	157	122
	158	123
	159	124
	160	125
	161	126
	162	127
	163	128
	37	33
	165	130
	38	34
	167	132
	40	35
	41	36
	42	37
	170	135
	43	38
	44	39
	46	40
	47	41
	50	44
	51	45
	53	46
	54	47
	55	48
	56	49
	57	49
	58	49
	60	51
	61	52
	62	52
	63	52
	65	54
	66	55
	67	55
	70	57
	71	58
	72	58
	76	61
	77	62
	78	62
	79	62
	82	64
	83	65
	84	66
	85	66
	88	68
	89	69
	90	69
	95	73
	96	74
	97	74
	98	74
	100	76
	101	77
	102	78
	103	78
	106	80
	107	81
	108	81
	111	83
	112	84
	113	84
	114	84
	118	85
	122	89
	123	90
	124	91
	125	92
	126	93
	127	94
net/minecraft/client/renderer/entity/state/IllagerRenderState	0	0
com/mojang/blaze3d/textures/GpuTexture	84	68
	64	47
	68	51
	72	55
	76	59
	80	64
	50	33
	51	34
	52	35
	84	68
	53	36
	54	37
	55	38
	56	39
	57	40
	60	43
com/mojang/blaze3d/util/package-info	0	0
net/minecraft/client/renderer/entity/AgeableMobRenderer	26	25
	17	16
	18	17
	19	18
	20	19
	24	23
	25	24
	26	25
net/minecraft/client/gui/components/debug/DebugScreenEntries	102	115
	98	73
	82	114
	102	78
	86	115
	89	61
	74	103
	93	68
	94	69
	62	83
com/mojang/blaze3d/vulkan/VulkanDevice	325	339
	256	270
	257	271
	261	275
	262	276
	263	277
	264	278
	266	280
	268	283
	269	284
	270	285
	271	286
	276	292
	277	293
	278	296
	279	297
	280	298
	282	299
	283	300
	284	301
	287	304
	288	305
	289	306
	290	307
	291	308
	297	315
	298	316
	299	317
	300	318
	301	319
	302	320
	306	324
	311	329
	315	333
	321	338
	322	339
	323	339
	325	339
	71	74
	72	75
	73	76
	74	77
	75	78
	77	79
	78	81
	79	82
	81	85
	82	86
	84	89
	85	90
	86	91
	87	92
	88	93
	89	94
	92	97
	94	99
	95	100
	96	101
	97	102
	98	103
	99	106
	103	108
	110	109
	115	111
	118	113
	119	115
	120	117
	121	118
	123	119
	124	120
	125	121
	127	123
	129	126
	130	127
	132	129
	138	132
	140	135
	142	136
	143	137
	147	141
	148	142
	149	143
	150	144
	151	145
	152	146
	153	147
	154	148
	158	152
	162	156
	166	160
	170	164
	174	168
	178	172
	182	176
	187	181
	192	185
	197	197
	202	211
	207	225
	213	230
	218	235
	223	239
	230	244
	231	245
	232	246
	237	251
	242	256
	247	261
	248	262
	252	266
net/minecraft/client/renderer/item/properties/numeric/Damage	30	26
	19	19
	20	20
	22	21
	23	21
	25	21
	13	13
	14	14
	30	26
	15	14
net/minecraft/client/renderer/entity/state/SheepRenderState	18	14
	18	14
	14	14
	15	14
com/mojang/blaze3d/vulkan/VulkanGpuBuffer	151	153
	128	123
	129	124
	131	125
	132	153
	135	126
	136	129
	137	130
	138	131
	139	132
	140	139
	141	138
	145	142
	146	147
	148	143
	149	144
	22	21
	150	145
	23	22
	151	147
	24	23
	27	26
	31	83
	34	84
	37	42
	41	45
	43	46
	44	47
	45	48
	46	49
	47	50
	49	51
	50	52
	52	53
	53	54
	56	57
	57	58
	58	59
	59	60
	60	61
	62	63
	65	67
	66	68
	73	71
	74	72
	75	73
	76	74
	77	75
	78	76
	80	77
	81	78
	84	82
	85	85
	89	89
	90	90
	94	94
	99	99
	100	107
	102	100
	103	101
	104	102
	106	104
	107	107
	113	111
	114	112
	116	113
	117	114
	119	115
	120	116
	122	117
	123	118
	125	119
	126	121
com/mojang/realmsclient/client/worldupload/RealmsWorldUpload	120	139
	40	39
	41	40
	42	41
	43	42
	44	43
	45	44
	48	47
	49	49
	51	52
	52	53
	54	54
	55	57
	56	66
	57	67
	58	68
	59	86
	60	106
	64	71
	65	72
	66	73
	68	76
	69	77
	70	78
	72	81
	73	82
	75	88
	76	89
	77	90
	78	91
	79	92
	80	93
	81	94
	82	95
	83	96
	85	99
	87	101
	88	102
	89	103
	92	83
	96	112
	97	113
	98	114
	99	115
	101	117
	104	120
	106	122
	107	123
	108	124
	110	127
	111	128
	112	129
	114	132
	116	134
	117	135
	120	139
net/minecraft/client/renderer/state/level/SectionUpdateRenderState	0	0
net/minecraft/client/renderer/blockentity/state/ShelfRenderState	0	0
net/minecraft/client/renderer/item/properties/numeric/Cooldown	20	20
	20	20
	15	15
net/minecraft/client/model/monster/piglin/BabyZombifiedPiglinModel	17	17
	17	17
	8	8
	9	9
	12	12
net/minecraft/client/model/monster/spider/SpiderModel	121	95
	33	31
	34	32
	35	33
	36	34
	37	35
	38	36
	39	37
	40	38
	41	39
	42	40
	43	41
	46	44
	47	45
	49	46
	50	47
	51	47
	52	47
	53	47
	55	48
	56	48
	57	48
	58	48
	60	49
	61	49
	62	49
	63	49
	65	50
	66	50
	67	51
	68	51
	70	52
	71	53
	73	54
	74	55
	75	56
	76	57
	77	58
	78	59
	79	60
	80	61
	82	62
	87	66
	89	67
	90	68
	92	69
	93	70
	94	71
	95	72
	96	73
	97	74
	99	75
	100	76
	101	77
	102	78
	104	79
	105	80
	106	81
	107	82
	108	83
	109	84
	110	85
	111	86
	113	87
	114	88
	115	89
	116	90
	117	91
	118	92
	119	93
	120	94
	121	95
net/minecraft/client/gui/font/providers/package-info	0	0
net/minecraft/client/gui/screens/GenericWaitingScreen	107	114
	64	70
	66	71
	67	72
	69	74
	73	78
	74	79
	76	82
	77	83
	79	85
	83	89
	84	90
	85	91
	86	92
	87	93
	88	94
	89	95
	90	96
	92	99
	93	100
	32	29
	97	104
	36	33
	102	109
	103	110
	40	39
	107	114
	44	52
	45	53
	46	54
	47	55
	48	56
	49	57
	50	58
	51	59
	52	60
	53	61
	57	65
	59	66
	60	67
	62	68
	63	69
net/minecraft/client/model/animal/camel/CamelSaddleModel	61	73
	21	19
	23	20
	26	23
	28	24
	29	25
	30	26
	32	27
	34	28
	35	31
	36	33
	37	35
	38	37
	40	39
	41	42
	42	44
	43	46
	44	48
	46	50
	47	53
	48	55
	49	57
	50	59
	51	61
	52	64
	54	66
	59	71
	60	72
	61	73
net/minecraft/client/renderer/entity/state/ThrownTridentRenderState	0	0
net/minecraft/client/gui/font/PlainTextRenderable	69	65
	64	60
	69	65
	41	37
	45	41
	49	45
	18	13
	19	14
	20	15
	21	16
	22	17
	54	50
	25	21
	26	22
	59	55
net/minecraft/client/renderer/entity/layers/SulfurCubeInnerLayer	54	53
	35	38
	36	39
	37	40
	39	41
	40	42
	42	43
	43	44
	45	45
	46	46
	47	47
	48	48
	49	49
	51	50
	52	51
	54	53
	28	25
	29	26
	30	27
	31	28
net/minecraft/client/gui/components/BossHealthOverlay	187	195
	130	139
	131	140
	135	143
	136	144
	137	145
	138	146
	142	149
	143	150
	144	151
	145	152
	146	153
	148	156
	151	159
	152	160
	155	163
	156	164
	157	165
	158	166
	163	171
	167	175
	168	176
	169	177
	170	178
	175	183
	179	187
	180	188
	181	189
	182	190
	187	195
	61	58
	62	59
	65	62
	66	85
	68	63
	70	64
	71	65
	73	66
	75	67
	76	69
	77	70
	79	71
	80	71
	81	72
	82	73
	83	74
	84	75
	85	76
	86	77
	88	78
	93	83
	94	85
	97	88
	98	89
	99	90
	100	91
	102	93
	105	104
	106	105
	107	106
	109	108
	112	114
	115	127
	116	128
	120	131
	121	132
	125	135
	126	136
net/minecraft/client/animation/definitions/CamelAnimation	0	0
net/minecraft/client/animation/definitions/BreezeAnimation	0	0
net/minecraft/client/resources/sounds/BeeAggressiveSoundInstance	20	20
	20	20
	9	9
	10	10
	11	11
	15	15
net/minecraft/client/renderer/entity/EntityRendererProvider	99	112
	67	80
	71	84
	75	88
	79	92
	83	96
	87	100
	91	104
	95	108
	99	112
	37	50
	38	51
	39	52
	40	53
	41	54
	42	55
	43	56
	44	57
	45	58
	46	59
	47	60
	48	61
	51	64
	55	68
	59	72
	63	76
net/minecraft/client/player/RemotePlayer	85	96
	64	67
	65	80
	66	83
	70	86
	71	87
	72	88
	79	91
	16	16
	18	17
	19	18
	83	94
	84	95
	85	96
	23	21
	24	22
	25	23
	27	26
	28	27
	33	31
	38	36
	39	37
	40	38
	44	42
	45	43
	47	46
	48	47
	49	48
	51	51
	52	52
	53	54
	54	55
	55	56
	57	59
	60	62
	61	63
	63	68
net/minecraft/client/main/Main	393	370
	61	369
	62	370
	67	58
	68	59
	69	60
	70	61
	71	62
	78	67
	79	68
	80	69
	81	70
	82	71
	85	74
	87	75
	88	76
	89	77
	90	78
	91	79
	92	80
	93	81
	94	82
	95	85
	96	86
	97	87
	98	88
	99	89
	100	90
	101	91
	102	92
	103	93
	104	94
	105	95
	106	96
	107	97
	108	98
	109	99
	110	100
	111	101
	112	102
	113	103
	114	104
	115	105
	116	106
	117	107
	118	108
	119	109
	120	110
	121	111
	122	112
	126	116
	127	117
	128	118
	129	119
	130	120
	134	123
	135	124
	142	127
	143	128
	144	129
	145	130
	146	131
	147	132
	149	133
	150	134
	154	137
	158	142
	159	143
	161	146
	162	147
	165	150
	166	151
	167	152
	168	153
	170	154
	171	155
	172	156
	174	157
	176	158
	177	159
	178	160
	179	161
	181	162
	183	163
	185	164
	186	165
	187	166
	191	169
	192	170
	193	171
	195	173
	196	174
	201	178
	202	179
	203	180
	204	181
	207	183
	212	188
	213	189
	214	190
	215	191
	216	192
	217	193
	218	194
	219	195
	220	196
	221	197
	222	198
	223	199
	224	200
	227	201
	228	202
	229	203
	230	206
	231	207
	232	208
	234	209
	235	210
	237	212
	238	215
	242	228
	245	232
	246	233
	247	234
	248	235
	249	236
	250	237
	251	238
	252	239
	253	240
	256	243
	259	245
	260	246
	261	252
	264	247
	265	248
	266	249
	268	252
	270	254
	271	255
	273	256
	276	259
	277	260
	278	261
	279	262
	280	263
	281	264
	282	265
	283	266
	284	267
	285	268
	286	269
	287	270
	288	271
	289	272
	292	275
	296	278
	297	279
	298	280
	300	281
	302	282
	303	283
	308	286
	309	287
	315	293
	316	294
	319	302
	320	302
	321	302
	323	303
	324	304
	327	305
	328	306
	331	307
	332	308
	333	309
	336	310
	337	311
	338	312
	341	313
	342	314
	343	315
	346	317
	350	323
	351	323
	353	323
	357	327
	361	331
	366	337
	367	338
	368	339
	369	340
	370	341
	371	342
	374	346
	379	351
	383	355
	388	360
	389	362
	390	363
	391	364
	393	361
net/minecraft/client/resources/language/FormattedBidiReorder	34	33
	16	15
	32	31
	17	16
	33	32
	18	17
	34	33
	20	18
	21	19
	22	21
	23	22
	24	23
	27	26
net/minecraft/client/renderer/entity/MagmaCubeRenderer	30	26
	16	15
	20	18
	25	22
	30	26
	15	14
net/minecraft/client/model/object/boat/AbstractBoatModel	35	30
	32	27
	33	28
	35	30
	15	13
	16	14
	17	15
	18	16
	22	19
	24	20
	25	21
	26	22
	29	25
	30	26
com/mojang/blaze3d/opengl/Uniform	21	23
	16	18
	20	22
	21	23
	8	7
	15	17
com/mojang/realmsclient/client/RealmsClientConfig	18	19
	16	17
	18	19
	11	12
	15	16
com/mojang/blaze3d/textures/package-info	0	0
net/minecraft/client/renderer/entity/state/CamelRenderState	0	0
com/mojang/blaze3d/GLFWErrorCapture	37	36
	19	18
	20	19
	37	36
	22	22
	23	23
	27	26
	31	31
net/minecraft/client/data/models/blockstates/BlockModelDefinitionGenerator	0	0
net/minecraft/client/multiplayer/PingDebugMonitor	23	23
	18	18
	19	19
	22	22
	23	23
	13	13
	14	14
	15	15
net/minecraft/client/quickplay/QuickPlay	130	135
	128	132
	129	133
	130	135
	46	43
	47	44
	48	45
	49	70
	52	47
	53	48
	54	51
	55	54
	56	55
	57	56
	58	57
	60	60
	61	61
	62	62
	63	63
	64	64
	67	70
	71	75
	72	76
	73	77
	74	78
	76	80
	77	82
	78	83
	79	84
	84	89
	85	92
	86	93
	87	95
	89	90
	90	95
	93	98
	94	99
	95	100
	96	101
	97	102
	98	103
	99	104
	102	107
	103	108
	104	109
	110	115
	111	116
	112	117
	113	118
	114	119
	115	120
	116	121
	117	122
	118	123
	119	124
	121	127
	122	128
	123	129
	124	130
	125	135
net/minecraft/client/renderer/entity/state/HorseRenderState	0	0
net/minecraft/client/gui/screens/inventory/FurnaceScreen	30	27
	29	26
	30	27
com/mojang/blaze3d/audio/CallbackDeviceTracker	92	88
	64	56
	65	58
	66	61
	67	64
	70	67
	73	68
	75	70
	79	74
	80	75
	81	76
	82	77
	83	78
	85	80
	89	85
	26	18
	90	87
	27	19
	91	86
	92	88
	31	23
	36	28
	37	29
	41	32
	42	33
	44	35
	45	36
	46	37
	49	41
	53	46
	54	47
	55	48
	56	49
	60	53
	61	54
	62	55
net/minecraft/client/gui/components/debug/DebugEntryEntityRenderStats	19	24
	19	24
	11	16
	12	17
	13	18
	15	20
net/minecraft/client/gui/screens/ConfirmScreen	108	104
	64	64
	68	67
	72	70
	76	74
	77	75
	78	76
	81	79
	83	80
	84	81
	85	82
	89	86
	27	28
	91	87
	28	29
	92	88
	93	89
	31	34
	95	91
	32	35
	33	36
	34	37
	35	38
	99	95
	36	39
	40	43
	104	100
	105	101
	106	102
	108	104
	45	48
	46	49
	48	50
	49	51
	51	52
	52	53
	53	54
	54	55
	56	56
	57	57
	58	58
	62	62
	63	63
com/mojang/realmsclient/util/task/GetServerDetailsTask	162	154
	130	128
	131	129
	135	130
	136	131
	137	131
	138	131
	139	132
	140	133
	141	134
	142	135
	144	137
	150	142
	151	143
	153	144
	154	145
	156	147
	157	148
	158	149
	159	150
	160	151
	161	153
	162	154
	43	39
	44	40
	45	41
	51	46
	52	47
	53	48
	54	49
	55	50
	56	51
	58	53
	59	54
	62	56
	63	57
	64	59
	65	61
	66	64
	69	66
	70	67
	71	68
	74	70
	75	71
	76	72
	77	73
	78	74
	79	75
	80	76
	83	79
	84	80
	85	88
	88	82
	90	83
	91	84
	92	85
	94	86
	95	88
	98	91
	99	92
	101	94
	106	100
	110	104
	111	106
	112	107
	113	108
	117	112
	118	113
	119	114
	122	118
	126	122
net/minecraft/client/model/animal/fish/PufferfishBigModel	103	87
	19	18
	20	19
	21	20
	22	21
	25	24
	26	25
	28	26
	29	27
	30	27
	31	27
	32	27
	34	28
	35	29
	36	29
	37	29
	39	31
	40	32
	41	32
	42	32
	44	34
	45	36
	46	36
	47	37
	49	39
	50	40
	51	40
	52	40
	54	42
	55	44
	56	44
	57	45
	59	47
	60	49
	61	49
	62	50
	64	52
	65	54
	66	54
	67	55
	69	57
	70	59
	71	59
	72	60
	74	62
	75	63
	76	63
	77	63
	79	65
	80	67
	81	67
	82	68
	84	70
	85	72
	86	72
	87	73
	89	75
	90	77
	91	77
	92	78
	95	80
	100	84
	101	85
	102	86
	103	87
net/minecraft/client/renderer/blockentity/AbstractSignRenderer	115	116
	64	59
	65	60
	66	61
	68	63
	69	64
	70	65
	73	68
	74	69
	75	70
	77	71
	79	84
	82	87
	83	88
	84	89
	85	90
	88	92
	89	93
	32	29
	33	30
	97	98
	99	99
	100	99
	37	33
	38	34
	39	35
	103	99
	40	36
	41	37
	44	40
	108	109
	45	41
	109	110
	46	42
	110	111
	47	43
	111	112
	48	44
	112	113
	113	114
	50	46
	114	115
	115	116
	53	49
	54	50
	55	51
	56	52
	57	53
	63	58
net/minecraft/client/renderer/entity/EndermanRenderer	63	57
	34	30
	35	31
	36	32
	37	33
	39	35
	44	40
	49	44
	54	48
	55	49
	56	50
	25	23
	57	51
	26	24
	58	52
	59	53
	28	25
	29	26
	61	55
	30	27
	63	57
net/minecraft/client/gui/components/tabs/package-info	0	0
net/minecraft/client/gui/components/PlayerTabOverlay	391	375
	256	233
	259	236
	263	240
	264	241
	265	242
	266	243
	267	244
	268	245
	269	246
	270	247
	271	248
	272	249
	274	251
	277	254
	278	255
	281	266
	282	267
	283	268
	284	269
	286	271
	289	275
	290	276
	292	277
	293	278
	294	279
	296	280
	297	328
	300	281
	301	282
	302	283
	303	284
	304	285
	305	286
	307	288
	308	289
	310	291
	313	294
	314	328
	61	54
	62	55
	318	296
	63	56
	319	298
	64	57
	320	299
	324	302
	325	303
	327	304
	328	305
	329	306
	331	309
	332	310
	77	69
	78	70
	79	71
	336	314
	337	315
	82	74
	83	75
	339	320
	340	321
	85	76
	343	328
	90	80
	346	331
	347	332
	94	84
	350	335
	95	85
	351	336
	96	86
	97	87
	98	88
	354	339
	99	89
	355	340
	356	341
	102	92
	105	95
	106	95
	107	95
	108	95
	369	353
	114	101
	370	354
	115	102
	371	355
	117	103
	374	358
	119	104
	375	359
	120	105
	376	360
	377	361
	122	107
	378	362
	123	108
	124	109
	381	365
	126	110
	382	366
	127	111
	128	112
	384	368
	130	113
	131	114
	387	371
	132	115
	134	116
	135	117
	391	375
	138	120
	139	121
	140	122
	141	123
	142	124
	144	127
	148	131
	151	134
	152	135
	153	136
	156	139
	157	140
	158	143
	159	143
	160	144
	161	143
	164	147
	167	149
	168	150
	169	151
	171	153
	174	156
	177	159
	179	160
	180	161
	182	162
	184	163
	185	164
	186	165
	187	167
	188	168
	192	172
	193	173
	194	174
	195	176
	196	177
	200	181
	201	182
	202	184
	203	185
	204	186
	205	187
	207	190
	210	193
	212	194
	213	196
	214	197
	215	198
	216	199
	217	200
	219	201
	221	202
	222	203
	223	204
	225	205
	226	206
	227	207
	228	208
	230	209
	232	210
	235	213
	237	214
	238	215
	239	216
	241	217
	242	218
	246	222
	250	226
	251	227
	252	228
	253	230
	254	231
	255	232
com/mojang/blaze3d/vulkan/VulkanInstance	155	172
	128	137
	130	141
	131	142
	132	144
	134	148
	135	150
	136	151
	137	152
	138	153
	140	159
	146	163
	147	164
	148	165
	151	168
	155	172
	40	37
	41	38
	42	39
	43	40
	44	41
	45	42
	46	43
	47	44
	49	45
	50	46
	51	47
	52	48
	53	49
	54	50
	55	51
	56	52
	58	54
	61	58
	62	59
	63	60
	64	61
	66	64
	67	65
	70	68
	72	69
	73	69
	74	70
	75	71
	78	74
	79	76
	80	77
	82	80
	84	81
	85	82
	86	83
	87	84
	88	85
	89	86
	90	87
	93	90
	95	91
	96	93
	97	95
	98	96
	100	98
	103	101
	107	105
	108	107
	109	108
	110	110
	112	114
	113	115
	114	117
	116	122
	117	123
	118	124
	119	125
	122	129
	126	134
	127	135
net/minecraft/client/multiplayer/chat/report/SkinReport	86	78
	64	63
	65	63
	67	63
	72	69
	73	70
	74	71
	77	73
	79	74
	82	75
	83	76
	85	77
	86	78
	23	22
	24	23
	25	24
	28	27
	33	31
	34	32
	35	33
	36	34
	37	35
	42	40
	47	45
	48	46
	51	49
	52	50
	56	54
	61	60
	62	61
net/minecraft/client/renderer/debug/NeighborsUpdateRenderer	57	56
	32	36
	33	37
	34	38
	35	39
	38	42
	39	43
	40	44
	41	45
	43	47
	50	53
	51	54
	20	21
	21	22
	54	56
	23	23
	55	56
	25	24
	57	56
	26	27
	27	28
	28	31
	29	32
	31	35
net/minecraft/client/renderer/blockentity/BrightnessCombiner	24	20
	19	16
	24	20
	11	10
	12	11
	13	11
net/minecraft/client/gui/screens/dialog/input/package-info	0	0
net/minecraft/client/renderer/LevelRenderer	940	1009
	148	148
	149	149
	150	150
	151	151
	152	152
	153	153
	154	154
	155	155
	156	156
	158	157
	159	158
	161	159
	162	160
	165	172
	167	173
	169	174
	170	175
	175	176
	176	177
	177	178
	179	179
	180	180
	182	181
	183	182
	185	183
	187	184
	188	185
	190	186
	191	187
	192	189
	193	191
	194	192
	195	193
	196	194
	197	195
	198	196
	199	197
	201	200
	203	201
	204	202
	205	203
	206	205
	207	206
	208	211
	210	213
	211	214
	214	217
	216	218
	218	219
	220	220
	221	221
	224	224
	225	225
	226	225
	227	226
	231	238
	233	239
	234	240
	237	243
	239	244
	240	248
	243	252
	244	253
	248	257
	249	258
	251	260
	253	261
	255	262
	257	263
	259	264
	260	265
	261	266
	263	267
	264	268
	265	269
	267	272
	269	274
	270	277
	271	277
	274	280
	275	281
	276	282
	278	283
	279	284
	280	284
	281	285
	284	287
	287	290
	289	291
	290	292
	292	293
	293	294
	295	295
	296	296
	299	297
	301	298
	302	299
	308	302
	309	303
	310	304
	312	305
	313	306
	314	307
	318	311
	319	312
	322	315
	324	316
	325	317
	326	318
	329	321
	330	322
	333	325
	334	326
	335	362
	338	327
	339	328
	340	329
	342	332
	345	335
	346	336
	347	362
	350	337
	351	338
	353	339
	354	341
	356	342
	357	343
	358	344
	359	345
	360	346
	363	358
	366	349
	368	350
	369	351
	371	352
	373	354
	374	355
	376	358
	377	362
	380	372
	381	373
	382	374
	383	375
	385	378
	386	379
	388	382
	389	383
	391	386
	392	387
	394	390
	395	391
	398	394
	399	395
	400	396
	401	397
	402	398
	404	399
	405	401
	407	402
	408	403
	409	404
	411	407
	412	408
	415	412
	416	413
	418	414
	420	415
	421	416
	422	417
	425	422
	426	423
	427	424
	429	425
	430	426
	432	429
	433	430
	435	433
	436	434
	439	437
	440	438
	441	439
	443	440
	445	441
	446	442
	447	443
	449	444
	450	445
	451	447
	454	459
	455	460
	456	461
	458	463
	460	466
	461	467
	464	470
	466	471
	467	472
	468	473
	470	475
	472	478
	473	480
	474	481
	475	482
	476	483
	477	485
	478	487
	481	490
	482	511
	485	491
	486	492
	487	493
	489	494
	491	497
	492	498
	493	499
	495	500
	497	501
	498	502
	499	503
	501	504
	502	505
	504	506
	505	507
	507	508
	508	509
	509	511
	512	514
	514	515
	515	516
	517	518
	518	519
	521	522
	522	523
	523	524
	524	525
	526	526
	527	527
	529	530
	530	531
	532	532
	533	533
	534	534
	535	535
	537	537
	538	538
	539	539
	540	540
	543	541
	546	542
	547	543
	549	556
	550	557
	551	558
	553	559
	554	560
	559	563
	560	566
	561	567
	562	568
	564	571
	565	572
	567	574
	568	575
	570	576
	571	577
	572	578
	574	581
	577	584
	578	585
	579	587
	580	597
	584	604
	588	608
	589	610
	593	614
	594	615
	596	616
	597	617
	598	619
	599	620
	600	621
	601	622
	602	623
	603	624
	604	625
	605	626
	606	627
	608	630
	609	631
	610	634
	612	632
	614	637
	615	638
	616	639
	617	640
	618	641
	620	643
	624	647
	625	648
	626	649
	627	650
	630	653
	631	654
	633	656
	636	659
	637	660
	638	661
	639	662
	640	664
	641	665
	643	667
	646	670
	647	671
	648	672
	649	673
	650	675
	651	676
	652	677
	653	678
	654	679
	655	680
	657	682
	660	685
	661	708
	664	686
	665	687
	666	688
	667	689
	669	690
	670	691
	672	693
	673	694
	676	695
	677	696
	678	697
	679	698
	680	699
	681	700
	682	701
	683	702
	684	703
	685	704
	687	708
	690	711
	691	712
	692	733
	694	713
	695	714
	696	715
	697	716
	698	717
	699	718
	701	721
	702	722
	703	731
	704	733
	707	744
	708	745
	709	746
	710	747
	712	750
	713	751
	715	754
	716	755
	719	758
	721	760
	724	763
	725	764
	726	765
	729	768
	730	769
	735	772
	737	773
	738	774
	740	777
	741	778
	743	781
	744	782
	745	783
	746	784
	749	787
	750	788
	752	791
	755	795
	756	801
	757	802
	759	806
	762	809
	764	810
	766	811
	767	812
	770	815
	772	816
	773	825
	774	826
	776	827
	777	828
	778	829
	781	833
	782	834
	785	835
	789	839
	790	858
	792	840
	793	841
	794	842
	795	844
	796	845
	798	848
	799	849
	800	851
	801	852
	802	853
	804	856
	805	858
	808	867
	809	868
	810	869
	814	870
	815	871
	817	873
	820	876
	821	877
	822	878
	825	881
	826	882
	827	883
	829	886
	830	887
	832	890
	833	891
	834	892
	835	893
	838	896
	842	900
	843	901
	845	903
	846	904
	847	906
	849	905
	853	912
	857	916
	861	920
	865	925
	869	930
	873	935
	877	940
	881	945
	885	950
	889	954
	893	959
	897	963
	901	967
	905	972
	909	976
	913	980
	917	984
	921	988
	925	992
	929	996
	930	997
	931	998
	932	1000
	933	1001
	935	1004
	936	1005
	939	1008
	940	1009
net/minecraft/client/gui/components/WidgetTooltipHolder	66	80
	64	78
	66	80
	35	42
	36	43
	37	68
	40	45
	41	46
	42	47
	43	48
	44	49
	46	52
	49	55
	50	56
	52	68
	23	22
	55	71
	24	23
	56	72
	58	73
	27	26
	28	27
	31	31
	63	77
net/minecraft/client/gui/components/debug/DebugEntryGpuUtilization	21	25
	16	20
	17	21
	21	25
	12	17
	14	19
net/minecraft/client/renderer/fog/environment/package-info	0	0
net/minecraft/client/gui/screens/inventory/EffectsInInventory	111	136
	34	33
	35	34
	36	35
	39	38
	40	39
	42	40
	46	44
	47	45
	49	46
	51	47
	52	56
	55	48
	56	49
	57	50
	58	51
	61	54
	62	56
	65	67
	66	68
	67	69
	68	71
	69	72
	70	73
	71	74
	72	75
	73	76
	74	77
	75	78
	77	80
	80	92
	81	93
	82	94
	83	95
	84	96
	88	111
	89	112
	90	113
	92	115
	93	116
	94	117
	95	118
	96	119
	97	120
	99	122
	101	125
	102	126
	104	128
	107	131
	108	132
	109	133
	111	136
net/minecraft/client/gui/components/debug/DebugEntryPosition	52	68
	33	33
	34	34
	35	35
	36	37
	37	38
	38	39
	39	40
	40	41
	41	42
	43	44
	45	47
	46	49
	47	51
	48	55
	49	63
	50	64
	52	68
	26	30
	27	31
	29	32
	30	68
net/minecraft/client/resources/metadata/texture/TextureMetadataSection	23	19
	18	12
	19	14
	20	15
	21	16
	22	17
	23	19
net/minecraft/client/gui/components/toasts/SystemToast	206	216
	142	211
	143	212
	146	215
	147	216
	151	118
	152	119
	155	122
	156	123
	157	124
	159	126
	161	128
	36	33
	164	131
	37	34
	165	132
	38	35
	166	133
	168	135
	41	38
	171	139
	172	144
	45	42
	175	148
	176	153
	50	47
	179	156
	180	157
	55	52
	183	161
	56	53
	184	166
	57	54
	187	170
	188	175
	61	58
	62	59
	191	178
	192	179
	66	63
	194	181
	195	182
	197	184
	71	68
	72	69
	200	187
	73	70
	201	188
	75	73
	203	190
	76	74
	204	191
	78	75
	206	193
	79	76
	83	80
	84	81
	85	82
	87	84
	88	85
	90	87
	93	92
	94	93
	96	95
	99	98
	100	99
	101	100
	104	103
	105	104
	106	105
	107	106
	110	109
	112	109
	113	109
	114	109
	115	109
	117	110
	118	111
	122	114
net/minecraft/client/renderer/entity/state/EquineRenderState	0	0
net/minecraft/client/renderer/feature/MovingBlockFeatureRenderer	85	85
	64	68
	66	70
	69	73
	70	74
	71	75
	80	80
	85	85
	28	25
	29	26
	30	27
	32	29
	33	30
	34	31
	35	32
	37	33
	38	34
	40	35
	41	35
	42	38
	43	38
	45	41
	46	42
	47	43
	49	45
	52	57
	53	58
	55	60
	56	61
	57	62
	58	63
	62	66
	63	67
net/minecraft/client/multiplayer/chat/report/Report	101	98
	64	63
	67	67
	101	98
	71	71
	72	72
	42	41
	43	42
	75	75
	44	43
	76	76
	47	46
	81	82
	82	82
	51	50
	84	82
	55	54
	24	23
	25	24
	26	25
	27	26
	59	58
	30	29
	63	62
net/minecraft/client/renderer/entity/ZombifiedPiglinRenderer	40	51
	17	24
	33	45
	19	30
	20	33
	21	34
	22	35
	38	49
	39	50
	24	38
	40	51
	28	41
net/minecraft/client/renderer/chunk/RenderRegionCache	41	41
	35	35
	39	39
	40	40
	41	41
	14	15
	15	16
	16	17
	18	18
	19	19
	20	20
	21	21
	22	22
	23	23
	25	24
	26	26
	27	27
	28	28
	29	29
	30	30
net/minecraft/client/renderer/entity/state/BreezeRenderState	0	0
com/mojang/blaze3d/textures/GpuTextureView	34	33
	18	17
	34	33
	22	21
	9	9
	10	10
	26	25
	11	11
	12	12
	30	29
net/minecraft/client/gui/screens/worldselection/SelectWorldScreen	170	185
	129	146
	133	150
	134	151
	137	154
	138	178
	140	155
	141	156
	142	157
	143	158
	144	159
	145	160
	147	162
	148	163
	149	164
	150	165
	151	166
	152	167
	153	168
	154	169
	155	170
	157	172
	158	173
	159	174
	162	178
	167	182
	168	183
	170	185
	49	47
	50	48
	51	49
	55	53
	56	54
	57	55
	59	56
	60	57
	61	58
	63	61
	64	62
	65	63
	66	64
	68	66
	69	67
	71	68
	72	70
	73	76
	74	78
	76	80
	78	81
	79	82
	80	83
	81	84
	84	87
	85	88
	86	89
	87	90
	88	92
	89	95
	90	100
	91	105
	92	109
	93	110
	96	113
	98	115
	99	116
	100	117
	101	118
	102	119
	106	123
	107	124
	109	125
	110	126
	111	127
	113	129
	118	134
	119	135
	121	138
	122	139
	126	143
	127	144
net/minecraft/client/model/npc/package-info	0	0
net/minecraft/client/renderer/entity/RavagerRenderer	38	33
	33	28
	34	29
	19	17
	36	31
	38	33
	24	21
	29	25
	14	13
	30	26
	15	14
	31	27
net/minecraft/client/gui/components/MultilineTextField	418	397
	258	265
	259	266
	261	268
	263	271
	266	273
	267	274
	269	276
	271	279
	274	211
	275	212
	276	213
	278	215
	280	218
	283	220
	284	221
	285	222
	287	224
	289	227
	292	208
	293	209
	39	33
	40	34
	296	281
	41	35
	42	36
	300	287
	45	39
	304	291
	49	43
	50	44
	52	46
	53	48
	309	296
	310	297
	56	51
	57	52
	314	301
	59	54
	60	56
	318	305
	63	59
	319	306
	320	307
	321	308
	67	63
	324	310
	71	67
	72	68
	329	316
	330	317
	75	71
	76	72
	333	319
	79	75
	80	76
	336	321
	337	322
	83	79
	84	80
	85	86
	341	325
	342	326
	87	81
	88	82
	89	83
	345	329
	90	84
	91	86
	94	89
	350	335
	351	336
	98	93
	354	338
	99	104
	357	340
	102	94
	358	341
	104	95
	105	96
	362	344
	107	97
	363	345
	108	104
	366	348
	111	98
	112	99
	113	100
	370	353
	115	101
	371	355
	116	104
	372	356
	119	107
	375	359
	120	108
	123	111
	379	363
	124	112
	380	364
	381	365
	382	366
	127	115
	385	369
	131	119
	387	370
	132	120
	388	371
	389	380
	135	123
	392	375
	139	127
	395	376
	396	377
	398	380
	143	131
	144	132
	145	133
	401	383
	146	134
	402	383
	404	383
	149	138
	408	387
	153	142
	409	388
	410	389
	411	390
	157	146
	158	148
	414	393
	159	151
	160	154
	162	157
	418	397
	163	158
	165	159
	166	160
	168	162
	171	165
	172	171
	175	166
	177	167
	178	168
	179	169
	180	171
	183	174
	184	175
	186	176
	187	177
	189	178
	190	179
	193	182
	194	183
	195	184
	196	185
	197	186
	200	189
	202	190
	203	191
	204	192
	205	193
	206	194
	207	195
	208	196
	209	197
	210	198
	211	199
	212	200
	213	201
	214	202
	215	203
	218	205
	220	238
	221	239
	222	240
	224	242
	226	245
	229	229
	230	230
	231	231
	233	233
	235	236
	238	253
	239	254
	241	257
	244	247
	245	248
	247	251
	250	259
	251	260
	254	262
	255	263
com/mojang/blaze3d/opengl/DirectStateAccess	239	272
	18	14
	19	15
	20	16
	22	18
	47	44
	48	45
	59	58
	60	59
	65	64
	66	65
	70	69
	71	70
	75	74
	76	75
	80	79
	81	80
	85	84
	86	85
	90	90
	95	95
	96	96
	100	100
	105	107
	106	108
	108	111
	109	112
	110	113
	112	115
	116	132
	117	133
	121	137
	122	138
	126	142
	127	143
	134	149
	139	154
	140	155
	141	156
	142	157
	143	158
	147	162
	148	163
	149	164
	150	165
	151	166
	155	170
	156	171
	157	172
	158	173
	159	174
	163	178
	164	179
	165	180
	166	181
	167	182
	171	186
	172	187
	173	188
	174	189
	175	190
	179	195
	180	196
	181	197
	182	198
	183	199
	188	204
	189	205
	190	206
	191	207
	192	208
	196	212
	197	213
	198	214
	199	215
	200	216
	204	220
	205	221
	206	222
	207	223
	208	224
	209	225
	213	229
	218	236
	219	237
	220	238
	221	240
	222	241
	224	244
	225	245
	226	246
	228	248
	232	265
	233	266
	234	267
	235	268
	236	269
	237	270
	238	271
	239	272
net/minecraft/client/gui/screens/debug/package-info	0	0
com/mojang/blaze3d/resource/RenderTargetDescriptor	35	31
	32	29
	17	16
	33	31
	18	17
	35	30
	20	19
	22	21
	26	24
	27	25
	12	12
net/minecraft/client/gui/screens/dialog/input/InputControlHandlers	202	197
	128	74
	133	78
	136	81
	144	107
	145	108
	146	109
	150	113
	151	114
	155	118
	158	121
	162	125
	166	129
	41	40
	42	41
	170	133
	46	45
	174	137
	50	49
	178	141
	51	50
	179	142
	52	51
	53	55
	181	142
	183	142
	56	53
	57	55
	60	58
	61	59
	189	86
	62	60
	190	87
	63	61
	191	91
	64	62
	194	94
	69	160
	199	98
	72	163
	73	164
	202	101
	74	165
	75	166
	76	167
	78	169
	79	170
	80	171
	81	172
	82	173
	83	174
	85	176
	86	177
	87	178
	88	179
	89	180
	91	183
	92	187
	95	190
	100	194
	103	197
	109	149
	110	150
	111	151
	112	152
	114	153
	116	154
	117	155
	123	66
	124	67
	125	71
net/minecraft/client/renderer/SpriteCoordinateExpander	59	71
	32	32
	37	37
	42	42
	11	11
	12	12
	13	13
	47	47
	17	17
	52	52
	53	53
	22	22
	58	70
	27	27
	59	71
net/minecraft/client/renderer/item/ItemModelResolver	71	75
	67	74
	68	75
	69	75
	71	75
	19	19
	20	20
	23	23
	27	27
	32	31
	33	32
	37	35
	38	36
	41	46
	43	47
	44	48
	45	49
	47	51
	50	61
	51	62
	52	66
	54	63
	55	64
	56	66
	59	69
	60	70
	61	70
	63	70
net/minecraft/client/gui/screens/BanNoticeScreens	121	120
	67	66
	71	70
	72	72
	73	72
	74	72
	79	77
	80	78
	81	79
	82	80
	83	81
	85	83
	86	84
	87	85
	88	86
	90	88
	92	91
	29	29
	94	93
	33	34
	34	41
	98	98
	99	99
	36	36
	100	100
	37	37
	101	102
	39	40
	40	41
	104	105
	109	110
	110	111
	111	112
	112	113
	113	115
	50	45
	114	115
	51	46
	116	115
	53	48
	54	49
	56	52
	57	53
	121	120
	59	57
net/minecraft/client/renderer/entity/state/FelineRenderState	0	0
net/minecraft/client/multiplayer/ClientPacketListener	2876	2770
	2048	1982
	2049	1997
	2051	1984
	2052	1985
	2054	1987
	2055	1988
	2056	1989
	2057	1990
	2058	1991
	2061	1994
	2063	1997
	2066	2000
	2070	2004
	2075	2008
	2076	2009
	2077	2010
	2078	2011
	2079	2012
	2080	2013
	2081	2014
	2082	2015
	2083	2016
	2087	2019
	2088	2020
	2089	2021
	2091	2023
	2095	2026
	2096	2027
	2097	2040
	2101	2043
	2102	2044
	2103	2045
	2104	2050
	2106	2046
	2107	2050
	2111	2053
	2112	2054
	2113	2055
	2117	2058
	2118	2059
	2119	2060
	2121	2062
	2123	2064
	2127	2067
	2128	2068
	2129	2069
	2130	2070
	2132	2072
	2133	2073
	2135	2075
	2137	2078
	2138	2079
	2139	2080
	2141	2083
	2143	2086
	2145	2088
	2149	2091
	2150	2092
	2151	2093
	2152	2094
	2153	2095
	2155	2097
	2162	2101
	2164	2102
	2168	2105
	2169	2106
	2173	2109
	2175	2110
	2176	2111
	2177	2112
	2179	2117
	2180	2118
	2181	2119
	2182	2120
	2183	2121
	2184	2122
	2185	2123
	2186	2124
	2190	2128
	2194	2131
	2195	2132
	2197	2133
	2198	2134
	2199	2135
	2200	2136
	2201	2137
	2202	2138
	2203	2139
	2205	2141
	2207	2143
	2211	2146
	2212	2147
	2214	2148
	2215	2149
	2216	2150
	2218	2152
	2219	2153
	2220	2154
	2222	2156
	2225	2159
	2229	2162
	2231	2163
	2232	2164
	2233	2165
	2234	2166
	2238	2169
	2241	2170
	2243	2172
	2244	2173
	2246	2175
	2247	2176
	2248	2177
	2249	2178
	2253	2182
	2255	2183
	2256	2184
	2257	2185
	2258	2186
	2259	2187
	2260	2188
	2261	2189
	2262	2190
	2263	2191
	2265	2192
	2266	2193
	2267	2194
	2268	2195
	2270	2197
	2271	2198
	2272	2199
	2276	2203
	2277	2204
	2279	2206
	2283	2209
	2284	2210
	2285	2211
	2286	2212
	2287	2213
	2289	2216
	2290	2217
	2291	2218
	2294	2221
	2295	2222
	2296	2223
	2297	2224
	2298	2225
	2299	2226
	2300	2227
	2302	2230
	2303	2242
	2304	2243
	2305	2244
	2309	2248
	2313	2251
	2314	2252
	2315	2253
	2316	2274
	2318	2254
	2319	2255
	2322	2257
	2323	2259
	2324	2260
	2326	2261
	2327	2262
	2330	2264
	2331	2265
	2333	2267
	2334	2268
	2337	2274
	2341	2277
	2343	2278
	2344	2279
	2345	2284
	2348	2280
	2349	2281
	2351	2284
	2355	2287
	2356	2288
	2357	2289
	2358	2290
	2359	2291
	2360	2292
	2363	2295
	2364	2296
	2365	2297
	2366	2298
	2368	2299
	2370	2300
	2371	2301
	2372	2302
	2373	2303
	2375	2304
	2376	2305
	2380	2308
	2381	2309
	2382	2310
	2383	2311
	2384	2312
	2385	2313
	2386	2314
	2387	2315
	2389	2317
	2393	2320
	2394	2321
	2395	2322
	2396	2323
	2397	2324
	2401	2327
	2402	2328
	2403	2329
	2404	2330
	2408	2333
	2409	2334
	2410	2335
	2414	2338
	2415	2339
	2416	2340
	372	370
	2420	2343
	2421	2345
	2422	2346
	2424	2348
	378	373
	2428	2351
	2429	2352
	2430	2352
	383	379
	2431	2353
	384	380
	385	381
	2433	2355
	387	384
	2437	2358
	2438	2359
	392	390
	393	391
	2442	2362
	395	394
	2443	2363
	396	395
	2444	2364
	398	398
	2448	2367
	2449	2368
	2453	2371
	2454	2372
	2458	2375
	2459	2376
	2460	2377
	2462	2379
	2466	2382
	2467	2383
	2468	2384
	2472	2387
	2473	2388
	2474	2389
	2478	2392
	2479	2393
	2480	2394
	2484	2397
	2485	2398
	2486	2399
	2487	2400
	2489	2402
	2493	2405
	2494	2406
	2495	2407
	2499	2410
	2500	2411
	2501	2412
	2505	2415
	2506	2416
	2509	2428
	2510	2429
	2511	2430
	464	448
	2512	2431
	465	449
	2513	2432
	466	450
	2514	2433
	467	451
	2515	2436
	468	453
	2516	2437
	469	455
	470	456
	472	457
	2520	2441
	473	458
	474	459
	2523	2444
	477	461
	479	462
	480	463
	2528	2448
	481	464
	482	465
	483	466
	2532	2452
	485	469
	486	470
	487	471
	488	472
	2536	2456
	489	473
	492	476
	2540	2460
	496	480
	2544	2465
	497	481
	498	482
	499	483
	2548	2470
	2549	2471
	502	486
	2550	2472
	503	487
	504	488
	505	489
	2554	2476
	508	492
	509	493
	510	494
	2558	2480
	511	495
	514	499
	2562	2485
	515	500
	2563	2486
	2564	2487
	518	503
	2568	2491
	2572	2495
	525	507
	527	508
	528	509
	2576	2499
	530	510
	531	511
	2580	2503
	533	512
	534	513
	535	514
	2584	2507
	537	515
	538	516
	540	517
	2588	2511
	541	518
	542	519
	543	520
	544	521
	2592	2515
	545	522
	546	534
	2596	2519
	549	535
	550	536
	551	537
	552	538
	2600	2523
	553	539
	2601	2523
	2602	2524
	557	543
	2605	2526
	558	544
	559	545
	2608	2529
	561	546
	2609	2530
	562	547
	2610	2531
	563	548
	564	549
	2612	2533
	565	550
	566	551
	567	552
	2615	2536
	568	553
	2616	2537
	569	554
	2617	2538
	570	555
	2618	2539
	571	556
	2619	2540
	572	557
	2620	2541
	573	558
	574	559
	2623	2544
	2624	2545
	2625	2546
	578	560
	2626	2557
	579	561
	580	562
	581	563
	2629	2548
	582	564
	2630	2549
	583	565
	2631	2550
	584	566
	2632	2551
	585	567
	2633	2552
	2634	2553
	588	570
	2636	2555
	589	571
	2637	2557
	591	572
	593	573
	594	574
	2642	2560
	595	575
	596	576
	2644	2562
	2645	2563
	598	578
	2646	2564
	2648	2566
	602	581
	2650	2572
	604	582
	2652	2569
	605	583
	2654	2574
	608	586
	609	587
	610	588
	611	589
	613	590
	615	592
	2664	2577
	2665	2578
	618	595
	2666	2579
	619	596
	620	597
	621	598
	2669	2580
	622	599
	2670	2581
	625	602
	2673	2583
	2674	2584
	2675	2585
	628	606
	629	607
	630	608
	2678	2586
	631	609
	632	610
	633	611
	2682	2591
	635	613
	2683	2591
	2684	2591
	637	616
	2688	2595
	641	621
	2689	2598
	642	622
	643	623
	2691	2601
	644	624
	2692	2602
	646	626
	2694	2604
	647	627
	2696	2606
	649	629
	2698	2608
	651	632
	2700	2610
	653	634
	2702	2613
	657	637
	2705	2616
	658	638
	659	639
	660	642
	662	640
	2710	2617
	663	642
	2711	2618
	2712	2619
	2714	2620
	667	645
	668	646
	669	647
	2717	2623
	670	648
	2718	2624
	2719	2625
	672	650
	676	653
	2724	2626
	677	654
	2725	2627
	678	655
	679	676
	2728	2629
	682	656
	683	657
	684	658
	2733	2630
	686	676
	2734	2631
	2735	2632
	689	659
	690	660
	2738	2634
	691	661
	692	662
	693	663
	2741	2637
	2742	2638
	695	665
	2743	2639
	2745	2641
	698	668
	699	669
	700	670
	2749	2644
	2750	2645
	703	673
	704	676
	2753	2648
	2754	2649
	2755	2650
	708	679
	709	680
	710	681
	2758	2653
	711	682
	712	683
	2760	2654
	713	684
	2761	2655
	714	685
	716	711
	2764	2658
	2765	2659
	719	699
	720	700
	2768	2662
	721	701
	722	702
	2770	2663
	2771	2664
	724	703
	2772	2665
	725	704
	2773	2666
	726	705
	2774	2667
	727	706
	728	707
	2777	2670
	731	711
	2780	2673
	2782	2674
	735	714
	2783	2675
	736	715
	737	720
	2785	2677
	739	716
	740	717
	2788	2681
	741	718
	742	720
	2792	2685
	2793	2686
	746	723
	747	724
	748	728
	2797	2689
	750	725
	2798	2696
	751	726
	752	728
	2800	2690
	2801	2696
	756	731
	2804	2691
	757	732
	2805	2692
	758	733
	2806	2693
	2807	2696
	760	735
	2811	2702
	764	738
	765	739
	766	740
	2814	2707
	767	762
	2815	2708
	770	741
	771	742
	772	743
	2820	2714
	773	744
	774	762
	2824	2718
	777	746
	778	747
	779	748
	780	749
	2828	2722
	781	750
	782	751
	784	753
	2832	2726
	786	755
	787	756
	2836	2730
	789	759
	790	762
	2840	2734
	794	765
	795	766
	796	766
	2844	2738
	797	771
	2845	2739
	799	767
	800	768
	2848	2742
	802	771
	2852	2746
	2853	2747
	806	774
	807	775
	808	776
	2856	2750
	809	779
	811	777
	812	779
	2860	2754
	816	782
	2864	2758
	817	783
	818	784
	819	785
	820	794
	2868	2762
	821	786
	822	787
	823	788
	2872	2766
	825	791
	2873	2767
	827	792
	828	794
	2876	2770
	829	795
	833	798
	834	799
	835	800
	837	801
	839	804
	840	805
	842	806
	843	807
	846	812
	848	813
	850	814
	851	815
	852	816
	853	817
	854	818
	857	820
	858	821
	859	822
	860	823
	863	824
	864	825
	865	826
	866	827
	871	832
	872	833
	874	834
	875	835
	876	836
	878	837
	879	838
	880	839
	881	840
	882	841
	886	844
	888	845
	889	846
	893	849
	894	850
	895	851
	896	852
	897	853
	898	854
	899	855
	900	856
	901	857
	902	858
	904	860
	905	861
	909	864
	911	866
	912	867
	915	870
	916	871
	919	874
	920	875
	921	876
	922	877
	923	878
	928	883
	931	886
	932	886
	933	887
	936	890
	937	891
	938	892
	939	894
	940	895
	941	896
	942	897
	944	900
	945	901
	949	904
	950	905
	951	906
	952	907
	953	908
	956	911
	957	912
	958	913
	959	914
	960	916
	961	917
	962	918
	963	919
	965	922
	966	923
	968	925
	969	926
	973	929
	974	930
	975	931
	979	934
	983	935
	985	936
	987	937
	988	938
	990	940
	1005	957
	1010	963
	1011	964
	1012	965
	1016	968
	1017	969
	1018	970
	1019	971
	1020	972
	1022	975
	1023	976
	1024	977
	1026	989
	1029	1002
	1030	1003
	1031	1004
	1033	1005
	1034	1006
	1035	1007
	1037	1010
	1038	1011
	1040	1013
	1041	1014
	1044	1017
	1048	1020
	1049	1021
	1050	1022
	1052	1024
	1054	1026
	1058	1029
	1060	1030
	1061	1031
	1062	1032
	1063	1033
	1064	1065
	1067	1035
	1068	1036
	1069	1037
	1071	1038
	1072	1065
	1075	1040
	1078	1041
	1079	1042
	1080	1043
	1081	1044
	1082	1045
	1083	1065
	1086	1047
	1088	1049
	1089	1050
	1091	1052
	1094	1055
	1095	1056
	1096	1057
	1097	1058
	1099	1060
	1101	1065
	1105	1068
	1106	1069
	1107	1070
	1111	1073
	1113	1074
	1114	1075
	1115	1076
	1116	1083
	1119	1078
	1121	1079
	1122	1080
	1124	1083
	1128	1086
	1129	1087
	1130	1088
	1131	1104
	1133	1089
	1134	1090
	1135	1091
	1136	1092
	1137	1093
	1138	1094
	1139	1095
	1140	1096
	1141	1097
	1142	1098
	1143	1099
	1144	1100
	1145	1101
	1147	1104
	1151	1107
	1152	1108
	1153	1109
	1154	1112
	1156	1110
	1157	1112
	1161	1115
	1162	1116
	1163	1117
	1164	1118
	1165	1119
	1166	1120
	1167	1121
	1171	1124
	1172	1125
	1173	1126
	1177	1129
	1178	1130
	1179	1131
	1180	1132
	1181	1158
	1184	1134
	1185	1135
	1187	1137
	1188	1138
	1189	1139
	1190	1140
	1191	1141
	1192	1142
	1193	1143
	1194	1144
	1195	1145
	1196	1146
	1197	1147
	1199	1150
	1200	1151
	1201	1152
	1206	1158
	1210	1161
	1211	1162
	1212	1162
	1213	1163
	1215	1165
	1218	1168
	1219	1169
	1220	1170
	1221	1171
	1224	1175
	1229	1179
	1230	1180
	1231	1181
	1233	1182
	1235	1195
	1237	1184
	1239	1187
	1240	1188
	1241	1189
	1242	1190
	1243	1191
	1246	1198
	1249	1201
	1253	1204
	1254	1205
	1255	1206
	1256	1209
	1259	1207
	1260	1209
	1264	1212
	1265	1213
	1266	1214
	1267	1215
	1268	1216
	1272	1219
	1273	1220
	1274	1221
	1278	1224
	1279	1225
	1280	1226
	1281	1227
	1282	1228
	1283	1229
	1284	1230
	1285	1231
	1286	1232
	1287	1233
	1288	1234
	1289	1235
	1290	1236
	1291	1237
	1292	1238
	1293	1239
	1294	1251
	1295	1252
	1296	1253
	1299	1256
	1300	1257
	1301	1258
	1305	1262
	1306	1263
	1308	1267
	1311	1270
	1312	1271
	1314	1272
	1315	1273
	1316	1274
	1317	1275
	1319	1278
	1321	1279
	1322	1280
	1323	1281
	1324	1282
	1326	1285
	1327	1286
	1328	1287
	1330	1289
	1331	1290
	1334	1293
	1335	1294
	1337	1296
	1340	1299
	1341	1300
	1342	1301
	1343	1302
	1344	1303
	1345	1304
	1346	1305
	1347	1306
	1348	1307
	1349	1308
	1350	1309
	1352	1312
	1353	1313
	1356	1318
	1357	1319
	1358	1320
	1359	1321
	1360	1322
	1361	1323
	1364	1327
	1369	1331
	1370	1332
	1371	1333
	1372	1345
	1373	1346
	1374	1347
	1375	1348
	1379	1351
	1380	1352
	1381	1353
	1382	1354
	1383	1355
	1384	1356
	1385	1357
	1386	1358
	1387	1359
	1388	1360
	1389	1361
	1390	1362
	1391	1363
	1393	1365
	1397	1368
	1398	1369
	1399	1370
	1403	1373
	1404	1374
	1405	1375
	1406	1376
	1408	1377
	1412	1379
	1413	1380
	1415	1382
	1418	1385
	1419	1386
	1420	1386
	1421	1387
	1422	1388
	1423	1389
	1427	1393
	1428	1394
	1429	1395
	1432	1398
	1436	1399
	1437	1400
	1439	1402
	1443	1405
	1445	1406
	1448	1407
	1449	1408
	1451	1410
	1455	1413
	1457	1414
	1459	1415
	1460	1416
	1464	1419
	1465	1420
	1466	1421
	1467	1422
	1468	1423
	1469	1424
	1471	1426
	1475	1429
	1476	1430
	1478	1431
	1479	1432
	1481	1434
	1483	1436
	1487	1439
	1488	1440
	1489	1441
	1490	1442
	1491	1445
	1492	1456
	1494	1457
	1495	1458
	1497	1460
	1498	1461
	1502	1464
	1503	1465
	1504	1466
	1505	1467
	1507	1469
	1511	1472
	1512	1473
	1513	1473
	1514	1474
	1516	1476
	1520	1479
	1521	1480
	1522	1481
	1526	1484
	1527	1485
	1528	1486
	1532	1489
	1533	1490
	1534	1491
	1538	1494
	1539	1495
	1540	1496
	1541	1497
	1542	1498
	1543	1499
	1545	1500
	1546	1501
	1547	1502
	1548	1503
	1549	1504
	1550	1505
	1551	1506
	1552	1507
	1553	1508
	1554	1509
	1555	1510
	1556	1511
	1557	1512
	1558	1513
	1559	1514
	1560	1515
	1561	1516
	1562	1517
	1563	1519
	1564	1527
	1565	1528
	1566	1529
	1567	1530
	1568	1531
	1569	1532
	1572	1535
	1573	1536
	1574	1537
	1576	1539
	1577	1540
	1578	1541
	1579	1542
	1580	1543
	1581	1544
	1582	1545
	1583	1546
	1584	1547
	1585	1548
	1587	1549
	1588	1550
	1590	1552
	1591	1553
	1592	1554
	1593	1555
	1594	1556
	1595	1556
	1596	1557
	1599	1559
	1602	1564
	1603	1567
	1604	1572
	1605	1578
	1606	1579
	1607	1580
	1609	1584
	1610	1585
	1611	1586
	1612	1586
	1613	1587
	1614	1588
	1615	1589
	1616	1590
	1618	1592
	1621	1595
	1623	1596
	1625	1599
	1626	1600
	1627	1601
	1629	1603
	1630	1604
	1632	1606
	1636	1609
	1637	1610
	1638	1611
	1640	1612
	1641	1613
	1642	1614
	1645	1617
	1646	1618
	1647	1619
	1651	1622
	1652	1623
	1653	1624
	1655	1626
	1657	1628
	1661	1631
	1662	1632
	1663	1633
	1667	1636
	1668	1637
	1669	1638
	1670	1639
	1672	1641
	1673	1642
	1675	1644
	1679	1647
	1680	1648
	1681	1649
	1685	1652
	1686	1653
	1687	1654
	1691	1657
	1692	1658
	1693	1659
	1697	1662
	1698	1663
	1699	1664
	1703	1667
	1704	1668
	1705	1669
	1706	1670
	1708	1672
	1712	1675
	1714	1676
	1715	1677
	1717	1679
	1721	1682
	1723	1684
	1724	1685
	1725	1686
	1727	1687
	1730	1690
	1731	1691
	1733	1693
	1737	1696
	1739	1697
	1741	1698
	1742	1699
	1745	1702
	1746	1703
	1747	1704
	1748	1705
	1751	1708
	1752	1709
	1755	1713
	1756	1714
	1760	1717
	1761	1718
	1762	1720
	1763	1721
	1766	1724
	1767	1725
	1771	1728
	1772	1729
	1773	1730
	1774	1731
	1775	1732
	1778	1735
	1779	1736
	1781	1737
	1782	1738
	1784	1740
	1788	1743
	1789	1744
	1790	1744
	1791	1755
	1794	1745
	1795	1747
	1796	1749
	1797	1750
	1799	1753
	1800	1755
	1803	1758
	1804	1759
	1809	1763
	1810	1764
	1812	1765
	1815	1766
	1816	1767
	1819	1770
	1820	1771
	1821	1772
	1822	1773
	1826	1776
	1830	1779
	1834	1782
	1836	1783
	1837	1784
	1838	1785
	1839	1786
	1841	1788
	1844	1791
	1848	1794
	1849	1795
	1850	1796
	1851	1797
	1852	1798
	1854	1800
	1858	1803
	1859	1804
	1860	1805
	1861	1806
	1863	1808
	1867	1811
	1868	1812
	1870	1813
	1872	1814
	1873	1815
	1874	1816
	1876	1818
	1879	1821
	1880	1822
	1881	1823
	1882	1824
	1886	1827
	1887	1828
	1888	1829
	1892	1832
	1893	1833
	1894	1834
	1898	1837
	1899	1838
	1900	1839
	1904	1842
	1905	1843
	1906	1844
	1910	1847
	1911	1848
	1912	1849
	1916	1852
	1917	1853
	1918	1854
	1919	1855
	1921	1857
	1925	1860
	1926	1861
	1927	1866
	1930	1862
	1931	1863
	1933	1864
	1934	1866
	1938	1869
	1939	1870
	1940	1871
	1944	1874
	1945	1875
	1946	1876
	1950	1879
	1951	1880
	1952	1881
	1956	1884
	1957	1885
	1958	1886
	1962	1889
	1963	1890
	1964	1891
	1968	1894
	1969	1895
	1970	1896
	1971	1897
	1975	1900
	1976	1901
	1977	1902
	1979	1904
	1983	1907
	1984	1909
	1985	1910
	1986	1911
	1987	1912
	1988	1913
	1991	1916
	1995	1919
	1997	1921
	1998	1922
	1999	1923
	2000	1924
	2004	1928
	2005	1929
	2006	1930
	2007	1931
	2011	1933
	2012	1934
	2015	1938
	2018	1945
	2019	1947
	2021	1950
	2023	1950
	2025	1951
	2027	1954
	2028	1955
	2030	1957
	2031	1958
	2033	1960
	2036	1964
	2037	1967
	2038	1970
	2039	1973
	2041	1975
	2044	1978
	2045	1979
	2046	1980
	2047	1981
net/minecraft/client/gui/screens/worldselection/PresetEditor	65	65
	64	64
	33	31
	65	65
	34	32
	35	33
	36	34
	37	35
	38	36
	40	38
	41	39
	44	46
	47	46
	52	53
	53	54
	54	55
	59	60
	60	61
	62	62
	63	63
com/mojang/realmsclient/client/Ping	73	75
	71	73
	72	74
	73	75
	17	15
	18	16
	22	19
	23	21
	24	22
	28	25
	29	26
	33	30
	34	31
	35	32
	36	34
	38	36
	39	37
	40	38
	41	39
	42	40
	43	41
	44	42
	46	44
	49	48
	53	52
	57	56
net/minecraft/client/animation/definitions/SnifferAnimation	0	0
net/minecraft/client/gui/screens/inventory/CommandBlockEditScreen	100	109
	64	64
	67	67
	68	68
	69	69
	70	70
	71	71
	72	72
	75	75
	76	76
	77	77
	78	78
	79	79
	80	80
	82	81
	19	20
	83	82
	20	21
	84	83
	85	84
	87	85
	24	25
	88	86
	89	87
	29	30
	93	91
	94	92
	95	93
	34	35
	35	36
	99	97
	36	37
	100	109
	40	41
	41	43
	42	44
	43	45
	44	46
	48	50
	49	51
	50	52
	53	54
	54	55
	55	56
	56	57
	59	59
	60	60
	61	61
	62	62
net/minecraft/client/model/object/projectile/ShulkerBulletModel	43	42
	35	35
	40	39
	41	40
	42	41
	43	42
	19	17
	20	18
	21	19
	24	22
	25	23
	27	24
	28	26
	29	27
	30	29
	31	31
net/minecraft/client/gui/font/providers/GlyphProviderDefinition	35	26
	32	21
	33	23
	34	24
	35	26
net/minecraft/client/gui/screens/inventory/package-info	0	0
net/minecraft/client/gui/spectator/SpectatorMenu	184	170
	128	114
	134	120
	135	121
	139	125
	144	130
	145	131
	149	135
	158	144
	159	145
	160	146
	33	29
	164	150
	37	33
	165	151
	169	155
	42	38
	46	42
	174	160
	175	161
	176	162
	178	164
	180	166
	56	51
	184	170
	57	52
	58	53
	61	56
	63	57
	64	58
	65	59
	66	60
	67	60
	69	60
	73	61
	74	62
	77	64
	78	66
	80	65
	84	71
	86	73
	87	74
	90	77
	94	81
	98	85
	102	89
	104	90
	105	91
	106	92
	108	94
	111	97
	114	100
	115	101
	118	104
	122	108
	123	109
	124	110
	125	111
net/minecraft/client/model/monster/enderman/EndermanModel	94	69
	17	16
	18	17
	21	20
	22	21
	23	22
	25	23
	26	24
	27	24
	28	24
	30	26
	31	27
	32	27
	35	29
	36	29
	37	29
	38	29
	40	30
	41	31
	42	31
	43	31
	45	33
	46	34
	47	34
	48	34
	50	36
	51	37
	52	37
	53	37
	55	39
	56	40
	57	40
	58	40
	61	42
	66	46
	68	47
	70	48
	71	49
	72	50
	73	51
	75	52
	76	53
	77	54
	78	55
	79	56
	82	57
	83	58
	84	59
	85	60
	86	61
	89	64
	90	65
	91	66
	92	67
	94	69
net/minecraft/client/gui/components/events/package-info	0	0
net/minecraft/client/gui/components/tabs/LoadingTab	53	49
	32	28
	37	33
	42	38
	43	39
	47	43
	48	44
	49	45
	20	19
	21	20
	53	49
	23	21
	24	22
	25	22
	26	22
	27	23
	28	24
com/mojang/blaze3d/ProjectionType	25	24
	16	15
	17	16
	20	19
	7	7
	8	8
	24	23
	25	24
	15	14
net/minecraft/client/model/monster/strider/AdultStriderModel	110	98
	29	26
	36	27
	40	31
	41	32
	42	33
	43	34
	44	35
	45	36
	47	37
	49	44
	50	52
	52	54
	53	55
	55	56
	56	57
	57	58
	60	61
	61	62
	63	63
	64	63
	65	63
	66	63
	68	64
	69	64
	70	64
	71	64
	73	65
	74	66
	75	66
	76	66
	79	68
	80	70
	81	70
	82	71
	84	73
	85	75
	86	75
	87	76
	89	78
	90	80
	91	80
	92	81
	94	83
	95	85
	96	85
	97	86
	99	88
	100	90
	101	90
	102	91
	104	93
	105	95
	106	95
	107	96
	110	98
net/minecraft/client/tutorial/package-info	0	0
com/mojang/blaze3d/pipeline/RenderTarget	122	126
	32	32
	33	33
	34	34
	35	35
	38	38
	40	39
	41	40
	42	41
	45	44
	47	45
	48	46
	49	47
	51	50
	52	51
	53	52
	55	55
	56	56
	57	57
	59	60
	60	61
	61	62
	63	64
	66	67
	68	68
	69	69
	71	70
	72	71
	74	73
	75	75
	78	78
	80	79
	81	80
	82	81
	83	92
	86	82
	87	83
	89	84
	90	85
	91	86
	94	89
	95	90
	96	94
	99	97
	101	101
	102	102
	103	103
	104	104
	105	105
	107	107
	110	111
	114	116
	118	121
	122	126
net/minecraft/client/model/monster/illager/IllagerModel	217	178
	31	30
	32	31
	33	32
	34	33
	35	34
	36	35
	37	36
	38	37
	39	38
	40	39
	43	42
	44	43
	46	44
	47	45
	48	45
	49	45
	51	47
	52	48
	53	48
	57	50
	58	50
	59	50
	60	50
	62	51
	63	53
	64	54
	65	56
	66	58
	68	60
	69	62
	70	62
	71	62
	72	63
	74	65
	75	65
	76	65
	79	66
	80	67
	81	67
	82	67
	84	69
	85	70
	86	70
	87	70
	89	72
	90	73
	91	73
	92	73
	94	75
	95	76
	96	76
	97	76
	100	78
	105	82
	107	83
	108	84
	110	85
	111	86
	112	87
	113	88
	115	89
	116	90
	117	91
	119	92
	120	93
	121	94
	123	95
	124	96
	125	97
	127	99
	128	100
	129	101
	130	102
	131	103
	133	104
	134	105
	135	106
	137	107
	138	108
	139	109
	141	110
	142	111
	143	112
	146	115
	148	116
	149	117
	150	118
	152	120
	154	122
	155	123
	156	124
	157	125
	158	126
	159	127
	160	128
	161	129
	162	130
	164	131
	165	132
	166	133
	167	134
	168	135
	169	136
	170	137
	171	138
	172	139
	173	140
	174	141
	175	142
	176	143
	177	144
	178	145
	179	146
	180	147
	181	148
	183	149
	184	150
	185	151
	186	152
	187	153
	190	156
	191	157
	192	158
	193	159
	194	160
	197	163
	198	163
	200	163
	205	167
	210	172
	215	176
	216	177
	217	178
net/minecraft/client/renderer/entity/AllayRenderer	44	38
	34	29
	35	30
	36	31
	37	32
	38	33
	39	34
	40	35
	44	38
	17	16
	19	17
	20	18
	24	21
	29	25
com/mojang/blaze3d/vulkan/VulkanConst	246	258
	21	18
	23	19
	24	20
	25	21
	27	24
	28	25
	31	29
	32	30
	34	33
	35	34
	37	37
	38	38
	41	41
	45	45
	47	46
	48	47
	50	50
	51	51
	53	54
	54	55
	56	58
	57	59
	59	62
	60	63
	62	66
	63	67
	65	70
	66	71
	69	74
	73	78
	74	79
	75	80
	77	83
	78	84
	80	87
	81	88
	83	91
	87	95
	88	96
	89	97
	94	102
	95	103
	96	104
	101	109
	102	110
	103	111
	104	112
	105	113
	106	114
	107	115
	108	116
	109	117
	110	118
	111	119
	112	120
	113	121
	114	122
	115	123
	116	124
	117	125
	118	126
	119	127
	120	128
	121	129
	122	130
	123	131
	124	132
	125	133
	126	134
	127	135
	128	136
	129	137
	130	138
	131	139
	132	140
	133	141
	134	142
	135	143
	136	144
	137	145
	138	146
	139	147
	140	148
	141	149
	142	150
	143	151
	144	152
	145	153
	146	154
	147	155
	148	156
	149	157
	150	158
	151	159
	152	160
	153	161
	154	162
	155	163
	156	164
	157	165
	162	170
	163	171
	164	172
	165	173
	166	174
	167	175
	168	176
	169	177
	170	178
	171	179
	172	180
	173	181
	174	182
	175	183
	176	184
	177	185
	182	190
	183	191
	184	192
	185	193
	186	194
	187	195
	192	200
	193	201
	194	202
	195	203
	196	204
	197	205
	198	206
	199	207
	200	208
	205	213
	206	214
	207	215
	212	220
	213	221
	214	222
	215	223
	216	224
	217	225
	218	226
	219	227
	220	228
	225	233
	226	234
	227	235
	229	238
	230	239
	232	242
	233	243
	235	246
	236	247
	238	250
	242	254
	243	255
	244	256
	245	257
	246	258
com/mojang/blaze3d/vertex/VertexFormat	151	139
	129	118
	135	122
	136	123
	137	125
	138	126
	139	127
	141	130
	142	131
	146	135
	147	136
	148	137
	151	139
	25	21
	26	22
	27	24
	28	25
	30	28
	31	29
	34	32
	39	36
	43	40
	47	44
	51	48
	55	53
	59	57
	64	61
	65	61
	67	61
	68	61
	69	61
	74	65
	83	74
	84	75
	87	78
	88	79
	90	80
	91	81
	94	83
	95	84
	96	86
	99	89
	100	90
	101	91
	104	94
	108	97
	109	98
	110	99
	111	100
	116	104
	117	105
	118	106
	119	107
	124	111
	125	113
	126	114
	127	115
net/minecraft/client/gui/screens/options/AccessibilityOptionsScreen	84	88
	64	71
	65	72
	66	72
	67	72
	68	73
	69	74
	70	75
	71	76
	75	80
	76	81
	77	82
	78	82
	80	84
	81	85
	84	88
	24	22
	25	23
	26	25
	27	26
	28	28
	29	30
	30	32
	31	34
	32	36
	33	38
	34	40
	35	42
	36	44
	37	46
	42	51
	43	52
	47	56
	48	57
	49	58
	50	58
	51	59
	52	60
	56	63
	57	64
	58	65
	60	67
net/minecraft/client/multiplayer/chat/report/ChatReportContextBuilder	105	103
	65	63
	75	75
	79	73
	80	76
	81	77
	82	78
	22	22
	86	81
	23	23
	87	82
	89	84
	26	26
	90	85
	91	86
	28	28
	92	87
	29	28
	93	88
	30	29
	31	30
	95	90
	32	31
	33	32
	34	33
	98	94
	35	34
	99	95
	36	35
	101	98
	39	28
	41	39
	105	103
	44	42
	45	43
	48	46
	50	47
	51	49
	52	50
	53	51
	54	52
	55	53
	56	54
	61	59
net/minecraft/client/renderer/SectionBufferBuilderPool	65	61
	64	60
	33	29
	65	61
	34	30
	36	31
	37	33
	38	34
	42	38
	46	43
	18	16
	50	47
	19	17
	51	48
	20	18
	54	51
	25	21
	26	22
	58	55
	28	23
	30	26
	31	27
	63	59
net/minecraft/client/gui/screens/worldselection/WorldCreationGameRulesScreen	27	25
	16	14
	17	15
	21	19
	22	20
	26	24
	11	9
	27	25
	12	10
net/minecraft/client/resources/SplashManager	82	86
	66	74
	68	75
	69	76
	70	77
	71	78
	72	79
	73	80
	77	81
	78	82
	79	84
	80	85
	82	86
	37	32
	38	33
	41	36
	46	46
	49	62
	50	45
	51	45
	52	45
	53	45
	54	45
	55	63
	56	64
	62	69
	63	70
net/minecraft/client/model/geom/builders/CubeDeformation	30	24
	16	10
	17	11
	18	12
	19	13
	22	16
	23	17
	26	20
	30	24
net/minecraft/client/renderer/special/TridentSpecialRenderer	56	53
	48	34
	50	36
	35	49
	54	40
	55	41
	56	42
	40	53
	27	20
	28	21
	46	32
	47	33
net/minecraft/client/model/animal/axolotl/AdultAxolotlModel	264	205
	256	205
	258	194
	259	195
	260	197
	261	199
	262	200
	263	202
	264	205
	31	28
	33	29
	34	30
	35	31
	36	32
	37	33
	38	34
	39	35
	40	36
	41	37
	42	38
	43	39
	46	42
	47	43
	49	44
	50	46
	51	46
	52	46
	53	47
	56	49
	57	50
	58	51
	59	51
	60	51
	63	53
	64	53
	65	54
	66	54
	67	55
	68	55
	70	56
	71	57
	72	58
	74	59
	75	59
	76	60
	77	60
	79	61
	80	62
	81	63
	82	64
	83	65
	84	65
	85	65
	86	65
	89	66
	94	70
	96	71
	97	72
	98	73
	99	74
	100	75
	102	76
	104	77
	106	78
	107	79
	108	80
	109	81
	110	82
	112	83
	113	84
	117	87
	118	106
	121	88
	122	89
	123	90
	124	91
	125	92
	127	93
	128	94
	130	95
	132	96
	133	97
	134	98
	135	99
	137	100
	138	101
	139	102
	140	103
	141	104
	142	106
	146	109
	147	133
	150	110
	151	111
	152	112
	153	113
	155	114
	156	115
	157	116
	159	117
	160	118
	161	119
	162	120
	164	121
	165	122
	166	123
	167	124
	168	125
	169	126
	170	127
	171	128
	172	129
	173	130
	174	131
	175	133
	179	136
	180	155
	183	137
	184	138
	185	139
	187	140
	188	141
	189	142
	191	143
	193	144
	194	145
	195	146
	196	147
	198	148
	199	149
	200	150
	201	151
	202	152
	204	153
	205	155
	209	158
	210	178
	213	159
	214	160
	215	161
	216	162
	218	163
	219	164
	220	165
	222	166
	223	167
	224	168
	225	169
	227	170
	229	171
	230	172
	231	173
	232	174
	233	175
	234	176
	235	178
	239	181
	240	190
	243	182
	244	183
	245	184
	246	185
	247	186
	249	187
	250	188
	251	190
	255	193
net/minecraft/client/gui/screens/social/SocialInteractionsPlayerList	220	223
	33	33
	34	34
	35	35
	40	39
	45	43
	49	47
	50	48
	53	51
	54	52
	55	53
	56	54
	58	57
	59	58
	60	59
	63	62
	64	64
	65	65
	66	66
	67	67
	68	68
	71	71
	74	74
	75	76
	76	77
	77	78
	78	79
	79	80
	82	83
	85	86
	89	90
	90	91
	92	94
	93	95
	94	99
	95	106
	96	107
	99	111
	100	112
	101	113
	104	117
	105	118
	106	120
	110	123
	112	125
	113	126
	114	126
	115	127
	119	131
	123	136
	124	137
	132	138
	133	139
	135	140
	136	141
	138	142
	143	143
	145	145
	146	145
	148	145
	150	148
	152	150
	153	151
	154	152
	159	156
	162	160
	164	163
	165	165
	168	168
	169	169
	170	170
	171	171
	172	172
	173	173
	174	174
	177	177
	178	178
	179	179
	181	181
	184	184
	185	185
	188	188
	192	192
	193	194
	194	195
	195	196
	196	197
	199	201
	200	202
	201	203
	202	205
	203	207
	204	208
	207	210
	210	213
	211	214
	212	215
	213	216
	216	219
	219	222
	220	223
net/minecraft/client/model/geom/builders/MaterialDefinition	15	10
	13	8
	14	9
	15	10
net/minecraft/client/gui/components/AbstractSliderButton	157	156
	131	129
	132	130
	135	133
	136	134
	137	135
	138	136
	140	139
	141	140
	145	144
	146	145
	147	146
	151	150
	155	154
	156	155
	157	156
	35	33
	36	34
	37	35
	40	38
	41	38
	43	38
	48	42
	49	42
	51	42
	57	47
	62	52
	63	53
	64	54
	65	55
	66	56
	68	58
	71	61
	74	64
	78	68
	79	69
	81	78
	83	79
	84	80
	88	84
	89	85
	91	87
	95	91
	96	92
	97	93
	101	97
	102	98
	103	99
	104	106
	106	101
	107	102
	108	103
	110	106
	114	110
	115	111
	116	112
	118	114
	119	115
	120	116
	121	117
	122	118
	123	119
	124	120
	127	124
net/minecraft/client/model/animal/fish/CodModel	72	47
	68	44
	70	45
	71	46
	72	47
	18	17
	19	18
	20	19
	23	22
	24	23
	26	24
	27	25
	28	25
	29	25
	30	25
	32	26
	33	26
	34	26
	35	26
	37	27
	38	27
	39	27
	40	27
	42	28
	43	30
	44	30
	45	31
	47	33
	48	35
	49	35
	50	36
	52	38
	53	38
	54	38
	55	38
	57	39
	58	39
	59	39
	60	39
	63	40
net/minecraft/client/gui/screens/dialog/body/package-info	0	0
net/minecraft/client/renderer/blockentity/state/EnchantTableRenderState	0	0
net/minecraft/client/sounds/SoundEngine	578	527
	515	470
	516	477
	519	471
	520	472
	521	473
	524	477
	527	480
	528	481
	530	483
	533	486
	534	487
	537	490
	538	494
	541	491
	542	492
	543	494
	546	497
	547	498
	548	499
	549	500
	553	503
	554	504
	556	506
	557	507
	558	508
	563	512
	566	515
	570	519
	571	520
	574	523
	578	527
	79	70
	90	80
	91	81
	92	82
	94	83
	95	84
	98	87
	99	89
	100	90
	101	91
	102	92
	103	93
	104	94
	108	99
	109	100
	110	101
	113	104
	114	117
	118	106
	119	107
	120	108
	121	109
	122	110
	123	111
	124	112
	125	113
	126	114
	128	117
	131	120
	132	128
	135	121
	136	122
	137	123
	138	124
	140	126
	141	128
	144	131
	145	132
	146	133
	147	134
	148	135
	150	137
	153	140
	154	141
	156	143
	159	146
	160	147
	161	148
	162	149
	165	152
	168	155
	169	156
	170	157
	173	160
	174	161
	175	162
	176	163
	177	164
	178	165
	179	166
	180	167
	181	168
	182	169
	183	170
	185	172
	188	175
	189	176
	192	179
	193	180
	201	183
	202	184
	204	185
	205	186
	208	188
	210	189
	211	190
	212	191
	213	192
	216	193
	217	194
	218	195
	221	198
	222	199
	223	200
	225	201
	226	202
	227	203
	231	205
	232	206
	233	207
	236	210
	239	213
	243	218
	244	219
	246	222
	247	223
	249	225
	251	228
	252	229
	255	232
	257	233
	258	234
	261	236
	262	237
	263	238
	265	241
	267	242
	268	243
	270	245
	271	246
	272	247
	273	248
	274	249
	275	250
	276	251
	277	252
	278	253
	279	254
	285	259
	286	261
	287	262
	289	263
	290	264
	292	265
	293	266
	294	267
	295	268
	296	269
	298	272
	299	273
	300	274
	303	277
	304	278
	308	281
	309	282
	315	288
	316	290
	317	291
	319	292
	320	293
	323	294
	324	295
	327	298
	328	299
	331	302
	335	305
	336	307
	337	308
	338	309
	339	310
	340	311
	341	312
	342	313
	343	314
	344	315
	347	318
	350	321
	354	325
	358	329
	362	333
	363	334
	366	336
	367	337
	370	338
	374	343
	375	344
	378	345
	379	346
	382	348
	383	349
	384	350
	385	351
	386	352
	388	355
	389	356
	392	359
	395	362
	397	363
	398	364
	401	365
	402	366
	403	367
	405	370
	408	372
	409	373
	411	374
	412	375
	413	376
	415	377
	416	378
	418	379
	419	380
	420	382
	421	383
	425	387
	426	388
	427	389
	428	394
	430	390
	431	391
	435	397
	437	398
	438	399
	440	400
	441	402
	442	403
	443	404
	444	405
	446	408
	449	410
	451	411
	452	412
	453	413
	455	414
	456	415
	457	416
	458	417
	459	418
	461	420
	464	423
	465	424
	466	425
	467	426
	469	427
	470	428
	471	428
	472	428
	473	429
	474	430
	475	431
	477	433
	478	433
	479	433
	480	434
	481	435
	482	436
	485	439
	486	440
	488	443
	489	443
	491	443
	495	450
	496	451
	499	454
	500	455
	503	458
	507	462
	511	466
com/mojang/blaze3d/opengl/package-info	0	0
net/minecraft/client/renderer/blockentity/CopperGolemStatueBlockRenderer	74	87
	64	80
	67	83
	36	36
	37	37
	38	38
	39	39
	71	87
	40	40
	41	41
	73	87
	74	87
	45	44
	50	54
	51	55
	52	56
	53	57
	54	58
	55	61
	59	66
	60	67
	61	68
	62	69
	63	79
net/minecraft/client/model/geom/builders/MeshTransformer	12	9
	7	5
	11	8
	12	9
net/minecraft/client/particle/ParticleResources	298	317
	257	254
	258	255
	262	259
	263	260
	264	261
	266	270
	267	268
	268	286
	269	287
	270	288
	275	294
	283	302
	288	307
	293	312
	297	316
	298	317
	55	51
	56	52
	59	55
	60	56
	63	59
	64	60
	65	61
	66	62
	67	63
	68	64
	69	65
	70	66
	71	67
	72	68
	73	69
	74	70
	75	71
	76	72
	77	73
	78	74
	79	75
	80	76
	81	77
	82	78
	83	79
	84	80
	85	81
	86	82
	87	83
	88	84
	89	85
	90	86
	91	87
	92	88
	93	89
	94	90
	95	91
	96	92
	97	93
	98	94
	99	95
	100	96
	101	97
	102	98
	103	99
	104	100
	105	101
	106	102
	107	103
	108	104
	109	105
	110	106
	111	107
	112	108
	113	109
	114	110
	115	111
	116	112
	117	113
	118	114
	119	115
	120	116
	121	117
	122	118
	123	119
	124	120
	125	121
	126	122
	127	123
	128	124
	129	125
	130	126
	131	127
	132	128
	133	129
	134	130
	135	131
	136	132
	137	133
	138	134
	139	135
	140	136
	141	137
	142	138
	143	139
	144	140
	145	141
	146	142
	147	143
	148	144
	149	145
	150	146
	151	147
	152	148
	153	149
	154	150
	155	151
	156	152
	157	153
	159	154
	160	155
	162	156
	163	157
	164	158
	166	159
	167	160
	168	161
	169	162
	170	163
	171	164
	172	165
	173	166
	174	167
	175	168
	176	169
	177	170
	178	171
	180	172
	181	173
	182	174
	183	175
	184	176
	185	177
	186	178
	187	179
	188	180
	189	181
	190	182
	191	183
	192	184
	195	187
	196	188
	199	191
	200	192
	201	193
	202	194
	208	199
	209	205
	210	207
	211	208
	212	209
	213	210
	214	211
	215	212
	216	213
	219	215
	221	217
	222	217
	223	217
	224	218
	225	219
	227	222
	228	223
	230	224
	231	225
	232	226
	233	227
	234	228
	235	229
	236	230
	237	249
	239	231
	240	233
	241	234
	242	235
	243	236
	244	237
	246	239
	249	243
	250	244
	252	247
	253	249
	254	250
	255	251
net/minecraft/client/multiplayer/ClientConfigurationPacketListenerImpl	217	234
	128	142
	129	143
	132	145
	133	146
	134	147
	135	148
	137	150
	138	151
	139	152
	140	153
	141	154
	143	156
	145	158
	147	161
	152	164
	153	166
	155	168
	159	169
	160	170
	163	174
	178	191
	183	197
	184	200
	59	62
	60	63
	188	204
	61	64
	62	65
	63	66
	191	207
	64	67
	65	68
	194	210
	195	211
	69	71
	200	215
	201	216
	74	76
	75	77
	205	220
	79	80
	207	221
	80	81
	208	222
	84	84
	212	228
	85	85
	86	86
	215	233
	217	234
	90	89
	91	90
	92	91
	96	94
	97	95
	101	98
	102	99
	103	100
	106	103
	107	104
	108	105
	112	108
	113	109
	116	112
	117	113
	120	120
	121	136
	122	132
	127	141
net/minecraft/client/resources/metadata/animation/VillagerMetadataSection	32	28
	32	28
	11	9
	27	24
	12	10
	28	25
	13	11
net/minecraft/client/gui/components/spectator/SpectatorGui	139	130
	129	121
	131	122
	132	123
	133	124
	134	125
	137	128
	139	130
	28	28
	29	29
	32	32
	34	33
	35	34
	37	36
	39	38
	42	41
	43	42
	47	46
	48	57
	51	47
	52	48
	53	49
	54	57
	57	51
	58	52
	60	53
	62	54
	63	57
	66	60
	67	61
	68	62
	69	63
	71	66
	72	67
	74	69
	77	72
	78	73
	79	74
	81	75
	82	76
	84	77
	86	78
	87	79
	88	80
	91	83
	94	86
	96	87
	97	88
	98	89
	99	90
	100	91
	101	92
	102	93
	104	95
	108	99
	109	100
	110	101
	113	104
	117	108
	118	110
	119	111
	122	114
	123	115
	124	116
	126	118
net/minecraft/client/renderer/texture/TextureContents	45	55
	19	15
	35	46
	22	21
	23	20
	39	50
	24	33
	26	37
	27	38
	44	54
	45	55
	31	42
com/mojang/blaze3d/vulkan/VulkanPhysicalDevice	252	228
	48	47
	49	48
	51	49
	54	51
	56	55
	57	57
	61	61
	62	62
	63	63
	64	64
	65	65
	66	66
	67	67
	68	68
	70	71
	73	72
	74	73
	75	74
	77	75
	78	76
	95	77
	96	78
	97	79
	99	80
	100	81
	102	82
	103	84
	104	85
	105	86
	109	87
	110	90
	111	91
	113	94
	116	95
	118	96
	119	97
	120	98
	121	99
	124	102
	128	103
	131	104
	132	105
	133	106
	134	107
	139	112
	140	113
	141	114
	142	115
	144	116
	146	117
	147	118
	148	119
	149	120
	152	122
	156	125
	157	126
	158	127
	159	128
	160	129
	161	130
	162	131
	165	134
	169	138
	170	140
	171	141
	172	144
	173	149
	174	148
	175	142
	176	147
	177	145
	178	146
	179	143
	180	150
	185	155
	189	159
	193	163
	197	167
	201	171
	205	175
	209	179
	210	181
	211	182
	213	185
	217	189
	221	194
	225	199
	229	204
	233	208
	234	209
	235	210
	236	211
	240	215
	241	216
	243	218
	247	223
	248	224
	249	225
	250	226
	251	227
	252	228
net/minecraft/client/gui/components/AbstractScrollArea	135	144
	131	140
	135	144
	23	24
	24	25
	25	26
	29	30
	30	31
	32	33
	33	34
	38	40
	39	41
	40	42
	41	43
	42	44
	44	46
	45	47
	46	48
	47	49
	49	52
	52	54
	57	60
	58	61
	61	64
	65	68
	66	69
	69	72
	70	73
	74	77
	78	81
	79	82
	82	85
	86	89
	90	93
	94	97
	98	101
	102	105
	106	111
	107	112
	108	113
	110	114
	111	115
	112	118
	113	121
	114	122
	118	126
	119	127
	120	130
	122	131
	123	132
	126	135
net/minecraft/client/model/animal/cow/BabyCowModel	55	46
	14	12
	15	13
	18	16
	19	17
	21	18
	22	20
	23	21
	24	23
	25	25
	26	29
	27	31
	29	33
	30	33
	31	33
	32	33
	34	34
	35	35
	36	35
	37	35
	39	37
	40	38
	41	38
	42	38
	44	40
	45	41
	46	41
	47	41
	49	43
	50	44
	51	44
	52	44
	55	46
net/minecraft/client/renderer/texture/TextureAtlas	311	327
	256	274
	257	275
	258	276
	260	278
	264	283
	268	287
	270	288
	271	289
	272	290
	273	291
	274	292
	276	293
	277	294
	278	295
	280	297
	284	301
	285	303
	286	304
	288	306
	292	310
	293	311
	294	312
	297	315
	301	319
	306	323
	311	327
	64	60
	65	61
	66	62
	70	65
	72	66
	73	67
	74	68
	75	69
	76	70
	77	71
	78	72
	79	73
	80	74
	81	76
	82	77
	84	79
	87	82
	88	83
	90	84
	91	85
	92	86
	93	87
	94	88
	97	90
	98	91
	99	93
	100	94
	101	95
	102	96
	105	100
	107	101
	108	102
	109	103
	110	104
	111	105
	112	106
	114	108
	115	109
	116	110
	117	111
	121	115
	123	116
	124	118
	125	119
	126	120
	127	121
	128	122
	129	123
	134	128
	135	129
	136	130
	139	133
	141	134
	142	135
	144	138
	145	139
	146	140
	147	141
	150	145
	153	148
	154	149
	155	150
	156	151
	159	152
	160	153
	161	154
	164	156
	165	157
	166	158
	167	160
	168	162
	169	164
	170	165
	171	166
	173	169
	177	172
	178	173
	179	176
	180	177
	181	178
	183	180
	184	181
	185	182
	186	183
	193	189
	194	190
	195	191
	196	192
	199	196
	201	197
	202	198
	206	202
	207	203
	208	204
	209	205
	212	208
	213	220
	214	214
	215	215
	216	216
	218	235
	219	236
	221	238
	224	241
	225	248
	228	242
	229	243
	232	246
	233	248
	236	251
	237	252
	238	255
	239	256
	240	258
	241	259
	242	260
	248	266
	252	270
	253	271
net/minecraft/client/renderer/SubmitNodeStorage	124	174
	65	93
	66	94
	70	98
	71	99
	75	111
	76	112
	80	116
	81	117
	85	123
	86	124
	90	137
	91	138
	95	144
	96	145
	35	33
	100	149
	101	150
	40	38
	41	39
	105	154
	106	155
	45	51
	109	158
	46	52
	113	162
	50	67
	114	163
	51	68
	115	165
	116	166
	55	72
	119	167
	56	73
	120	168
	122	172
	60	77
	124	174
	61	78
net/minecraft/client/color/block/package-info	0	0
net/minecraft/client/renderer/chunk/ChunkSectionLayer	56	51
	32	28
	33	30
	34	30
	36	30
	40	35
	44	39
	48	43
	52	47
	24	20
	56	51
	25	21
	26	22
	27	23
	28	24
	31	27
net/minecraft/client/particle/VibrationSignalParticle	119	120
	27	32
	29	33
	31	34
	32	35
	34	36
	35	37
	36	38
	37	39
	38	40
	39	41
	40	42
	41	43
	43	45
	47	49
	48	50
	49	51
	51	52
	52	53
	53	54
	55	55
	56	56
	57	57
	61	61
	66	66
	71	71
	72	72
	73	73
	75	74
	76	75
	77	96
	80	77
	83	78
	84	79
	85	96
	88	81
	89	82
	91	83
	93	84
	94	85
	95	86
	97	87
	98	88
	99	89
	101	90
	102	91
	104	92
	105	93
	106	96
	112	102
	113	103
	117	117
	118	119
	119	120
net/minecraft/client/gui/screens/ConfirmLinkScreen	124	121
	27	22
	28	23
	31	26
	32	27
	35	30
	36	31
	39	36
	40	37
	43	42
	44	43
	45	44
	46	45
	47	46
	48	47
	51	50
	55	54
	60	59
	61	60
	63	62
	67	66
	68	67
	69	68
	70	69
	71	70
	72	71
	73	72
	76	75
	77	76
	80	79
	81	80
	83	81
	84	82
	86	85
	87	86
	89	87
	92	90
	93	91
	95	92
	96	93
	98	96
	99	97
	101	98
	104	101
	105	102
	108	105
	109	106
	112	109
	116	113
	120	117
	124	121
net/minecraft/client/renderer/blockentity/CampfireRenderer	74	73
	64	63
	65	64
	66	65
	67	66
	68	67
	69	68
	71	69
	72	70
	74	73
	29	27
	30	28
	34	31
	39	41
	40	42
	42	43
	43	44
	44	46
	45	47
	46	48
	47	50
	49	52
	53	55
	55	56
	56	58
	57	59
	58	60
	61	61
	62	62
net/minecraft/client/gui/screens/LoadingOverlay	180	214
	128	147
	129	148
	131	150
	136	154
	138	156
	139	157
	140	158
	141	159
	143	162
	144	163
	146	164
	147	165
	150	168
	153	171
	157	175
	158	176
	159	177
	32	30
	162	178
	164	179
	165	180
	166	181
	167	182
	168	183
	172	187
	173	188
	177	192
	178	198
	179	214
	180	210
	53	50
	54	51
	55	52
	56	53
	57	54
	60	57
	61	58
	64	61
	69	66
	70	67
	71	68
	73	69
	74	70
	77	73
	78	74
	81	76
	82	77
	83	78
	85	80
	87	83
	88	84
	89	85
	90	86
	91	87
	92	88
	93	89
	95	91
	97	94
	98	95
	99	96
	100	97
	103	99
	104	100
	107	103
	108	104
	110	105
	111	106
	112	107
	113	108
	115	109
	116	110
	117	125
	119	140
	121	141
	122	142
	124	143
	125	144
net/minecraft/client/renderer/debug/RaidDebugRenderer	50	48
	32	30
	33	31
	34	32
	37	35
	38	36
	41	39
	42	40
	43	41
	46	44
	47	45
	50	48
	24	21
	25	22
	29	28
	31	29
net/minecraft/client/gui/screens/inventory/AbstractMountInventoryScreen	55	54
	32	30
	33	31
	36	34
	37	35
	39	38
	40	39
	43	42
	44	43
	47	46
	48	47
	19	19
	20	20
	52	51
	21	21
	53	52
	22	22
	54	53
	55	54
	26	26
	27	27
	28	28
	30	29
net/minecraft/client/renderer/blockentity/BlockEntityRenderDispatcher	112	120
	64	69
	67	75
	68	76
	69	77
	73	78
	74	79
	77	80
	78	81
	81	82
	82	83
	84	85
	85	86
	86	87
	87	88
	91	95
	92	96
	93	106
	97	98
	98	99
	99	100
	100	101
	102	102
	104	103
	106	106
	43	48
	44	49
	45	50
	46	51
	110	110
	47	52
	111	119
	48	53
	112	120
	49	54
	50	55
	54	59
	59	64
	63	68
net/minecraft/client/gui/screens/reporting/package-info	0	0
net/minecraft/client/renderer/blockentity/BlockEntityWithBoundingBoxRenderer	214	179
	130	111
	131	112
	133	114
	134	115
	135	116
	136	117
	137	118
	138	119
	139	120
	141	121
	142	122
	143	123
	144	124
	145	125
	146	126
	148	127
	149	128
	151	129
	153	130
	155	131
	157	132
	158	133
	159	134
	160	135
	34	32
	39	42
	40	43
	41	44
	170	142
	44	47
	45	48
	173	145
	46	49
	174	170
	47	50
	49	51
	177	146
	50	52
	51	53
	179	148
	52	54
	180	149
	53	55
	181	150
	54	56
	182	151
	55	58
	183	152
	56	59
	184	153
	57	60
	58	61
	59	62
	60	63
	61	64
	62	65
	63	66
	64	67
	65	68
	66	69
	194	159
	67	70
	195	160
	196	161
	197	162
	198	163
	199	164
	200	165
	73	76
	201	166
	203	167
	76	79
	204	168
	205	170
	209	174
	214	179
	95	82
	97	83
	101	88
	102	107
	104	89
	105	90
	106	107
	108	91
	109	92
	110	93
	112	94
	113	107
	116	95
	117	96
	119	97
	120	99
	122	103
	123	107
	126	110
	127	142
net/minecraft/client/renderer/blockentity/state/BeaconRenderState	0	0
net/minecraft/client/gui/screens/inventory/LoomScreen	290	287
	257	255
	261	259
	262	260
	263	261
	265	263
	268	266
	269	267
	270	268
	272	269
	273	270
	275	271
	276	272
	279	275
	280	276
	283	279
	284	280
	285	281
	287	284
	288	285
	289	286
	290	287
	73	67
	74	68
	75	69
	76	70
	80	74
	81	75
	82	76
	83	77
	86	80
	91	85
	92	86
	93	87
	94	88
	96	89
	97	90
	98	91
	99	92
	100	93
	101	94
	103	97
	104	98
	106	101
	107	102
	110	105
	111	106
	112	107
	113	108
	114	109
	116	110
	117	111
	118	112
	120	114
	124	118
	125	119
	126	120
	127	121
	128	122
	129	123
	130	124
	132	127
	133	128
	134	129
	136	130
	138	133
	139	134
	140	135
	141	136
	142	137
	146	141
	147	142
	149	143
	150	144
	152	146
	153	147
	154	148
	155	149
	156	150
	157	151
	158	152
	160	154
	162	157
	163	158
	164	159
	168	164
	169	165
	172	168
	176	172
	177	173
	178	174
	179	175
	180	176
	181	177
	182	178
	183	179
	184	180
	185	181
	186	182
	187	183
	188	184
	192	188
	193	189
	194	190
	196	192
	197	193
	198	194
	199	195
	200	196
	201	197
	202	198
	203	199
	204	200
	205	201
	210	206
	211	207
	212	208
	213	209
	217	213
	222	218
	223	219
	224	220
	225	221
	226	222
	227	223
	228	224
	229	225
	231	227
	236	233
	237	234
	242	239
	243	240
	246	242
	247	243
	248	244
	249	245
	250	246
	252	249
net/minecraft/client/model/effects/SpinAttackEffectModel	52	51
	32	33
	33	34
	34	35
	35	36
	36	37
	37	37
	38	37
	42	41
	47	45
	48	47
	49	48
	50	49
	19	18
	20	20
	52	51
	21	21
	23	23
	26	26
	30	30
	31	31
net/minecraft/client/data/models/model/ModelTemplate	72	74
	64	65
	34	31
	66	68
	68	70
	38	35
	72	74
	42	41
	46	47
	50	51
	54	55
	55	56
	56	57
	57	58
	58	59
	59	60
	28	25
	60	61
	29	26
	61	62
	30	27
	62	63
	31	28
	63	64
net/minecraft/client/gui/screens/advancements/AdvancementWidgetType	41	42
	34	35
	38	39
	39	40
	40	41
	41	42
	27	28
	28	29
	29	30
	30	31
	31	32
net/minecraft/client/resources/model/EquipmentAssetManager	31	31
	22	21
	23	22
	27	27
	28	28
	31	31
net/minecraft/client/model/geom/builders/PartDefinition	96	98
	65	65
	66	66
	67	67
	68	68
	70	70
	73	73
	76	79
	77	80
	79	81
	80	82
	81	83
	82	84
	22	20
	86	88
	23	21
	24	22
	90	92
	27	25
	28	26
	94	96
	95	97
	32	30
	96	98
	33	31
	34	32
	36	35
	40	39
	41	40
	43	43
	47	47
	48	48
	49	49
	52	51
	56	56
	57	57
	58	58
	59	59
	62	62
net/minecraft/client/sounds/FiniteAudioStream	0	0
net/minecraft/client/Minecraft	3004	3002
	2049	2050
	2051	2050
	2054	2050
	2059	2056
	2063	2060
	2067	2064
	2071	2068
	2075	2072
	2079	2082
	2081	2083
	2083	2084
	2084	2085
	2085	2086
	2087	2087
	2090	2090
	2092	2091
	2093	2093
	2094	2095
	2095	2096
	2096	2097
	2097	2098
	2098	2099
	2099	2100
	2100	2101
	2102	2102
	2103	2103
	2105	2104
	2108	2107
	2110	2108
	2112	2109
	2113	2111
	2114	2112
	2115	2113
	2116	2114
	2117	2115
	2119	2118
	2120	2119
	2121	2120
	2124	2123
	2125	2124
	2127	2125
	2128	2126
	2129	2127
	2130	2128
	2134	2130
	2135	2131
	2136	2132
	2137	2133
	2140	2136
	2141	2137
	2142	2138
	2145	2141
	2146	2142
	2148	2143
	2150	2144
	2153	2147
	2154	2148
	2156	2150
	2159	2153
	2160	2154
	2161	2155
	2162	2156
	2163	2157
	2165	2159
	2167	2161
	2170	2164
	2171	2165
	2174	2168
	2175	2169
	2178	2172
	2179	2173
	2182	2176
	2183	2177
	2188	2180
	2189	2181
	2190	2182
	2191	2183
	2192	2184
	2193	2185
	2196	2189
	2198	2190
	2199	2191
	2202	2194
	2203	2195
	2205	2196
	2206	2197
	2208	2198
	2209	2199
	2211	2202
	2212	2203
	2215	2206
	2216	2207
	2218	2208
	2220	2209
	2221	2210
	2222	2211
	2223	2213
	2224	2214
	2226	2217
	2228	2220
	2229	2221
	2230	2222
	2231	2223
	2233	2225
	2234	2227
	2238	2230
	2240	2231
	2241	2232
	2244	2235
	2245	2236
	2246	2237
	2249	2240
	2250	2241
	2253	2244
	2254	2245
	2256	2246
	2257	2247
	2259	2250
	2263	2251
	2264	2252
	2265	2253
	2266	2254
	2268	2256
	2269	2258
	2276	2266
	2277	2264
	2278	2265
	2279	2278
	2280	2281
	2283	2284
	2284	2285
	2287	2288
	2288	2289
	2290	2292
	2291	2293
	2293	2294
	2294	2295
	2295	2296
	2296	2297
	2297	2298
	2300	2301
	2304	2305
	2308	2309
	2312	2313
	2313	2313
	2315	2313
	2319	2317
	2320	2317
	2321	2317
	2322	2317
	2326	2321
	2330	2325
	2334	2329
	2338	2333
	2342	2338
	2346	2342
	2347	2343
	2352	2347
	2356	2351
	2357	2352
	2360	2354
	2361	2355
	2362	2356
	2365	2357
	2370	2362
	2371	2362
	2373	2362
	2378	2366
	2379	2367
	2380	2368
	2381	2369
	2382	2370
	2383	2371
	2386	2374
	2387	2375
	2388	2376
	2390	2379
	2391	2380
	2394	2384
	2398	2388
	2402	2392
	2406	2397
	2410	2401
	2411	2413
	2414	2402
	2415	2403
	2416	2404
	2417	2405
	2418	2407
	2419	2408
	2423	2413
	2426	2416
	2428	2419
	2429	2420
	2431	2421
	2432	2422
	2435	2425
	2436	2426
	2439	2429
	2440	2430
	2441	2431
	2444	2434
	2448	2444
	2449	2445
	402	392
	2450	2446
	403	393
	405	394
	2453	2449
	407	395
	408	396
	409	397
	410	398
	2459	2453
	412	399
	413	400
	2461	2454
	415	401
	2463	2455
	416	402
	417	404
	2465	2456
	418	406
	2466	2457
	420	407
	421	408
	2469	2466
	422	409
	2470	2467
	423	410
	2471	2468
	424	413
	2472	2469
	425	414
	426	417
	2474	2472
	427	418
	2475	2473
	428	419
	2476	2474
	430	421
	2478	2475
	431	422
	2479	2495
	432	423
	433	424
	2481	2476
	2482	2477
	435	426
	2483	2478
	437	427
	2485	2481
	438	428
	2486	2482
	440	429
	2488	2485
	441	430
	2489	2486
	442	431
	2491	2488
	444	432
	2492	2489
	2493	2490
	446	433
	447	434
	2495	2493
	448	435
	2497	2498
	450	436
	451	437
	2499	2499
	2500	2500
	453	438
	2501	2501
	454	439
	2502	2502
	455	440
	2503	2503
	2504	2504
	457	441
	2505	2505
	458	442
	2506	2506
	459	443
	2507	2507
	2508	2508
	461	444
	2510	2510
	463	445
	464	446
	2512	2513
	465	447
	2513	2514
	2514	2515
	467	450
	2515	2516
	468	451
	2516	2517
	469	452
	470	453
	2519	2520
	2520	2521
	473	456
	2521	2522
	475	457
	2523	2524
	476	458
	2524	2524
	477	459
	478	460
	2526	2524
	479	461
	480	462
	2529	2527
	482	465
	2530	2528
	483	465
	484	465
	2532	2529
	485	467
	2533	2530
	2534	2531
	487	469
	2535	2532
	2536	2533
	489	470
	2537	2534
	490	471
	492	475
	2540	2538
	2541	2539
	2542	2540
	496	481
	2544	2543
	497	482
	2545	2544
	498	483
	2546	2545
	2547	2546
	500	484
	2548	2547
	501	485
	2549	2548
	502	486
	2550	2549
	503	487
	505	489
	506	490
	2554	2553
	507	491
	2555	2554
	508	492
	509	493
	2557	2557
	2558	2558
	2559	2559
	512	496
	2560	2560
	513	497
	2561	2561
	514	498
	2565	2565
	519	503
	520	504
	521	505
	2569	2569
	522	506
	525	508
	2573	2573
	526	509
	2574	2574
	2576	2576
	529	512
	530	513
	2579	2580
	532	514
	534	520
	2583	2584
	539	523
	2587	2588
	540	524
	542	525
	2591	2593
	544	527
	547	529
	2595	2597
	550	532
	551	533
	2599	2601
	552	534
	555	537
	2603	2606
	556	538
	558	539
	559	540
	2607	2610
	2608	2611
	2609	2611
	563	541
	2611	2611
	565	542
	567	543
	2615	2615
	568	544
	570	545
	571	546
	2619	2619
	572	547
	574	549
	575	550
	2623	2623
	577	551
	578	552
	2627	2627
	580	553
	581	554
	583	555
	2631	2631
	584	556
	586	557
	2635	2635
	588	558
	589	559
	590	560
	2639	2639
	592	561
	593	562
	595	563
	2643	2643
	596	564
	597	565
	599	566
	2647	2647
	600	567
	601	568
	602	569
	603	570
	2651	2651
	605	571
	606	572
	607	573
	2655	2655
	609	574
	611	575
	2659	2659
	613	576
	615	577
	2663	2664
	2664	2665
	617	578
	2665	2666
	618	579
	2667	2668
	620	580
	2668	2669
	621	581
	2669	2670
	2670	2671
	623	582
	2671	2672
	624	583
	626	584
	2674	2674
	2675	2675
	628	585
	2676	2676
	2677	2677
	630	586
	631	587
	632	588
	2680	2680
	633	589
	634	590
	2684	2686
	637	593
	2685	2687
	638	606
	2687	2688
	640	607
	641	616
	643	617
	2691	2692
	644	618
	645	619
	646	620
	2695	2696
	648	621
	651	622
	2699	2701
	652	623
	653	624
	655	625
	2703	2705
	656	636
	2704	2706
	657	637
	2705	2707
	658	638
	660	639
	2708	2710
	661	640
	663	641
	665	642
	2713	2715
	666	643
	668	644
	670	645
	2718	2719
	672	646
	674	647
	675	648
	2723	2723
	677	651
	2727	2727
	680	658
	681	659
	682	660
	2731	2731
	684	662
	687	665
	2735	2735
	688	666
	689	667
	690	668
	691	669
	2739	2739
	692	670
	695	672
	2743	2743
	699	676
	2747	2747
	700	677
	701	678
	2751	2751
	706	679
	707	680
	2755	2755
	709	681
	711	682
	2759	2759
	712	683
	714	686
	715	687
	2763	2763
	717	688
	719	689
	2767	2767
	720	690
	721	691
	722	692
	2771	2771
	726	693
	2775	2775
	728	694
	729	695
	730	696
	731	698
	2779	2779
	2780	2780
	733	699
	2781	2781
	734	700
	2782	2782
	735	700
	2783	2783
	736	701
	2784	2784
	737	702
	2786	2785
	739	705
	2787	2786
	740	706
	2788	2787
	741	707
	2789	2788
	2790	2789
	743	708
	744	709
	2792	2790
	746	710
	2794	2794
	748	711
	2796	2795
	749	712
	2797	2796
	2798	2797
	751	714
	2799	2799
	2800	2800
	753	717
	2802	2802
	755	718
	2803	2803
	756	719
	2804	2804
	757	720
	758	721
	2806	2806
	759	722
	2807	2807
	760	723
	2808	2808
	762	725
	2810	2810
	763	726
	2811	2811
	764	727
	2812	2812
	766	729
	2814	2814
	767	731
	2815	2815
	2816	2816
	770	734
	2818	2818
	771	735
	2819	2819
	2820	2820
	775	739
	2823	2823
	776	740
	2824	2824
	2827	2827
	780	744
	2828	2828
	781	745
	2830	2829
	2831	2830
	2832	2831
	785	749
	786	750
	2834	2834
	787	751
	2835	2835
	789	753
	2837	2838
	2839	2841
	792	756
	2840	2843
	794	757
	2842	2844
	795	758
	2843	2845
	796	759
	2844	2846
	2845	2860
	798	760
	2847	2849
	800	761
	2848	2850
	801	762
	2849	2851
	802	763
	2850	2852
	2852	2853
	805	766
	2854	2854
	2855	2855
	2856	2856
	810	771
	2858	2857
	811	772
	812	773
	2863	2864
	817	778
	818	779
	2867	2868
	821	782
	822	783
	823	784
	2871	2872
	825	787
	826	788
	2875	2876
	828	789
	2876	2877
	829	790
	830	791
	2878	2878
	831	792
	2879	2879
	832	793
	833	794
	2881	2881
	834	795
	835	796
	836	797
	2884	2884
	837	800
	839	798
	2887	2887
	843	804
	2891	2891
	847	808
	2895	2895
	848	808
	850	808
	2899	2899
	2900	2900
	854	812
	2903	2903
	858	816
	2907	2907
	862	820
	863	821
	2911	2911
	2913	2912
	866	824
	2914	2913
	867	825
	869	827
	2917	2916
	871	829
	2921	2920
	874	832
	2922	2921
	875	833
	876	834
	2925	2924
	878	835
	880	836
	881	837
	2929	2928
	882	838
	884	839
	885	839
	2933	2932
	886	840
	889	843
	2937	2936
	890	844
	891	845
	892	846
	2941	2940
	894	849
	895	850
	896	851
	2945	2944
	899	854
	900	855
	901	856
	2949	2948
	2950	2949
	2951	2950
	904	859
	2952	2951
	2955	2955
	908	860
	910	861
	911	862
	2959	2959
	913	864
	915	869
	2963	2963
	918	867
	919	869
	2967	2967
	2968	2968
	922	872
	2971	2972
	924	873
	925	874
	2975	2976
	928	877
	930	880
	931	882
	2979	2980
	933	884
	934	885
	935	895
	2983	2984
	936	889
	937	890
	939	891
	2987	2988
	940	892
	2988	2989
	2989	2997
	942	893
	943	894
	2991	2990
	944	907
	2992	2997
	945	911
	946	912
	947	913
	2995	2991
	2996	2992
	949	914
	2997	2993
	2998	2994
	951	917
	2999	2997
	952	918
	953	919
	954	920
	3002	3000
	955	921
	3003	3001
	3004	3002
	959	924
	960	925
	961	926
	962	927
	963	928
	964	929
	966	931
	970	934
	971	935
	974	938
	975	939
	976	940
	979	943
	984	947
	985	948
	988	951
	989	952
	990	953
	991	954
	992	955
	993	956
	996	959
	997	960
	1001	963
	1002	964
	1005	967
	1006	968
	1007	969
	1011	972
	1015	976
	1016	977
	1017	978
	1018	981
	1019	986
	1020	992
	1022	982
	1023	983
	1026	989
	1031	996
	1032	997
	1033	998
	1036	1001
	1038	1002
	1040	1003
	1042	1006
	1046	1010
	1050	1014
	1056	1018
	1057	1019
	1059	1021
	1060	1022
	1061	1023
	1062	1024
	1066	1026
	1067	1027
	1068	1028
	1069	1029
	1073	1032
	1074	1037
	1075	1038
	1077	1039
	1078	1040
	1080	1042
	1082	1044
	1083	1045
	1084	1046
	1085	1047
	1086	1048
	1087	1049
	1088	1050
	1090	1054
	1094	1060
	1097	1061
	1098	1062
	1100	1064
	1101	1065
	1102	1066
	1103	1067
	1104	1068
	1105	1069
	1106	1070
	1113	1076
	1114	1078
	1115	1079
	1116	1080
	1117	1081
	1119	1082
	1124	1087
	1127	1088
	1129	1089
	1131	1090
	1132	1091
	1134	1093
	1137	1096
	1142	1101
	1144	1102
	1145	1103
	1147	1106
	1149	1107
	1150	1108
	1153	1111
	1154	1113
	1159	1116
	1161	1119
	1162	1120
	1163	1121
	1164	1122
	1165	1123
	1166	1124
	1167	1125
	1168	1126
	1169	1127
	1170	1128
	1171	1129
	1172	1130
	1173	1131
	1174	1132
	1175	1133
	1177	1136
	1178	1137
	1179	1138
	1180	1139
	1181	1140
	1182	1141
	1183	1142
	1184	1143
	1186	1145
	1187	1146
	1188	1148
	1192	1151
	1194	1152
	1195	1153
	1199	1156
	1200	1157
	1201	1158
	1202	1159
	1204	1162
	1206	1163
	1208	1164
	1210	1165
	1211	1174
	1212	1169
	1213	1170
	1214	1171
	1215	1172
	1216	1173
	1217	1186
	1219	1190
	1220	1191
	1221	1191
	1222	1192
	1223	1193
	1224	1194
	1227	1197
	1228	1198
	1229	1203
	1230	1202
	1231	1215
	1233	1220
	1234	1221
	1236	1224
	1239	1227
	1240	1235
	1241	1231
	1242	1232
	1243	1233
	1244	1234
	1245	1247
	1248	1252
	1249	1253
	1250	1254
	1251	1255
	1252	1256
	1253	1257
	1254	1258
	1256	1260
	1257	1263
	1259	1263
	1261	1264
	1262	1265
	1263	1266
	1264	1267
	1266	1270
	1267	1271
	1268	1272
	1271	1275
	1274	1436
	1276	1276
	1280	1341
	1281	1282
	1283	1283
	1288	1284
	1289	1285
	1290	1286
	1291	1287
	1292	1288
	1293	1290
	1294	1292
	1296	1295
	1297	1296
	1298	1297
	1299	1298
	1300	1299
	1303	1303
	1306	1306
	1308	1308
	1309	1309
	1310	1310
	1311	1311
	1312	1312
	1316	1316
	1318	1317
	1319	1318
	1320	1322
	1321	1323
	1322	1324
	1325	1319
	1326	1320
	1328	1328
	1330	1329
	1332	1330
	1334	1331
	1335	1332
	1337	1335
	1339	1336
	1340	1337
	1342	1338
	1344	1339
	1346	1340
	1347	1353
	1349	1364
	1350	1360
	1351	1361
	1352	1362
	1354	1363
	1355	1376
	1357	1380
	1359	1381
	1360	1382
	1361	1383
	1362	1384
	1364	1387
	1366	1390
	1367	1391
	1368	1392
	1371	1395
	1372	1396
	1373	1397
	1374	1398
	1377	1401
	1378	1402
	1379	1403
	1381	1406
	1382	1407
	1384	1410
	1385	1411
	1386	1412
	1388	1413
	1389	1414
	1390	1415
	1392	1418
	1393	1419
	1394	1420
	1395	1421
	1396	1422
	1397	1423
	1399	1426
	1400	1427
	1402	1429
	1404	1429
	1405	1430
	1406	1431
	1407	1429
	1409	1434
	1410	1436
	1413	1439
	1414	1444
	1416	1440
	1417	1441
	1420	1446
	1424	1449
	1425	1450
	1426	1451
	1427	1452
	1432	1457
	1433	1458
	1434	1459
	1435	1460
	1437	1463
	1438	1464
	1440	1466
	1443	1469
	1444	1470
	1447	1473
	1451	1477
	1452	1478
	1454	1481
	1455	1482
	1456	1483
	1458	1485
	1460	1487
	1464	1491
	1465	1492
	1466	1493
	1470	1497
	1471	1498
	1473	1499
	1474	1500
	1477	1503
	1478	1504
	1482	1508
	1483	1509
	1486	1512
	1490	1516
	1494	1520
	1495	1521
	1498	1524
	1500	1527
	1501	1528
	1503	1531
	1504	1532
	1506	1535
	1507	1536
	1510	1539
	1511	1540
	1512	1541
	1515	1543
	1516	1544
	1517	1556
	1520	1545
	1521	1546
	1523	1547
	1524	1548
	1526	1556
	1528	1557
	1529	1558
	1530	1559
	1531	1560
	1533	1561
	1534	1561
	1536	1562
	1538	1563
	1539	1564
	1540	1565
	1541	1566
	1542	1567
	1544	1569
	1545	1570
	1547	1572
	1549	1573
	1550	1574
	1551	1575
	1552	1576
	1553	1577
	1554	1577
	1557	1579
	1558	1580
	1560	1583
	1561	1584
	1562	1585
	1563	1586
	1566	1589
	1567	1590
	1568	1591
	1572	1594
	1576	1599
	1577	1600
	1578	1601
	1580	1603
	1583	1606
	1584	1607
	1585	1608
	1587	1610
	1593	1614
	1594	1615
	1596	1617
	1597	1618
	1601	1623
	1604	1623
	1606	1623
	1608	1624
	1609	1625
	1610	1626
	1611	1627
	1614	1631
	1615	1634
	1616	1635
	1617	1636
	1618	1647
	1619	1649
	1621	1651
	1622	1652
	1623	1653
	1628	1658
	1632	1662
	1633	1663
	1636	1666
	1640	1670
	1641	1671
	1642	1672
	1645	1675
	1646	1676
	1648	1679
	1649	1697
	1652	1680
	1653	1681
	1654	1697
	1656	1682
	1657	1683
	1658	1684
	1660	1685
	1661	1686
	1662	1687
	1663	1688
	1664	1689
	1667	1697
	1670	1693
	1671	1697
	1674	1700
	1675	1701
	1678	1702
	1679	1703
	1680	1704
	1681	1705
	1683	1708
	1686	1709
	1687	1710
	1690	1711
	1691	1712
	1692	1713
	1694	1715
	1696	1718
	1699	1720
	1700	1721
	1701	1722
	1704	1723
	1705	1724
	1708	1726
	1709	1727
	1710	1728
	1711	1729
	1712	1730
	1713	1731
	1716	1733
	1718	1735
	1719	1736
	1720	1737
	1724	1741
	1725	1742
	1727	1743
	1728	1744
	1729	1745
	1730	1746
	1736	1751
	1737	1752
	1739	1755
	1744	1758
	1745	1759
	1749	1766
	1750	1828
	1753	1767
	1755	1768
	1756	1828
	1759	1769
	1760	1770
	1763	1773
	1768	1774
	1769	1775
	1770	1776
	1773	1779
	1774	1780
	1776	1782
	1777	1783
	1778	1784
	1779	1785
	1782	1788
	1786	1788
	1787	1788
	1788	1789
	1789	1790
	1791	1793
	1795	1797
	1797	1798
	1798	1799
	1799	1800
	1800	1801
	1801	1802
	1804	1803
	1805	1804
	1809	1808
	1810	1811
	1811	1812
	1817	1817
	1818	1817
	1819	1817
	1820	1818
	1821	1819
	1824	1822
	1825	1823
	1829	1828
	1832	1831
	1836	1835
	1838	1836
	1839	1837
	1841	1840
	1842	1841
	1845	1844
	1847	1845
	1848	1846
	1849	1847
	1851	1850
	1853	1851
	1854	1852
	1856	1853
	1857	1854
	1858	1855
	1860	1856
	1861	1857
	1864	1860
	1865	1861
	1866	1862
	1868	1863
	1869	1864
	1873	1868
	1874	1869
	1876	1870
	1877	1871
	1879	1874
	1880	1875
	1881	1876
	1882	1877
	1883	1878
	1884	1879
	1886	1881
	1887	1882
	1890	1885
	1891	1886
	1894	1887
	1895	1888
	1896	1889
	1897	1890
	1898	1891
	1899	1892
	1900	1893
	1903	1896
	1906	1899
	1907	1900
	1908	1901
	1909	1902
	1910	1903
	1911	1904
	1913	1906
	1915	1909
	1918	1913
	1919	1914
	1920	1915
	1922	1918
	1923	1919
	1924	1920
	1927	1923
	1928	1924
	1929	1925
	1931	1927
	1932	1928
	1933	1929
	1936	1932
	1937	1933
	1939	1934
	1940	1935
	1943	1938
	1947	1942
	1951	1946
	1952	1947
	1953	1948
	1954	1949
	1955	1950
	1959	1954
	1960	1955
	1963	1958
	1965	1960
	1966	1961
	1969	1964
	1970	1965
	1971	1966
	1972	1967
	1973	1968
	1974	1969
	1975	1970
	1976	1973
	1978	1971
	1983	1978
	1984	1979
	1985	1980
	1987	1982
	1988	1983
	1991	1987
	1992	1988
	1994	1991
	1995	1992
	1996	1993
	1999	1997
	2000	1998
	2001	1998
	2002	1999
	2007	2003
	2008	2004
	2009	2005
	2010	2006
	2013	2009
	2015	2012
	2017	2015
	2020	2018
	2021	2019
	2023	2022
	2024	2023
	2026	2026
	2027	2027
	2029	2030
	2030	2031
	2031	2032
	2036	2037
	2037	2038
	2040	2041
	2041	2042
	2044	2045
	2045	2046
	2046	2047
	2047	2048
net/minecraft/client/model/monster/endermite/EndermiteModel	70	59
	33	20
	65	53
	66	55
	35	22
	67	56
	36	23
	68	57
	38	25
	70	59
	41	28
	45	32
	46	33
	48	34
	49	36
	50	37
	51	39
	52	40
	53	42
	55	44
	56	45
	60	49
net/minecraft/client/ToggleKeyMapping	56	64
	32	36
	33	37
	36	40
	38	42
	42	46
	43	47
	45	50
	46	51
	15	12
	16	13
	49	54
	50	58
	19	23
	51	59
	20	24
	21	25
	22	26
	55	63
	56	64
	26	30
	31	35
net/minecraft/client/gui/components/TabButton	35	35
	16	16
	17	17
	18	18
	35	35
	22	22
	23	23
	24	24
	28	28
	15	15
	31	31
net/minecraft/client/model/object/boat/BoatModel	125	104
	26	23
	27	24
	30	27
	31	28
	32	29
	34	30
	35	32
	36	32
	37	33
	39	35
	40	37
	41	37
	42	38
	44	40
	45	42
	46	42
	47	43
	49	45
	50	47
	51	47
	52	48
	54	50
	55	50
	56	50
	57	50
	60	51
	61	52
	62	53
	63	54
	65	55
	66	57
	67	57
	68	57
	69	57
	70	58
	72	60
	73	62
	74	62
	75	62
	76	62
	77	63
	79	65
	82	68
	83	69
	84	70
	85	71
	89	75
	90	76
	91	77
	93	78
	94	80
	95	80
	96	81
	99	83
	100	85
	101	85
	102	86
	105	88
	106	90
	107	90
	108	91
	111	93
	115	97
	116	98
	118	99
	119	101
	120	101
	121	101
	122	102
	125	104
net/minecraft/client/renderer/entity/layers/Deadmau5EarsLayer	31	37
	19	19
	20	20
	21	21
	25	31
	26	37
	29	32
	30	33
	31	37
net/minecraft/client/gui/screens/worldselection/ExperimentsScreen	115	111
	65	65
	66	66
	67	67
	68	68
	70	69
	71	70
	72	71
	74	72
	75	73
	76	74
	79	77
	80	78
	86	83
	87	84
	89	85
	90	86
	91	87
	95	91
	100	96
	101	97
	104	100
	41	40
	105	101
	42	41
	106	102
	43	42
	107	103
	44	43
	108	104
	45	45
	109	105
	46	46
	47	47
	111	107
	112	108
	113	109
	50	50
	114	110
	115	111
	54	54
	56	55
	57	56
	59	57
	60	58
	61	63
	62	61
	63	63
net/minecraft/client/renderer/debug/ChunkCullingDebugRenderer	159	123
	129	98
	131	99
	133	100
	136	101
	138	102
	140	103
	142	104
	144	106
	147	109
	148	110
	151	115
	152	116
	153	117
	26	24
	154	118
	27	25
	155	119
	156	120
	157	121
	31	31
	159	123
	33	32
	34	33
	35	34
	36	35
	37	37
	38	38
	39	39
	42	40
	44	41
	45	42
	46	44
	47	45
	48	46
	49	47
	50	48
	51	49
	52	49
	53	49
	54	49
	56	50
	62	56
	63	57
	64	59
	65	60
	66	61
	67	62
	68	63
	69	64
	70	65
	71	65
	72	65
	73	65
	75	66
	76	66
	77	66
	78	66
	80	67
	86	73
	87	74
	88	75
	89	76
	95	83
	96	84
	97	85
	99	86
	102	87
	105	88
	108	89
	111	90
	114	91
	117	92
	119	93
	120	94
	122	95
	124	96
	127	97
net/minecraft/client/renderer/entity/HuskRenderer	17	17
	17	17
	12	12
	13	13
net/minecraft/client/resources/sounds/BiomeAmbientSoundsHandler	154	142
	128	117
	130	118
	131	119
	132	120
	133	121
	134	122
	138	126
	139	127
	142	130
	143	131
	144	132
	147	135
	148	136
	149	137
	152	140
	153	141
	154	142
	38	33
	40	34
	41	35
	42	36
	45	39
	50	44
	52	45
	53	46
	54	47
	56	48
	57	49
	58	50
	60	51
	62	52
	63	53
	64	54
	65	55
	66	56
	68	59
	69	60
	74	65
	75	66
	76	67
	80	71
	81	74
	82	75
	83	76
	84	77
	85	78
	88	80
	89	81
	91	82
	94	84
	97	87
	98	88
	99	89
	100	90
	102	91
	103	92
	104	93
	106	94
	107	95
	109	96
	111	99
	112	100
	113	101
	115	103
	116	104
	118	106
	120	108
	121	110
net/minecraft/client/model/animal/squid/package-info	0	0
net/minecraft/client/gui/screens/inventory/HopperScreen	24	24
	16	16
	20	20
	21	21
	22	22
	23	23
	24	24
	14	14
	15	15
net/minecraft/client/model/npc/BabyVillagerModel	83	57
	14	12
	15	13
	18	16
	19	17
	20	18
	24	22
	25	23
	27	24
	28	24
	29	24
	31	25
	32	27
	33	28
	34	30
	35	32
	37	34
	38	36
	39	36
	40	37
	42	39
	43	40
	44	40
	45	40
	47	42
	48	42
	49	42
	50	42
	52	43
	53	44
	54	44
	55	44
	57	46
	58	47
	59	47
	60	47
	62	49
	63	49
	64	49
	65	49
	67	50
	68	50
	69	50
	70	50
	72	51
	73	51
	74	51
	75	51
	77	52
	78	54
	79	54
	80	55
	83	57
net/minecraft/client/resources/model/ModelDiscovery	278	240
	128	116
	257	226
	131	119
	134	122
	262	230
	135	124
	263	231
	136	125
	264	231
	137	126
	138	128
	266	231
	139	129
	141	130
	142	131
	143	132
	271	236
	144	133
	272	237
	148	137
	276	238
	277	239
	278	240
	44	40
	172	157
	45	41
	173	158
	47	42
	49	43
	50	44
	51	45
	52	46
	53	47
	181	162
	182	163
	55	49
	183	164
	184	165
	58	52
	59	53
	188	169
	62	56
	193	175
	66	60
	70	64
	198	180
	71	65
	72	66
	73	67
	75	70
	203	185
	79	74
	80	75
	208	189
	209	190
	83	78
	211	190
	85	79
	86	86
	214	190
	88	81
	89	82
	90	83
	218	194
	219	195
	92	86
	220	195
	222	195
	95	89
	99	93
	227	200
	101	94
	104	95
	232	205
	106	96
	107	97
	108	98
	109	99
	237	210
	111	101
	113	103
	114	104
	242	215
	119	109
	247	220
	121	110
	122	111
	123	112
	124	113
	253	225
	126	114
	254	226
	255	226
com/mojang/blaze3d/resource/ResourceDescriptor	12	12
	7	7
	12	12
net/minecraft/client/gui/screens/options/OnlineOptionsScreen	172	167
	128	124
	129	125
	130	126
	131	127
	132	128
	134	131
	135	132
	142	134
	143	135
	144	136
	145	137
	146	138
	147	139
	148	140
	149	141
	150	142
	151	143
	153	146
	154	147
	156	149
	31	30
	159	152
	32	30
	160	153
	33	30
	161	154
	34	30
	162	155
	164	158
	165	159
	166	160
	168	163
	169	164
	170	165
	172	167
	49	47
	50	48
	53	51
	54	52
	55	53
	56	67
	59	55
	61	56
	62	57
	63	58
	64	59
	66	61
	68	63
	70	65
	76	67
	79	72
	80	73
	81	73
	82	74
	83	75
	84	76
	85	77
	87	80
	88	81
	89	82
	93	86
	94	87
	95	88
	96	89
	97	90
	98	90
	100	91
	101	92
	102	93
	103	100
	104	103
	106	104
	107	105
	108	106
	109	106
	111	108
	112	110
	113	111
	114	112
	115	113
	116	114
	118	115
	119	116
	121	117
	122	118
	123	119
	126	122
	127	123
net/minecraft/client/resources/model/cuboid/ItemTransform	96	76
	65	54
	66	55
	67	56
	68	56
	69	56
	70	56
	73	57
	74	58
	75	58
	76	58
	77	58
	80	59
	84	63
	85	64
	23	21
	87	66
	24	22
	88	67
	25	42
	89	68
	92	70
	93	72
	94	73
	32	27
	96	76
	36	28
	37	29
	38	30
	40	32
	41	33
	42	34
	45	37
	46	38
	47	39
	49	40
	50	42
	61	52
	63	53
com/mojang/blaze3d/resource/GraphicsResourceAllocator	15	15
	7	7
	8	8
	9	9
	14	14
	15	15
net/minecraft/client/particle/ParticleEngine	156	150
	129	123
	130	124
	131	125
	132	126
	135	129
	138	132
	139	133
	140	134
	141	135
	144	138
	148	142
	152	146
	153	147
	154	148
	155	149
	156	150
	43	36
	44	37
	45	38
	48	41
	49	42
	52	45
	53	46
	56	52
	57	53
	58	54
	59	55
	61	57
	66	65
	67	66
	68	66
	70	66
	74	70
	75	71
	76	72
	77	73
	78	74
	81	77
	83	79
	86	82
	87	83
	88	84
	89	85
	90	86
	92	87
	93	88
	94	90
	95	91
	96	92
	97	93
	100	97
	103	101
	105	102
	106	103
	109	106
	112	109
	113	110
	115	111
	116	112
	118	114
	119	114
	121	114
	125	119
	126	120
net/minecraft/client/gui/screens/DeathScreen	174	183
	131	142
	132	143
	133	144
	134	145
	135	146
	137	147
	142	152
	147	157
	152	162
	154	163
	155	164
	156	165
	158	167
	161	170
	162	171
	164	173
	38	36
	39	37
	40	38
	168	177
	41	39
	169	178
	42	40
	43	41
	44	42
	173	182
	174	183
	48	46
	49	47
	50	48
	51	49
	52	50
	53	51
	54	52
	56	53
	57	56
	58	57
	59	61
	61	62
	62	63
	66	67
	70	71
	71	72
	72	91
	74	83
	75	76
	76	77
	78	79
	79	80
	81	82
	82	88
	83	89
	84	91
	87	94
	88	95
	90	98
	91	99
	92	100
	96	104
	98	105
	100	106
	101	107
	103	116
	106	119
	108	120
	109	121
	110	122
	111	123
	113	124
	114	125
	117	128
	118	129
	122	133
	123	134
	126	137
	127	138
net/minecraft/client/model/animal/cow/WarmCowModel	26	38
	17	15
	18	17
	19	20
	20	22
	21	24
	22	26
	23	28
	24	32
	25	36
	26	38
	13	11
	14	12
net/minecraft/client/particle/package-info	0	0
net/minecraft/client/renderer/entity/AbstractHorseRenderer	23	23
	16	16
	17	17
	18	18
	19	19
	20	20
	21	21
	22	22
	23	23
	10	11
	11	12
	15	15
net/minecraft/client/gui/font/CodepointMap	112	105
	22	20
	23	21
	24	22
	25	23
	26	24
	29	27
	30	28
	33	32
	34	33
	35	34
	39	39
	40	40
	42	41
	43	42
	44	43
	45	44
	46	45
	47	46
	49	48
	50	49
	51	50
	56	55
	57	56
	59	57
	60	58
	61	59
	62	60
	65	62
	66	63
	67	64
	70	67
	71	68
	72	69
	76	75
	77	76
	79	77
	80	78
	81	79
	84	81
	85	82
	86	83
	95	88
	96	89
	97	90
	98	91
	99	92
	100	93
	101	94
	102	95
	107	100
	110	103
	111	104
	112	105
net/minecraft/client/gui/screens/inventory/TestInstanceBlockEditScreen	223	227
	50	55
	51	56
	52	57
	56	61
	57	62
	58	63
	59	64
	61	65
	62	66
	63	67
	64	68
	65	69
	67	72
	68	73
	70	74
	71	75
	73	76
	75	77
	77	78
	78	79
	79	80
	80	81
	81	82
	82	83
	83	84
	84	85
	85	86
	86	87
	88	88
	89	89
	90	90
	91	91
	92	92
	94	94
	95	95
	96	96
	97	97
	100	99
	101	100
	102	101
	103	102
	104	103
	106	104
	107	105
	108	106
	109	107
	111	108
	112	109
	113	110
	114	111
	115	112
	118	115
	119	116
	120	117
	121	118
	122	119
	123	120
	125	121
	126	122
	129	125
	130	126
	131	127
	132	128
	134	130
	137	133
	138	134
	139	135
	140	136
	141	137
	146	143
	147	144
	148	145
	149	146
	152	149
	153	150
	154	151
	158	155
	162	159
	167	164
	168	165
	169	166
	170	167
	171	168
	172	169
	173	170
	174	171
	177	174
	178	175
	179	176
	181	179
	182	180
	185	183
	186	184
	187	185
	190	188
	191	189
	192	190
	193	191
	194	192
	195	195
	199	199
	200	200
	201	207
	202	204
	203	206
	204	208
	205	209
	206	210
	207	211
	210	214
	211	215
	215	219
	216	220
	217	221
	223	227
net/minecraft/client/resources/MapTextureManager	98	99
	64	65
	65	66
	67	67
	68	68
	69	69
	72	72
	73	73
	74	74
	75	75
	78	78
	79	79
	82	82
	19	19
	83	83
	20	20
	84	85
	85	86
	86	87
	23	23
	87	88
	24	24
	90	92
	27	27
	91	93
	28	28
	29	29
	93	95
	33	33
	97	98
	34	34
	98	99
	37	37
	38	38
	41	41
	42	42
	43	43
	46	45
	48	46
	54	52
	55	53
	60	64
	63	62
net/minecraft/client/renderer/entity/state/ArmedEntityRenderState	58	53
	33	30
	37	34
	42	38
	46	44
	47	45
	49	46
	50	47
	52	48
	54	49
	55	50
	56	51
	57	52
	58	53
	29	26
net/minecraft/client/renderer/block/package-info	0	0
net/minecraft/client/renderer/entity/CreakingRenderer	53	51
	34	34
	39	38
	40	39
	41	40
	42	41
	43	42
	45	43
	46	44
	16	16
	48	45
	17	17
	50	47
	19	20
	20	21
	52	50
	21	22
	53	51
	25	27
	29	30
net/minecraft/client/renderer/texture/atlas/package-info	0	0
net/minecraft/client/model/object/book/package-info	0	0
com/mojang/blaze3d/platform/MacosUtil	77	82
	64	58
	66	59
	67	72
	68	75
	73	78
	74	79
	75	80
	76	81
	77	82
	24	20
	25	21
	28	24
	29	25
	30	26
	31	27
	32	28
	35	31
	39	35
	40	36
	41	36
	43	36
	47	40
	51	44
	55	48
	56	49
	59	60
	60	55
	61	56
	63	57
com/mojang/blaze3d/vulkan/VulkanBackend	439	463
	97	88
	102	93
	103	94
	106	98
	107	99
	109	100
	110	101
	113	106
	114	107
	116	112
	117	113
	118	114
	124	121
	125	122
	127	124
	133	132
	134	133
	136	134
	137	135
	139	137
	140	138
	141	139
	142	140
	143	141
	144	142
	147	145
	148	146
	149	147
	150	148
	151	149
	152	150
	154	153
	155	154
	156	155
	157	156
	158	157
	159	158
	161	161
	162	162
	163	163
	165	166
	166	167
	167	168
	169	169
	170	170
	172	173
	173	174
	175	177
	176	178
	178	181
	179	182
	181	185
	184	189
	188	196
	189	197
	190	197
	192	198
	193	199
	194	200
	195	201
	196	202
	197	203
	199	204
	200	205
	201	209
	207	213
	208	214
	209	216
	213	217
	214	219
	216	223
	217	224
	221	227
	222	229
	223	233
	225	234
	226	235
	230	238
	231	239
	234	240
	235	241
	236	242
	238	245
	241	245
	244	246
	245	247
	248	248
	249	249
	250	250
	251	251
	256	258
	257	259
	260	261
	261	262
	266	267
	272	273
	273	274
	274	275
	275	279
	281	285
	282	286
	285	288
	287	290
	288	290
	289	291
	290	292
	292	294
	293	295
	294	296
	297	299
	299	300
	300	302
	301	303
	303	306
	305	307
	308	308
	309	309
	310	310
	313	313
	314	314
	315	315
	318	318
	319	319
	320	320
	323	323
	324	324
	325	325
	326	326
	330	330
	331	331
	333	337
	338	342
	339	343
	340	344
	341	348
	346	353
	347	354
	348	355
	349	359
	354	364
	355	365
	356	366
	357	367
	358	371
	363	375
	364	376
	365	377
	368	378
	371	381
	372	382
	374	384
	375	386
	376	387
	378	390
	380	392
	381	393
	382	394
	383	395
	387	399
	388	400
	389	401
	390	402
	393	405
	394	406
	395	407
	398	410
	399	411
	400	412
	404	416
	408	424
	410	425
	411	427
	412	428
	415	431
	416	432
	417	434
	418	435
	419	436
	420	437
	421	438
	423	441
	425	442
	426	444
	427	445
	429	448
	431	449
	432	450
	433	451
	434	452
	435	453
	437	454
	438	456
	439	463
net/minecraft/client/renderer/rendertype/TextureTransform	55	42
	34	41
	35	42
	39	31
	40	32
	41	33
	44	34
	47	35
	48	36
	17	18
	18	19
	51	13
	19	20
	53	14
	22	23
	55	15
	27	27
com/mojang/realmsclient/gui/screens/RealmsClientOutdatedScreen	51	49
	32	33
	33	34
	34	35
	35	36
	39	40
	40	41
	44	45
	45	46
	48	49
	49	49
	51	49
	24	25
	25	26
	26	27
	30	31
	31	32
net/minecraft/client/renderer/entity/state/HumanoidRenderState	32	28
	32	28
	29	28
	30	28
com/mojang/blaze3d/vulkan/checkpoints/package-info	0	0
net/minecraft/client/gui/navigation/package-info	0	0
net/minecraft/client/model/object/projectile/TridentModel	51	29
	32	25
	35	26
	36	26
	37	26
	40	27
	41	27
	42	27
	45	28
	46	28
	47	28
	18	18
	19	19
	51	29
	22	22
	23	23
	25	24
	26	24
	27	24
	30	25
	31	25
net/minecraft/client/gui/components/debugchart/AbstractDebugChart	104	100
	17	16
	18	17
	19	18
	22	21
	26	25
	30	29
	31	30
	33	31
	34	32
	35	33
	36	34
	37	35
	38	37
	39	38
	40	39
	41	40
	42	41
	43	42
	44	43
	45	44
	48	47
	49	48
	50	49
	51	50
	53	51
	54	52
	55	53
	56	54
	58	55
	59	56
	60	57
	63	60
	64	61
	67	64
	68	65
	69	66
	72	69
	73	70
	74	71
	75	72
	76	73
	79	76
	82	79
	86	83
	89	86
	90	87
	91	88
	100	97
	101	98
	102	99
	104	100
net/minecraft/client/telemetry/events/WorldLoadTimesEvent	26	26
	16	16
	17	17
	20	20
	21	21
	22	22
	23	23
	24	24
	26	26
	15	15
net/minecraft/client/animation/definitions/BabyRabbitAnimation	0	0
net/minecraft/client/color/item/ItemTintSource	0	0
net/minecraft/client/renderer/GpuWarnlistManager	160	216
	129	182
	130	184
	131	185
	132	187
	133	188
	136	192
	140	196
	141	197
	142	198
	143	199
	144	200
	145	201
	146	202
	149	205
	150	206
	151	207
	154	210
	155	211
	156	212
	160	216
	36	35
	40	39
	44	43
	45	44
	48	47
	49	48
	52	51
	56	55
	57	56
	58	57
	61	61
	65	66
	69	71
	73	76
	74	77
	75	78
	80	82
	81	83
	82	84
	84	85
	85	86
	86	93
	87	90
	88	91
	89	92
	90	105
	93	110
	98	114
	99	115
	102	118
	103	119
	106	132
	107	124
	108	128
	110	163
	111	164
	112	165
	114	166
	123	176
	124	177
	125	178
	126	179
net/minecraft/client/renderer/entity/OcelotRenderer	34	31
	16	16
	32	29
	17	17
	33	30
	34	31
	21	20
	26	24
	31	28
net/minecraft/client/gui/spectator/SpectatorMenuItem	0	0
net/minecraft/client/multiplayer/ClientExplosionTracker	62	54
	23	19
	24	20
	26	22
	29	25
	30	26
	31	38
	34	28
	35	29
	36	31
	37	33
	40	36
	41	38
	44	41
	45	42
	47	43
	48	44
	49	45
	50	46
	52	47
	53	54
	56	48
	58	49
	59	50
	60	51
	61	52
	62	54
net/minecraft/client/model/AnimationUtils	102	92
	14	12
	15	13
	17	14
	18	15
	19	16
	20	17
	21	18
	25	23
	26	24
	28	25
	29	26
	30	27
	33	28
	34	29
	35	30
	36	31
	37	32
	40	37
	41	38
	42	39
	43	40
	44	41
	45	42
	47	43
	48	44
	49	45
	51	46
	52	47
	54	49
	55	50
	57	51
	58	52
	61	55
	62	56
	65	59
	66	60
	67	61
	70	64
	71	65
	72	66
	76	69
	77	70
	79	71
	80	72
	81	73
	84	76
	85	77
	90	82
	91	83
	92	84
	93	85
	95	86
	96	87
	97	88
	99	89
	100	90
	101	91
	102	92
net/minecraft/client/HotbarManager	75	76
	64	64
	65	65
	66	66
	68	68
	71	71
	72	72
	73	73
	75	76
	27	25
	28	26
	30	28
	31	29
	33	31
	37	35
	38	36
	39	37
	43	40
	44	41
	46	43
	47	44
	48	46
	49	47
	51	49
	52	50
	54	52
	58	56
	59	58
	60	59
	61	60
	62	61
net/minecraft/client/renderer/entity/GiantMobRenderer	39	34
	16	16
	32	28
	18	17
	19	18
	20	19
	21	19
	37	32
	38	33
	23	21
	39	34
	27	24
net/minecraft/client/gui/components/debug/DebugEntryFps	38	44
	33	39
	34	41
	35	42
	36	43
	37	44
	38	40
	16	19
	17	20
	18	21
	20	23
	21	26
	22	27
	23	28
	25	31
	29	35
com/mojang/blaze3d/platform/ScreenManager	105	101
	20	19
	21	20
	22	21
	23	22
	24	23
	25	24
	26	25
	29	28
	32	31
	33	32
	34	33
	35	34
	36	35
	37	36
	38	37
	40	39
	43	43
	48	48
	49	49
	50	50
	53	52
	54	53
	55	54
	56	55
	58	56
	59	57
	60	58
	61	59
	63	61
	64	62
	65	63
	66	64
	67	65
	69	66
	70	67
	71	68
	72	69
	74	70
	75	71
	76	72
	77	73
	78	74
	79	75
	80	76
	81	77
	82	78
	85	82
	86	83
	90	88
	91	89
	93	91
	94	91
	96	91
	100	96
	101	97
	102	98
	103	99
	105	101
net/minecraft/client/gui/TextAlignment	35	33
	35	33
	21	20
	9	9
	27	26
	15	14
net/minecraft/client/particle/DragonBreathParticle	103	101
	64	54
	67	57
	69	58
	70	59
	71	60
	74	63
	75	64
	77	65
	78	66
	80	69
	84	73
	25	23
	89	78
	26	24
	27	25
	28	26
	29	27
	31	28
	32	29
	96	85
	33	30
	97	86
	35	31
	37	32
	101	99
	38	33
	102	100
	39	34
	103	101
	41	35
	42	36
	43	37
	47	41
	48	42
	49	43
	51	44
	52	45
	53	69
	56	47
	58	48
	59	49
	60	50
	63	53
net/minecraft/client/model/animal/wolf/AdultWolfModel	94	81
	64	58
	65	59
	67	60
	68	61
	69	61
	71	63
	72	63
	73	63
	77	64
	82	69
	83	70
	84	71
	85	72
	86	73
	25	21
	90	77
	27	22
	91	78
	28	23
	92	79
	29	24
	93	80
	94	81
	32	27
	33	28
	35	29
	37	30
	38	30
	39	30
	41	31
	42	33
	43	34
	44	36
	45	38
	46	40
	49	44
	50	46
	51	46
	52	47
	54	49
	55	51
	56	51
	57	52
	60	54
	61	55
	62	56
	63	57
net/minecraft/client/renderer/blockentity/state/SignRenderState	0	0
net/minecraft/client/renderer/entity/ArrowRenderer	44	40
	33	30
	34	31
	40	36
	41	37
	42	38
	43	39
	44	40
	18	18
	19	19
	20	20
	24	23
	26	24
	27	25
	29	26
	31	29
net/minecraft/client/model/monster/skeleton/package-info	0	0
net/minecraft/client/gui/font/TextRenderable	45	45
	35	35
	40	40
	45	45
	30	30
com/mojang/blaze3d/vertex/SheetedDecalTextureGenerator	95	80
	64	54
	65	55
	70	60
	71	61
	76	66
	78	67
	79	68
	81	69
	83	70
	84	71
	85	72
	87	73
	89	74
	27	20
	28	21
	29	22
	30	23
	94	79
	31	24
	95	80
	35	28
	36	29
	37	30
	38	31
	39	32
	45	37
	46	38
	52	43
	53	44
	59	49
net/minecraft/client/renderer/entity/state/LlamaSpitRenderState	0	0
net/minecraft/client/gui/screens/packs/TransferableSelectionList	307	312
	256	286
	257	287
	259	289
	262	292
	263	293
	265	295
	266	296
	267	297
	268	298
	269	299
	271	301
	273	303
	277	307
	282	312
	290	95
	291	97
	292	98
	293	99
	297	103
	298	104
	43	39
	44	40
	45	41
	46	42
	302	108
	47	43
	51	47
	307	113
	56	52
	61	57
	62	57
	64	57
	68	61
	69	62
	70	63
	71	64
	72	65
	73	66
	74	67
	75	68
	76	69
	77	70
	79	72
	80	73
	81	74
	83	78
	86	84
	103	127
	104	129
	105	130
	106	131
	108	132
	109	133
	110	134
	111	135
	115	139
	120	144
	121	145
	122	146
	123	147
	124	148
	125	149
	126	150
	129	153
	131	154
	132	155
	134	158
	135	159
	138	162
	139	163
	141	164
	142	165
	144	166
	145	167
	146	168
	149	171
	150	172
	151	173
	152	174
	154	176
	157	179
	158	180
	159	181
	160	182
	162	184
	165	188
	166	189
	167	190
	168	191
	170	193
	173	197
	174	198
	175	199
	176	200
	178	202
	184	208
	185	209
	186	210
	188	211
	189	212
	190	213
	191	214
	195	218
	196	219
	197	220
	199	221
	200	222
	201	223
	202	226
	203	227
	204	228
	206	231
	207	232
	208	233
	210	236
	211	237
	212	238
	215	242
	220	247
	221	248
	222	249
	224	251
	225	252
	226	253
	227	254
	229	257
	230	258
	231	259
	234	263
	238	268
	242	272
	243	273
	244	274
	245	275
	247	277
	250	280
	251	281
	253	283
com/mojang/blaze3d/opengl/GlSurface	57	51
	32	28
	48	43
	53	47
	22	18
	38	33
	23	19
	57	51
	42	37
	27	23
	43	38
	28	24
	47	42
com/mojang/realmsclient/gui/screens/configuration/RealmsBackupScreen	273	309
	256	283
	257	284
	258	291
	259	294
	260	295
	261	296
	262	297
	263	298
	264	299
	265	300
	267	303
	268	304
	269	305
	270	306
	271	307
	273	309
	70	59
	71	60
	72	61
	73	62
	74	63
	78	67
	79	68
	81	69
	82	70
	83	71
	84	72
	86	73
	87	74
	89	75
	90	76
	94	80
	96	81
	97	82
	98	83
	100	86
	104	90
	105	91
	106	92
	108	94
	111	99
	114	103
	116	106
	117	107
	118	108
	119	109
	120	110
	121	111
	123	114
	124	115
	126	117
	127	118
	128	119
	130	121
	131	122
	132	123
	136	127
	137	128
	140	133
	141	136
	142	139
	143	141
	144	145
	149	155
	154	161
	155	163
	156	169
	160	173
	172	189
	174	187
	175	190
	177	191
	179	192
	180	195
	181	197
	182	198
	183	199
	184	200
	187	203
	188	204
	189	205
	190	206
	191	207
	192	208
	194	210
	197	213
	198	215
	199	216
	203	222
	204	223
	205	236
	207	224
	208	226
	209	227
	210	228
	211	229
	214	232
	217	236
	220	239
	221	240
	222	241
	223	242
	225	244
	227	246
	230	249
	231	250
	232	251
	233	252
	235	259
	236	260
	237	263
	239	266
	243	270
	248	275
	253	280
	254	281
	255	282
net/minecraft/client/color/item/Firework	53	51
	32	29
	33	30
	34	31
	35	32
	38	34
	39	35
	40	36
	41	38
	42	39
	43	40
	44	41
	45	42
	48	45
	20	21
	21	22
	53	51
	23	16
	24	17
	25	17
	29	26
	30	27
	31	28
net/minecraft/client/renderer/item/properties/conditional/IsKeybindDown	34	32
	17	16
	18	17
	34	32
	23	19
	24	20
	25	20
	29	27
net/minecraft/client/renderer/block/dispatch/multipart/CombinedCondition	51	40
	51	15
	22	22
	38	36
	39	37
	43	40
	28	28
net/minecraft/client/model/monster/blaze/BlazeModel	105	98
	21	19
	22	20
	23	21
	24	22
	25	23
	28	26
	32	30
	33	31
	35	32
	36	32
	37	32
	42	33
	43	34
	44	34
	46	36
	47	37
	48	38
	49	39
	50	40
	51	41
	54	44
	55	46
	56	47
	57	48
	58	49
	59	50
	60	51
	63	54
	64	56
	65	57
	66	58
	67	59
	68	60
	69	61
	72	64
	77	68
	79	69
	80	71
	81	72
	82	73
	83	74
	84	75
	87	78
	88	80
	89	81
	90	82
	91	83
	92	84
	95	87
	96	89
	97	90
	98	91
	99	92
	100	93
	103	96
	104	97
	105	98
net/minecraft/client/model/geom/PartNames	135	112
	135	112
net/minecraft/client/model/animal/golem/CopperGolemModel	207	308
	43	39
	44	40
	45	41
	46	42
	47	43
	49	44
	50	45
	51	46
	52	47
	53	48
	54	49
	55	50
	56	51
	59	54
	60	55
	62	56
	63	59
	64	64
	65	66
	66	68
	67	72
	68	77
	69	80
	70	83
	71	86
	75	90
	76	91
	78	92
	79	93
	80	98
	81	103
	82	105
	83	107
	84	111
	85	112
	86	117
	87	118
	88	123
	89	124
	90	129
	91	130
	92	135
	96	139
	97	140
	99	141
	100	144
	101	146
	102	150
	103	155
	104	158
	105	160
	106	162
	107	164
	108	168
	109	169
	110	174
	111	175
	112	180
	113	181
	114	186
	115	187
	116	192
	120	196
	121	197
	123	198
	124	201
	125	206
	126	208
	127	210
	128	214
	129	215
	130	220
	131	221
	132	222
	133	227
	134	228
	135	233
	136	234
	137	239
	141	243
	142	244
	143	245
	149	250
	150	251
	151	252
	152	253
	153	254
	155	256
	156	257
	158	260
	159	261
	160	262
	161	263
	162	264
	163	265
	167	268
	168	269
	169	270
	170	271
	171	272
	172	273
	173	274
	175	276
	176	277
	178	279
	182	283
	187	288
	188	289
	189	290
	190	291
	191	292
	194	295
	195	296
	196	297
	197	298
	198	299
	201	302
	202	303
	203	304
	204	305
	205	306
	206	307
	207	308
net/minecraft/client/model/monster/ravager/RavagerModel	148	119
	128	101
	130	102
	131	103
	132	104
	133	105
	134	106
	135	107
	139	111
	140	112
	142	113
	143	114
	144	115
	145	116
	146	117
	147	118
	148	119
	25	23
	26	24
	27	25
	28	26
	29	27
	30	28
	31	29
	32	30
	33	31
	36	34
	37	35
	39	36
	40	37
	41	38
	42	38
	43	38
	45	40
	46	42
	47	42
	48	42
	49	43
	52	45
	53	47
	54	47
	55	48
	57	50
	58	52
	59	52
	60	53
	62	55
	63	55
	64	55
	65	55
	67	56
	68	58
	69	58
	70	58
	71	59
	73	61
	74	62
	75	62
	76	62
	78	64
	79	65
	80	65
	81	65
	83	67
	84	68
	85	68
	86	68
	88	70
	89	71
	90	71
	91	71
	94	73
	99	77
	101	78
	102	79
	103	80
	106	81
	107	82
	108	83
	109	84
	110	85
	111	86
	112	87
	114	88
	115	89
	117	91
	120	94
	121	95
	122	96
	123	97
	124	98
	126	99
	127	100
net/minecraft/client/sounds/SoundManager	318	368
	257	215
	258	216
	261	219
	262	220
	265	223
	266	224
	269	227
	270	228
	273	231
	274	232
	277	235
	278	236
	281	239
	282	240
	285	243
	286	244
	289	247
	290	248
	293	251
	297	255
	298	256
	301	259
	302	260
	305	263
	306	264
	309	267
	313	271
	314	272
	317	275
	62	60
	318	276
	63	61
	67	64
	69	69
	70	68
	71	81
	73	85
	74	127
	75	90
	76	90
	77	91
	78	106
	79	97
	80	98
	81	99
	82	101
	83	102
	85	105
	86	121
	87	122
	89	125
	91	142
	95	146
	100	150
	103	151
	104	152
	105	153
	107	154
	108	155
	114	160
	115	161
	116	162
	117	163
	122	168
	123	169
	126	172
	130	176
	138	283
	139	284
	142	287
	143	288
	144	289
	145	290
	146	291
	148	294
	149	295
	152	298
	154	300
	155	301
	158	303
	160	305
	164	309
	165	310
	166	315
	169	319
	170	320
	175	324
	176	325
	177	326
	181	328
	182	329
	183	330
	184	331
	185	332
	186	333
	188	335
	189	336
	190	337
	196	344
	197	345
	198	348
	200	346
	201	348
	203	352
	206	355
	208	357
	211	360
	212	361
	214	362
	216	364
	217	365
	218	366
	220	368
	224	180
	225	181
	226	182
	227	183
	229	185
	233	191
	237	195
	241	199
	242	200
	245	203
	249	207
	250	208
	253	211
	254	212
net/minecraft/client/gui/screens/CreditsAndAttributionScreen	56	50
	32	29
	34	30
	35	31
	36	32
	38	33
	40	34
	41	35
	42	36
	46	40
	47	41
	50	44
	51	45
	23	21
	55	49
	24	22
	56	50
	25	23
	29	27
	31	28
net/minecraft/client/renderer/PostPass	179	202
	131	155
	144	198
	148	202
	159	169
	160	170
	161	171
	163	173
	40	42
	168	179
	41	43
	169	180
	42	44
	43	45
	45	47
	173	184
	46	48
	174	185
	47	49
	175	186
	176	187
	177	188
	50	50
	51	52
	179	190
	52	53
	54	56
	55	58
	56	59
	57	61
	58	62
	60	66
	64	71
	65	72
	68	75
	70	77
	71	78
	74	82
	75	84
	76	85
	79	87
	80	89
	82	90
	83	91
	85	92
	86	93
	87	97
	88	101
	89	102
	90	103
	91	105
	92	106
	97	111
	98	117
	99	118
	100	119
	101	121
	102	122
	104	125
	105	126
	107	129
	109	132
	111	133
	113	135
	114	136
	116	138
	117	141
	121	144
	122	145
	124	148
	125	149
net/minecraft/client/gui/screens/inventory/AbstractSignEditScreen	255	235
	43	43
	44	44
	47	47
	49	48
	50	49
	51	50
	52	51
	54	52
	55	53
	59	57
	60	58
	61	60
	63	62
	64	63
	66	65
	67	66
	68	67
	70	69
	74	73
	75	74
	77	76
	80	79
	81	79
	82	79
	87	84
	88	85
	89	86
	90	87
	92	88
	93	89
	94	90
	95	91
	97	93
	98	93
	101	93
	106	99
	107	100
	112	105
	113	106
	118	111
	120	112
	121	113
	122	114
	126	118
	127	119
	131	123
	132	124
	133	125
	135	130
	136	131
	140	135
	145	140
	155	150
	156	151
	157	152
	158	153
	160	154
	161	155
	162	156
	164	157
	165	158
	166	159
	167	160
	168	161
	170	162
	172	163
	173	164
	174	165
	176	167
	179	170
	180	171
	181	172
	182	173
	183	174
	185	175
	186	176
	188	178
	189	179
	190	180
	193	181
	194	182
	197	185
	198	186
	201	187
	205	188
	206	189
	208	190
	209	191
	210	192
	212	195
	216	201
	217	202
	218	203
	223	204
	224	205
	226	206
	227	207
	228	208
	230	211
	233	214
	234	215
	235	216
	236	217
	237	218
	239	219
	240	220
	242	221
	245	225
	248	228
	249	229
	250	230
	251	231
	254	234
	255	235
net/minecraft/client/sounds/SoundBufferLibrary	88	119
	64	95
	65	96
	67	98
	68	99
	79	110
	80	111
	81	112
	84	115
	88	119
	25	23
	26	24
	29	27
	30	29
	31	33
	33	36
	34	65
	35	66
	36	67
	38	69
	42	73
	44	75
	45	76
	46	77
	47	78
	49	80
	53	84
	54	85
	55	86
	58	89
	62	93
	63	94
net/minecraft/client/model/object/bell/BellModel	62	59
	21	20
	22	21
	23	22
	26	25
	27	26
	29	27
	30	28
	31	28
	32	28
	34	30
	35	31
	36	31
	37	31
	40	33
	45	37
	47	38
	48	39
	50	40
	51	41
	52	42
	53	44
	54	47
	55	50
	56	53
	60	57
	61	58
	62	59
net/minecraft/client/gui/screens/worldselection/ConfirmExperimentalFeaturesScreen	157	154
	129	124
	133	128
	142	138
	143	140
	144	141
	145	142
	146	143
	150	147
	151	148
	152	149
	153	150
	157	154
	42	38
	43	39
	44	40
	45	41
	49	45
	54	50
	56	51
	57	51
	59	52
	60	53
	61	54
	62	55
	64	57
	66	59
	67	60
	69	61
	70	62
	71	63
	72	64
	76	68
	77	69
	81	73
	82	74
	87	84
	91	82
	92	83
	93	85
	97	89
	98	90
	99	92
	100	93
	101	94
	102	95
	106	99
	107	100
	109	103
	110	104
	114	108
	115	109
	118	113
	119	114
	121	116
	122	117
	123	118
	124	119
	125	120
	126	121
net/minecraft/client/model/animal/sniffer/package-info	0	0
com/mojang/realmsclient/dto/PlayerInfo	32	27
	32	27
	27	22
	28	23
	29	24
	30	25
	31	26
net/minecraft/client/gui/font/package-info	0	0
com/mojang/realmsclient/gui/screens/RealmsGenericErrorScreen	72	69
	32	29
	64	60
	65	61
	66	62
	35	32
	67	63
	36	33
	39	36
	71	67
	40	37
	72	69
	41	38
	42	39
	46	43
	47	44
	48	45
	52	49
	53	50
	57	54
	27	24
	28	25
	62	59
	31	28
net/minecraft/client/gui/render/pip/GuiEntityRenderer	49	47
	32	30
	34	31
	35	32
	36	33
	37	34
	39	37
	40	38
	44	42
	49	47
	19	18
	20	19
	24	23
	29	27
	30	28
	31	29
net/minecraft/client/gui/screens/friends/FriendsListConfirmScreen	57	70
	23	26
	24	27
	28	31
	29	32
	30	33
	31	34
	32	35
	33	36
	34	37
	35	38
	36	39
	37	45
	38	50
	40	52
	41	53
	42	54
	43	55
	44	56
	49	61
	50	62
	52	65
	53	66
	54	67
	55	68
	57	70
net/minecraft/client/gui/screens/PrivacyConfirmLinkScreen	73	56
	64	48
	65	49
	67	50
	68	51
	70	54
	71	55
	73	56
	20	16
	26	21
	27	22
	28	23
	32	27
	34	28
	35	28
	36	28
	37	28
	39	29
	40	29
	41	29
	42	29
	44	30
	46	31
	47	32
	48	33
	50	34
	51	35
	52	36
	56	40
	57	41
	60	44
	61	45
net/minecraft/client/gui/screens/worldselection/AbstractGameRulesScreen	347	380
	256	253
	257	254
	261	258
	262	259
	263	260
	264	261
	265	262
	273	279
	274	281
	275	287
	277	288
	278	289
	281	292
	282	293
	283	294
	285	300
	288	303
	289	304
	293	307
	294	308
	297	311
	298	312
	299	313
	300	315
	301	334
	304	317
	305	318
	309	322
	310	323
	311	324
	312	325
	313	326
	315	328
	316	329
	61	60
	62	61
	63	62
	319	332
	64	63
	320	334
	65	64
	323	337
	68	67
	324	342
	69	68
	325	351
	70	69
	326	352
	71	70
	327	354
	330	363
	75	74
	331	364
	76	75
	332	365
	77	76
	333	366
	78	77
	80	78
	337	370
	82	79
	83	80
	84	81
	85	82
	86	83
	342	375
	87	84
	343	376
	344	377
	345	378
	347	380
	95	92
	96	93
	97	94
	99	96
	103	100
	104	101
	106	103
	109	106
	110	107
	111	108
	114	111
	115	112
	116	113
	119	116
	120	117
	122	119
	125	122
	126	123
	129	126
	130	127
	133	130
	134	131
	135	132
	136	133
	138	135
	144	270
	145	271
	151	163
	152	164
	153	165
	154	166
	158	170
	159	171
	163	175
	168	182
	171	187
	176	192
	177	193
	189	210
	191	208
	192	209
	193	211
	194	212
	198	216
	203	221
	207	225
	208	226
	209	227
	210	228
	211	229
	213	231
	219	141
	220	142
	221	143
	222	144
	223	145
	224	146
	225	147
	226	148
	230	152
	231	153
	232	154
	233	155
	234	156
	240	238
	241	239
	243	240
	244	241
	245	242
	246	243
	247	244
	248	245
	249	246
	250	247
	252	249
	253	250
	255	252
com/mojang/blaze3d/platform/MonitorCreator	0	0
net/minecraft/client/particle/FlameParticle	61	80
	33	35
	40	42
	41	43
	11	13
	12	14
	45	56
	46	56
	16	18
	21	23
	22	24
	54	64
	23	25
	55	65
	27	29
	59	78
	28	30
	60	79
	61	80
com/mojang/realmsclient/gui/screens/RealmsDownloadLatestWorldScreen	280	270
	257	246
	258	247
	259	248
	260	250
	261	251
	262	252
	263	253
	264	254
	266	257
	267	260
	269	258
	272	261
	273	262
	275	265
	276	266
	279	269
	280	270
	65	60
	66	61
	67	62
	68	63
	69	64
	70	65
	71	66
	72	67
	73	68
	77	73
	78	73
	79	75
	80	76
	83	79
	84	91
	86	80
	88	81
	89	82
	90	83
	92	84
	93	85
	94	86
	97	88
	99	91
	102	94
	107	99
	109	100
	111	101
	112	101
	113	102
	114	103
	117	105
	120	108
	121	109
	122	110
	123	111
	124	112
	125	113
	127	116
	128	117
	130	120
	135	125
	136	126
	137	127
	139	130
	140	131
	144	135
	146	136
	148	137
	150	138
	151	139
	154	142
	155	143
	156	144
	159	147
	160	148
	162	150
	165	153
	167	154
	168	155
	171	158
	172	159
	175	162
	176	163
	178	164
	179	165
	180	166
	181	167
	183	168
	184	169
	187	172
	188	173
	189	174
	190	175
	191	176
	193	179
	194	180
	196	183
	197	184
	199	186
	201	188
	204	191
	205	192
	206	193
	209	197
	212	265
	214	203
	215	204
	219	208
	220	209
	224	213
	226	214
	227	215
	229	217
	230	218
	231	219
	232	220
	233	221
	237	225
	238	226
	239	227
	241	230
	244	233
	245	234
	246	235
	251	240
	252	241
	253	242
com/mojang/realmsclient/dto/RealmsConfigurationDto	0	0
com/mojang/blaze3d/audio/Channel	181	168
	129	118
	130	119
	133	122
	134	123
	137	126
	138	127
	139	128
	140	129
	141	130
	144	133
	148	137
	150	139
	151	140
	152	141
	154	142
	157	145
	158	146
	31	26
	33	27
	161	149
	34	28
	35	28
	164	152
	37	28
	165	153
	166	154
	168	156
	41	32
	42	33
	171	159
	45	36
	173	160
	46	37
	174	161
	47	38
	175	162
	48	39
	176	163
	177	164
	50	41
	178	165
	51	42
	52	43
	181	168
	54	46
	55	47
	58	50
	59	51
	61	53
	64	56
	65	57
	68	60
	69	60
	71	60
	75	64
	76	65
	78	67
	81	70
	82	71
	84	73
	87	76
	88	77
	89	78
	91	80
	94	83
	98	87
	102	91
	103	92
	106	95
	107	96
	110	99
	111	100
	114	103
	115	104
	118	107
	119	108
	122	111
	123	112
	124	113
	125	114
	126	115
net/minecraft/client/model/animal/goat/GoatModel	69	70
	64	66
	66	67
	67	68
	69	70
	15	14
	16	15
	19	18
	20	19
	22	20
	23	22
	24	23
	25	25
	26	28
	27	30
	29	32
	30	33
	31	33
	32	33
	34	35
	35	36
	36	36
	37	36
	39	38
	40	40
	41	40
	42	41
	44	43
	45	45
	46	45
	47	45
	48	46
	51	48
	52	51
	53	54
	54	57
	56	60
	61	64
	63	65
net/minecraft/client/renderer/UiLightmap	25	22
	16	14
	19	17
	24	21
	25	22
	13	11
	14	12
	15	13
net/minecraft/client/renderer/feature/phase/FeatureRenderPhase	26	28
	20	21
	21	22
	22	23
	24	26
	26	28
net/minecraft/client/model/animal/goat/package-info	0	0
net/minecraft/client/model/object/armorstand/ArmorStandArmorModel	80	62
	65	50
	66	51
	67	52
	69	53
	70	54
	71	55
	73	56
	74	57
	75	58
	77	59
	78	60
	79	61
	80	62
	18	16
	19	17
	22	20
	23	21
	27	25
	28	26
	29	27
	30	28
	31	28
	32	28
	34	30
	35	30
	36	30
	39	31
	40	32
	41	32
	42	32
	44	34
	45	36
	46	36
	47	37
	50	39
	55	43
	57	44
	58	45
	59	46
	61	47
	62	48
	63	49
net/minecraft/client/renderer/item/SelectItemModel	135	147
	132	55
	133	57
	134	58
	135	60
	30	29
	31	30
	32	31
	36	43
	37	44
	38	45
	39	46
	46	67
	47	69
	48	70
	49	71
	50	73
	54	78
	59	83
	60	84
	61	85
	66	90
	67	91
	68	92
	75	97
	78	100
	79	102
	80	103
	82	104
	83	106
	84	107
	88	111
	89	112
	93	118
	94	119
	96	121
	97	122
	98	124
	99	125
	100	126
	102	129
	103	128
	105	130
	107	133
	109	134
	110	135
	113	137
	114	137
	116	137
	121	144
	122	145
	124	147
net/minecraft/client/renderer/entity/state/ChickenRenderState	0	0
com/mojang/realmsclient/client/worldupload/RealmsUploadWorldPacker	83	96
	64	67
	65	78
	66	79
	68	81
	69	82
	71	83
	72	84
	73	85
	77	90
	80	93
	81	94
	83	96
	23	21
	27	25
	28	26
	29	27
	32	30
	34	34
	35	35
	36	36
	37	37
	38	38
	39	39
	41	42
	42	43
	43	51
	45	46
	46	47
	52	55
	53	56
	55	58
	57	59
	58	60
	59	61
	60	62
	62	63
	63	64
net/minecraft/client/renderer/entity/state/EvokerFangsRenderState	0	0
net/minecraft/client/renderer/blockentity/AbstractEndPortalRenderer	72	74
	64	66
	67	69
	68	70
	71	73
	72	74
	28	28
	29	29
	30	30
	31	31
	32	32
	33	33
	43	44
	44	45
	45	47
	46	48
	47	49
	50	52
	53	57
	54	66
	56	58
	57	59
	58	60
	59	60
	60	61
	63	64
net/minecraft/client/gui/screens/inventory/SmithingScreen	192	185
	128	119
	129	120
	130	121
	131	122
	133	123
	134	124
	135	125
	136	126
	137	127
	139	129
	140	130
	142	132
	145	136
	146	139
	147	142
	150	146
	151	147
	155	150
	159	154
	160	155
	162	157
	165	160
	167	161
	168	162
	171	165
	172	166
	173	167
	175	168
	176	169
	177	170
	179	172
	180	173
	181	174
	182	175
	183	176
	188	181
	189	182
	63	60
	64	61
	192	185
	65	62
	67	63
	68	64
	69	65
	70	66
	71	67
	72	68
	76	72
	77	73
	81	77
	83	78
	84	79
	85	80
	86	81
	87	82
	90	85
	91	86
	92	86
	94	86
	99	91
	100	92
	101	93
	105	97
	106	98
	107	99
	108	100
	110	101
	111	102
	112	103
	113	104
	114	105
	115	106
	119	110
	120	111
	122	113
	125	116
	126	117
	127	118
net/minecraft/client/renderer/entity/CatRenderer	60	53
	34	31
	35	32
	36	33
	37	34
	38	35
	39	36
	40	37
	41	38
	42	39
	43	40
	44	41
	48	44
	17	18
	50	45
	19	19
	51	46
	20	20
	52	47
	53	48
	24	23
	56	49
	57	50
	60	53
	29	27
net/minecraft/client/model/animal/camel/BabyCamelModel	78	58
	64	50
	65	50
	67	52
	68	53
	69	53
	70	53
	72	55
	73	56
	74	56
	75	56
	78	58
	15	14
	24	22
	27	25
	28	26
	30	27
	31	28
	32	28
	33	28
	35	30
	36	30
	37	30
	38	30
	40	31
	41	33
	42	34
	43	36
	44	38
	45	40
	47	42
	48	43
	49	43
	50	43
	52	45
	53	45
	54	45
	55	45
	57	46
	58	47
	59	47
	60	47
	62	49
	63	50
net/minecraft/client/renderer/texture/atlas/sources/PalettedPermutations	137	169
	128	163
	130	160
	136	168
	137	169
	41	35
	42	37
	43	38
	44	39
	45	40
	46	42
	49	46
	50	47
	54	51
	55	52
	56	55
	57	56
	59	60
	60	61
	61	62
	62	63
	63	64
	66	66
	67	68
	68	69
	69	70
	72	76
	75	79
	76	80
	77	81
	80	83
	81	85
	82	86
	83	87
	84	88
	88	92
	89	93
	90	94
	91	95
	94	97
	95	98
	96	99
	97	100
	102	107
	103	108
	104	109
	105	110
	107	113
	108	134
	109	135
	110	136
	111	137
	117	144
	124	154
	125	155
	126	156
	127	157
net/minecraft/client/gui/screens/inventory/LecternScreen	116	113
	66	62
	67	63
	68	64
	69	65
	70	66
	72	68
	74	70
	78	74
	79	75
	83	79
	84	80
	23	20
	88	84
	89	85
	26	24
	90	86
	27	25
	92	88
	31	28
	32	29
	96	93
	97	94
	34	31
	101	98
	38	35
	39	36
	105	102
	106	103
	43	39
	107	104
	110	107
	111	108
	48	44
	49	45
	50	46
	115	112
	116	113
	54	50
	55	51
	56	52
	60	56
	61	57
	62	58
net/minecraft/client/renderer/item/ItemStackRenderState	249	267
	44	39
	45	40
	46	41
	47	42
	48	44
	49	45
	52	48
	55	51
	56	52
	60	56
	63	58
	64	59
	66	62
	67	63
	68	64
	69	65
	70	66
	73	69
	74	70
	77	73
	83	77
	87	80
	91	84
	96	88
	100	93
	101	93
	103	93
	107	97
	108	98
	109	100
	110	101
	111	102
	112	103
	113	104
	114	106
	115	107
	117	110
	119	112
	122	117
	123	118
	125	120
	128	123
	129	124
	131	126
	132	127
	133	128
	134	129
	135	130
	139	135
	140	136
	143	139
	152	175
	154	150
	157	170
	160	171
	161	172
	163	173
	170	174
	173	178
	174	179
	175	180
	176	181
	177	182
	178	183
	180	186
	181	187
	182	188
	183	189
	184	190
	185	191
	188	194
	192	198
	193	199
	196	202
	197	203
	200	206
	201	207
	204	210
	205	211
	208	214
	209	215
	212	218
	213	219
	214	220
	219	223
	223	227
	224	228
	227	231
	228	232
	230	235
	234	241
	235	242
	237	243
	238	244
	240	255
	241	256
	243	261
	244	262
	247	265
	248	266
	249	267
net/minecraft/client/renderer/state/level/BlockOutlineRenderState	10	19
	9	18
	10	19
net/minecraft/client/model/monster/creaking/package-info	0	0
net/minecraft/client/multiplayer/chat/LoggedChatEvent	33	30
	16	15
	33	30
	23	21
	24	22
	25	23
	28	26
	15	14
net/minecraft/client/gui/screens/dialog/input/InputControlHandler	0	0
net/minecraft/client/gui/screens/FaviconTexture	85	88
	65	69
	68	72
	73	76
	74	77
	75	78
	78	81
	82	85
	83	86
	85	88
	24	22
	25	23
	26	24
	29	29
	33	36
	37	40
	38	57
	39	58
	42	42
	44	43
	45	44
	47	46
	48	47
	50	50
	51	51
	52	52
	53	53
	54	54
	56	60
	59	63
	60	64
	61	65
	62	66
	63	67
net/minecraft/client/renderer/UniformValue	179	177
	65	77
	131	148
	132	149
	136	153
	137	154
	74	48
	75	49
	141	158
	79	53
	16	16
	80	54
	84	58
	150	167
	151	168
	155	172
	156	173
	93	29
	94	30
	160	177
	98	34
	99	35
	103	39
	40	115
	169	87
	41	116
	170	88
	42	117
	174	92
	46	120
	175	93
	112	129
	113	130
	179	97
	117	134
	118	135
	55	67
	56	68
	122	139
	60	72
	61	73
net/minecraft/client/gui/screens/dialog/body/DialogBodyHandler	0	0
com/mojang/blaze3d/vulkan/DestructionQueue	57	54
	34	31
	35	32
	36	33
	38	35
	39	36
	40	37
	42	38
	13	12
	14	13
	46	43
	15	15
	47	44
	16	16
	48	45
	18	18
	52	49
	22	21
	23	22
	24	23
	57	54
	27	26
	30	29
	31	30
net/minecraft/client/gui/components/FittingMultiLineTextWidget	60	60
	32	32
	36	36
	37	37
	40	40
	13	13
	45	45
	14	14
	46	46
	15	15
	47	47
	48	48
	49	49
	19	19
	20	20
	21	21
	53	53
	54	54
	25	25
	58	58
	59	59
	60	60
	29	29
	30	30
net/minecraft/client/particle/FireworkParticles	352	386
	256	94
	257	95
	258	96
	260	97
	262	98
	263	99
	264	100
	267	103
	268	104
	271	107
	272	108
	276	112
	277	113
	279	115
	283	119
	285	120
	286	122
	287	124
	288	125
	289	126
	290	127
	291	128
	292	129
	293	130
	294	131
	296	134
	297	135
	299	137
	304	51
	305	52
	306	53
	310	57
	54	194
	55	195
	56	196
	57	197
	58	198
	315	62
	316	63
	60	199
	317	64
	61	200
	64	202
	321	68
	65	203
	67	205
	68	206
	69	207
	70	208
	71	209
	329	28
	330	29
	74	213
	334	42
	78	217
	335	43
	79	218
	336	44
	337	45
	81	219
	82	220
	83	221
	85	223
	86	224
	87	225
	88	226
	345	144
	346	145
	350	159
	94	232
	351	161
	95	233
	352	162
	97	235
	99	238
	102	241
	103	242
	104	243
	106	244
	107	245
	108	246
	109	247
	111	248
	112	249
	115	252
	116	254
	117	257
	118	260
	127	263
	136	266
	139	269
	140	270
	142	273
	143	274
	144	275
	145	276
	146	277
	147	278
	149	281
	151	283
	154	286
	155	287
	160	302
	161	303
	162	304
	163	305
	165	306
	166	307
	167	308
	169	310
	172	315
	173	316
	174	317
	176	319
	177	320
	178	321
	179	322
	180	323
	181	324
	182	325
	184	326
	186	327
	187	328
	192	333
	195	344
	196	345
	198	346
	200	347
	201	348
	202	350
	203	351
	205	352
	206	353
	208	355
	209	356
	210	357
	212	359
	213	360
	214	361
	216	362
	217	363
	219	365
	220	366
	223	370
	224	371
	227	374
	230	377
	231	378
	233	380
	234	381
	235	382
	236	383
	238	384
	240	386
	254	92
	255	93
net/minecraft/client/sounds/FloatSampleSource	29	29
	16	14
	17	16
	20	19
	25	24
	26	26
	29	29
com/mojang/blaze3d/vulkan/checkpoints/CheckpointExtension	0	0
net/minecraft/client/model/object/skull/DragonHeadModel	56	48
	17	15
	18	16
	19	17
	20	18
	23	21
	24	22
	26	23
	27	24
	28	26
	29	27
	30	28
	31	29
	32	30
	33	31
	34	32
	35	33
	36	34
	37	35
	40	37
	41	38
	42	38
	43	38
	46	40
	51	44
	52	45
	54	46
	55	47
	56	48
net/minecraft/client/renderer/state/gui/pip/GuiBookModelRenderState	12	34
	11	33
	12	34
net/minecraft/client/StringSplitter	421	423
	28	25
	29	26
	32	29
	33	30
	36	32
	37	33
	38	34
	39	35
	41	37
	45	42
	46	43
	47	44
	48	45
	50	47
	54	51
	55	52
	56	53
	57	54
	59	56
	66	402
	67	404
	68	405
	72	408
	73	409
	74	410
	75	411
	77	413
	81	418
	85	422
	86	423
	90	60
	91	61
	92	62
	96	66
	100	70
	101	71
	102	72
	103	73
	104	74
	105	75
	108	77
	109	78
	112	81
	116	85
	118	92
	119	91
	123	95
	124	96
	125	97
	126	98
	127	99
	129	102
	131	104
	132	105
	134	108
	136	111
	142	323
	143	324
	146	325
	147	326
	151	321
	152	327
	153	328
	157	331
	158	332
	160	334
	162	336
	163	337
	166	339
	167	340
	168	341
	169	346
	170	346
	172	346
	175	342
	176	343
	177	344
	183	352
	184	353
	185	354
	189	358
	193	362
	197	366
	201	370
	202	371
	206	115
	207	116
	208	117
	212	121
	213	122
	214	123
	216	125
	217	126
	218	127
	219	128
	221	131
	222	132
	225	135
	227	136
	228	137
	229	138
	230	139
	231	140
	232	141
	233	142
	234	143
	236	145
	239	148
	240	149
	242	151
	243	152
	249	158
	258	162
	259	163
	260	164
	261	166
	262	167
	263	168
	264	169
	265	170
	266	171
	268	174
	269	175
	271	176
	272	177
	273	178
	274	179
	276	181
	279	184
	280	185
	281	186
	289	379
	290	380
	291	381
	295	384
	300	388
	309	246
	310	247
	311	248
	314	251
	318	255
	319	256
	320	257
	321	258
	322	260
	323	261
	324	262
	325	263
	327	264
	328	265
	329	266
	330	267
	331	268
	333	270
	334	271
	335	272
	337	275
	338	276
	342	280
	343	281
	344	291
	345	292
	347	282
	348	283
	349	284
	351	286
	358	296
	359	297
	363	302
	364	303
	365	304
	366	305
	371	190
	372	191
	373	192
	377	196
	379	197
	380	198
	381	199
	383	202
	386	204
	387	205
	388	206
	389	207
	390	209
	391	210
	392	211
	393	213
	394	214
	395	215
	397	216
	398	217
	400	218
	402	219
	403	220
	404	221
	405	222
	406	223
	407	224
	408	225
	409	226
	411	229
	415	233
	416	234
	417	235
	418	236
	419	237
	421	239
net/minecraft/client/renderer/entity/layers/FoxHeldItemLayer	68	59
	65	56
	67	57
	68	59
	15	14
	16	15
	20	25
	21	26
	22	59
	25	27
	26	28
	28	29
	30	30
	33	31
	34	32
	35	33
	39	36
	40	37
	41	38
	44	39
	45	40
	46	41
	48	43
	51	45
	52	46
	54	48
	59	51
	61	52
	62	53
com/mojang/realmsclient/exception/package-info	0	0
net/minecraft/client/gui/spectator/categories/TeleportToPlayerMenuCategory	68	66
	64	62
	34	32
	35	33
	36	34
	68	66
	37	35
	38	36
	39	37
	43	41
	48	46
	53	51
	54	52
	23	22
	58	56
	30	28
	31	29
	63	61
net/minecraft/client/renderer/entity/GoatRenderer	34	31
	16	16
	32	29
	33	30
	34	31
	20	19
	25	23
	30	27
	15	15
	31	28
net/minecraft/client/gui/components/debug/DebugEntryLookingAtEntity	30	32
	20	23
	21	24
	22	25
	23	26
	24	27
	25	28
	29	31
	30	32
net/minecraft/client/gui/screens/inventory/CreativeModeInventoryScreen	1074	1021
	1025	1017
	1030	1021
	1036	866
	1037	867
	1041	870
	1042	871
	1043	872
	1044	872
	1046	873
	1051	839
	1052	840
	1053	841
	1054	842
	1056	843
	1057	844
	1058	846
	1059	847
	1060	848
	1061	849
	1063	852
	1064	853
	1065	854
	1066	855
	1067	856
	1068	857
	1069	858
	1070	859
	1072	860
	1074	862
	130	882
	131	883
	133	884
	134	886
	135	887
	136	888
	140	892
	142	893
	143	894
	147	897
	151	901
	155	905
	159	909
	163	913
	167	917
	168	919
	169	920
	170	921
	171	922
	172	923
	174	925
	178	929
	181	932
	186	936
	187	937
	189	938
	190	939
	194	943
	199	947
	204	951
	209	955
	214	959
	215	960
	219	127
	220	128
	221	129
	222	130
	223	131
	224	132
	227	135
	231	139
	232	140
	233	141
	234	142
	235	143
	236	144
	237	145
	239	147
	244	152
	247	157
	248	158
	251	160
	252	161
	253	162
	254	163
	257	166
	261	171
	262	172
	263	173
	264	174
	266	176
	271	179
	272	180
	273	181
	277	185
	279	186
	280	187
	281	188
	282	189
	283	190
	286	193
	290	197
	291	198
	292	199
	295	202
	296	203
	297	204
	298	324
	300	205
	302	206
	303	225
	304	226
	306	229
	307	230
	308	231
	309	232
	311	234
	313	235
	314	236
	315	237
	316	238
	317	239
	318	240
	319	241
	321	242
	322	243
	323	244
	324	245
	325	246
	327	248
	328	252
	331	254
	333	255
	334	256
	336	257
	337	258
	338	259
	339	260
	342	263
	343	266
	344	267
	345	268
	346	269
	349	272
	350	275
	351	276
	352	277
	353	278
	354	279
	357	282
	360	285
	362	286
	363	287
	364	288
	366	289
	367	290
	371	293
	373	295
	375	298
	376	299
	377	300
	378	301
	382	296
	383	297
	385	303
	386	304
	387	305
	389	306
	390	307
	391	308
	393	310
	394	311
	398	312
	399	313
	400	314
	401	315
	402	316
	405	319
	410	207
	411	208
	412	209
	414	212
	415	213
	416	214
	417	215
	419	218
	420	219
	421	220
	422	221
	426	324
	429	327
	434	332
	435	333
	437	334
	438	335
	439	336
	440	337
	441	338
	442	339
	443	340
	445	341
	446	342
	447	343
	449	344
	450	345
	451	346
	452	347
	453	348
	456	351
	458	353
	462	357
	464	358
	465	359
	466	360
	468	361
	469	362
	472	365
	473	366
	474	367
	478	371
	480	372
	481	373
	483	375
	487	379
	488	380
	490	381
	491	382
	493	384
	494	385
	495	386
	496	387
	498	390
	500	392
	505	399
	506	400
	508	402
	509	402
	512	402
	517	408
	518	409
	519	410
	520	411
	521	412
	522	413
	524	415
	527	418
	528	419
	529	420
	532	421
	533	422
	536	424
	537	425
	538	426
	539	427
	542	430
	544	432
	546	432
	548	432
	553	440
	554	441
	558	445
	559	446
	561	447
	562	448
	563	449
	565	451
	566	452
	568	453
	569	455
	570	456
	571	457
	572	458
	574	460
	576	463
	580	467
	581	468
	582	469
	585	472
	588	474
	589	475
	591	477
	592	478
	593	479
	596	482
	597	483
	601	487
	602	488
	604	490
	608	494
	609	495
	610	496
	612	498
	613	499
	614	500
	618	504
	619	505
	620	506
	624	510
	629	515
	630	516
	631	517
	633	518
	635	520
	636	521
	637	522
	638	523
	643	528
	647	532
	651	536
	652	537
	654	538
	655	539
	656	540
	657	541
	658	543
	659	544
	660	545
	661	546
	662	547
	663	548
	664	549
	666	550
	667	551
	668	552
	669	553
	671	555
	675	559
	678	562
	679	563
	682	566
	683	567
	685	568
	686	569
	688	572
	689	574
	692	577
	693	578
	694	579
	695	580
	697	581
	698	582
	699	583
	700	584
	701	585
	702	586
	703	587
	704	588
	706	590
	707	591
	708	592
	710	593
	712	594
	713	595
	715	597
	719	601
	720	602
	723	605
	724	606
	725	607
	726	608
	727	609
	728	610
	731	613
	732	614
	733	615
	734	616
	735	617
	736	618
	738	621
	740	623
	741	624
	742	625
	743	626
	746	629
	747	630
	748	631
	752	635
	753	636
	756	637
	757	638
	759	640
	760	641
	761	642
	766	648
	767	649
	768	650
	772	654
	773	655
	775	656
	776	657
	777	658
	778	659
	779	660
	785	665
	786	666
	787	667
	789	668
	790	669
	791	670
	793	671
	795	673
	800	679
	801	680
	802	682
	803	683
	808	688
	809	691
	811	693
	815	697
	820	702
	821	703
	822	704
	824	705
	825	706
	826	707
	827	708
	828	709
	831	710
	832	713
	834	714
	835	715
	836	716
	837	717
	839	719
	842	722
	843	724
	844	725
	845	726
	849	730
	852	711
	857	736
	858	738
	859	739
	860	740
	864	744
	866	747
	867	748
	868	749
	870	751
	874	755
	876	756
	877	757
	878	758
	880	759
	881	760
	882	761
	885	764
	887	765
	888	767
	890	770
	893	773
	894	774
	895	775
	897	776
	898	777
	900	780
	904	784
	905	785
	906	786
	908	788
	910	791
	914	795
	915	796
	916	797
	920	801
	921	802
	922	803
	923	804
	924	805
	927	807
	931	812
	932	813
	933	814
	934	815
	935	816
	938	818
	939	819
	941	821
	944	824
	945	825
	948	828
	950	829
	951	830
	952	831
	953	832
	956	835
	964	967
	965	968
	966	969
	970	972
	971	973
	975	976
	980	980
	985	984
	990	988
	991	989
	995	992
	996	993
	1000	996
	1001	997
	1005	1000
	1010	1004
	1015	1009
	1020	1013
net/minecraft/client/renderer/entity/state/ItemDisplayEntityRenderState	10	10
	10	10
net/minecraft/client/model/monster/zombie/AbstractZombieModel	18	16
	17	15
	18	16
	10	10
	11	11
	15	14
net/minecraft/client/sounds/SoundPreviewHandler	46	49
	34	37
	37	40
	38	41
	39	42
	40	43
	43	46
	46	49
	16	19
	17	20
	18	21
	19	22
	20	23
	21	24
	22	25
	23	26
	24	27
	25	28
	26	29
	27	30
	29	32
	30	33
	31	34
net/minecraft/client/model/object/banner/BannerModel	41	34
	32	28
	36	31
	37	32
	22	21
	38	32
	23	22
	41	34
	26	25
	27	26
	29	27
	30	28
	31	28
com/mojang/blaze3d/opengl/GlProgram	171	167
	130	126
	131	128
	132	129
	133	130
	134	131
	135	132
	136	133
	137	134
	139	136
	143	140
	147	143
	148	144
	149	145
	152	149
	153	150
	158	155
	163	159
	167	163
	41	30
	42	31
	43	32
	171	167
	46	37
	47	38
	48	39
	51	41
	52	42
	53	44
	54	45
	58	46
	60	47
	61	48
	62	49
	64	52
	65	53
	69	58
	70	59
	71	60
	73	61
	74	62
	76	63
	77	71
	78	64
	79	65
	82	68
	86	78
	87	79
	88	80
	89	81
	90	82
	92	84
	93	85
	94	110
	96	89
	97	90
	98	91
	100	93
	101	94
	102	95
	105	99
	106	100
	107	101
	108	102
	110	104
	111	105
	114	111
	117	112
	120	116
	121	117
	122	118
	123	119
	126	121
	127	122
net/minecraft/client/gui/BundleMouseActions	73	70
	64	62
	65	63
	66	64
	69	66
	72	69
	73	70
	21	19
	22	20
	23	21
	27	25
	32	30
	33	31
	34	32
	37	34
	38	35
	39	36
	40	37
	41	38
	42	39
	43	40
	46	44
	51	50
	52	51
	56	55
	57	56
	59	58
	62	61
	63	61
net/minecraft/client/renderer/entity/state/GoatRenderState	0	0
net/minecraft/client/multiplayer/ClientRecipeContainer	27	24
	16	15
	17	16
	18	17
	22	20
	27	24
net/minecraft/client/renderer/debug/GoalSelectorDebugRenderer	42	40
	32	30
	33	31
	34	32
	35	33
	36	34
	37	35
	38	36
	41	39
	42	40
	21	19
	22	20
	26	26
	28	27
	30	28
	31	29
net/minecraft/client/gui/contextualbar/LocatorBar	94	88
	64	57
	66	58
	67	59
	69	60
	70	61
	72	64
	73	65
	74	65
	77	67
	78	68
	80	69
	81	70
	84	73
	85	74
	86	75
	88	77
	89	78
	91	81
	93	85
	94	88
	33	31
	34	32
	38	36
	39	37
	43	41
	45	42
	46	43
	47	88
	49	44
	50	45
	51	46
	53	47
	54	54
	56	85
	59	55
	60	56
	61	85
net/minecraft/client/renderer/entity/state/TropicalFishRenderState	0	0
net/minecraft/client/renderer/entity/FoxRenderer	84	80
	64	61
	69	66
	42	44
	74	70
	75	71
	44	45
	76	72
	45	46
	77	73
	78	74
	79	75
	80	76
	49	49
	81	77
	82	78
	51	50
	83	79
	52	51
	84	80
	54	53
	58	56
	59	57
	60	58
	63	60
net/minecraft/client/gui/components/AbstractWidget	346	336
	256	246
	257	247
	259	249
	262	252
	266	256
	271	261
	272	262
	276	266
	281	271
	282	272
	285	275
	289	279
	294	284
	295	285
	298	288
	299	289
	300	290
	48	43
	304	294
	49	44
	50	45
	51	46
	52	47
	308	298
	53	48
	312	302
	57	52
	313	303
	314	304
	62	57
	318	308
	63	62
	66	58
	322	312
	67	59
	323	313
	69	60
	70	62
	73	65
	329	319
	74	66
	77	69
	333	323
	78	70
	334	324
	335	325
	80	72
	83	75
	339	329
	84	76
	87	79
	88	80
	344	334
	345	335
	346	336
	91	83
	95	87
	101	93
	102	94
	103	95
	104	96
	105	97
	106	98
	109	101
	112	104
	115	107
	119	111
	120	112
	122	114
	123	115
	124	116
	125	117
	126	118
	127	119
	130	123
	135	129
	136	130
	137	131
	139	133
	143	138
	148	143
	149	144
	150	145
	152	147
	157	154
	158	155
	161	157
	162	157
	164	157
	169	163
	173	167
	174	168
	177	171
	178	172
	182	176
	186	180
	187	181
	190	184
	191	185
	194	188
	195	189
	198	192
	202	196
	203	197
	206	200
	211	205
	215	209
	219	213
	224	218
	230	223
	231	224
	235	228
	236	229
	238	231
	239	231
	241	231
	246	237
	247	238
	248	239
	254	244
	255	245
com/mojang/blaze3d/platform/PolygonMode	0	0
net/minecraft/client/renderer/chunk/CompiledSectionMesh	110	114
	67	69
	72	74
	77	80
	81	84
	18	17
	85	88
	24	23
	89	92
	90	93
	93	96
	94	97
	33	33
	34	34
	98	101
	37	37
	38	38
	102	106
	39	39
	40	40
	41	41
	42	43
	43	45
	107	111
	44	46
	108	112
	109	113
	110	114
	47	49
	48	50
	52	54
	57	59
	62	64
net/minecraft/client/data/Main	56	54
	23	26
	25	27
	26	28
	27	29
	28	30
	29	31
	30	32
	32	33
	33	44
	34	46
	37	34
	38	35
	39	36
	41	37
	42	38
	44	39
	45	40
	46	41
	47	42
	48	46
	51	49
	52	50
	53	51
	54	52
	55	53
	56	54
net/minecraft/client/renderer/entity/layers/EnergySwirlLayer	28	38
	16	15
	20	21
	21	38
	24	22
	25	23
	27	24
	28	38
	15	14
com/mojang/blaze3d/systems/DeviceFeatures	0	0
com/mojang/blaze3d/vulkan/VulkanQueue	128	144
	128	134
	18	19
	19	20
	22	24
	23	25
	24	26
	25	30
	30	34
	34	38
	35	39
	45	143
	46	144
	49	48
	50	49
	52	46
	53	50
	54	51
	57	54
	58	55
	60	57
	61	58
	63	61
	64	63
	67	66
	68	67
	70	69
	71	70
	73	73
	74	75
	77	78
	78	79
	80	81
	81	83
	87	86
	88	87
	89	89
	90	90
	91	91
	92	92
	93	93
	94	94
	95	96
	96	97
	97	98
	98	99
	99	100
	100	101
	103	105
	104	106
	105	107
	106	109
	107	110
	108	111
	109	112
	112	116
	113	117
	114	118
	115	120
	116	121
	117	122
	118	123
	119	124
	120	125
	124	130
	125	131
	126	132
net/minecraft/client/gui/components/ObjectSelectionList	80	76
	64	60
	65	61
	67	63
	74	70
	79	75
	80	76
	17	17
	18	18
	22	23
	24	24
	27	25
	28	26
	29	27
	30	28
	32	30
	33	31
	34	32
	38	34
	39	35
	40	36
	41	37
	43	40
	44	40
	46	40
	48	42
	53	48
	54	49
	55	50
	56	51
	58	53
	59	54
	60	55
	61	56
net/minecraft/client/renderer/rendertype/package-info	0	0
net/minecraft/client/renderer/entity/SlimeRenderer	33	30
	17	16
	33	30
	18	17
	22	21
	23	22
	24	23
	28	26
	15	15
net/minecraft/client/gui/screens/multiplayer/JoinMultiplayerScreen	254	245
	50	44
	51	45
	52	46
	56	50
	57	51
	58	52
	60	53
	62	56
	63	57
	64	58
	65	59
	68	62
	69	64
	71	65
	72	66
	73	67
	74	68
	76	69
	77	70
	78	71
	79	72
	81	74
	82	75
	83	76
	84	77
	85	78
	86	79
	87	80
	88	81
	89	82
	91	83
	92	84
	93	85
	94	86
	96	87
	97	88
	99	89
	101	91
	102	92
	103	93
	104	94
	105	95
	106	96
	107	97
	108	98
	109	99
	110	100
	112	101
	115	104
	116	105
	117	106
	119	107
	120	108
	121	109
	122	110
	126	114
	127	115
	128	116
	130	118
	134	122
	135	123
	139	127
	141	128
	142	129
	143	130
	146	133
	147	134
	151	138
	152	139
	153	140
	155	143
	156	144
	157	145
	160	148
	161	149
	164	152
	165	153
	166	154
	167	155
	168	156
	169	157
	171	160
	172	161
	175	164
	176	165
	177	166
	178	167
	179	168
	180	169
	181	170
	182	171
	184	174
	185	175
	188	178
	189	179
	190	180
	191	181
	192	182
	194	184
	195	185
	197	188
	198	189
	200	192
	201	193
	204	196
	205	197
	206	198
	207	199
	208	200
	209	201
	211	203
	214	206
	216	208
	220	212
	221	213
	223	214
	224	215
	225	216
	227	218
	231	223
	232	224
	235	227
	236	228
	237	229
	239	230
	240	231
	241	232
	242	233
	243	234
	244	235
	247	238
	250	241
	254	245
net/minecraft/client/gui/screens/options/controls/KeyBindsList	194	199
	128	132
	132	136
	133	137
	134	138
	135	139
	137	140
	138	141
	139	142
	141	143
	143	144
	144	145
	145	146
	146	147
	148	149
	152	153
	29	27
	157	158
	30	27
	31	27
	33	28
	162	163
	35	29
	163	164
	36	30
	164	165
	37	31
	165	166
	39	33
	167	167
	40	34
	168	168
	169	169
	42	35
	170	170
	43	36
	171	171
	44	37
	173	174
	174	175
	47	40
	48	41
	49	42
	50	43
	179	180
	52	46
	180	181
	181	185
	54	48
	183	187
	57	51
	58	52
	186	190
	59	53
	187	191
	189	199
	62	56
	63	57
	194	61
	72	68
	73	70
	74	74
	78	78
	79	79
	80	80
	84	84
	89	89
	95	94
	106	113
	108	111
	109	114
	110	115
	112	116
	113	117
	114	118
	115	119
	116	122
	117	123
	119	124
	121	126
	123	127
	124	128
	125	129
	126	130
	127	131
net/minecraft/client/renderer/RenderPipelines	29	876
	24	871
	25	872
	29	876
net/minecraft/client/renderer/item/properties/conditional/CustomModelDataProperty	30	29
	16	16
	17	16
	21	23
	22	24
	23	24
	25	24
	30	29
	15	15
net/minecraft/client/gui/components/PopupScreen	162	180
	129	147
	130	148
	131	149
	134	152
	135	153
	139	157
	140	158
	144	162
	145	163
	149	167
	150	168
	154	172
	155	173
	159	177
	160	178
	162	180
	37	45
	38	46
	39	47
	40	48
	41	49
	42	50
	43	51
	44	52
	48	56
	49	57
	50	58
	52	60
	56	64
	57	65
	59	68
	60	69
	61	70
	62	71
	64	74
	65	75
	67	76
	68	77
	69	78
	72	81
	73	82
	74	83
	75	84
	76	86
	77	87
	79	90
	84	95
	85	96
	87	99
	88	100
	89	101
	93	105
	94	106
	95	107
	96	108
	97	109
	98	110
	100	112
	103	115
	104	118
	108	122
	113	127
	114	128
	116	131
	117	132
net/minecraft/client/gui/contextualbar/ContextualBar	44	44
	35	36
	36	37
	37	38
	39	39
	40	40
	41	41
	42	42
	43	43
	44	44
	17	16
	20	20
	24	24
	28	28
net/minecraft/client/gui/render/pip/GuiSkinRenderer	40	31
	32	25
	34	26
	19	16
	36	27
	24	20
	40	31
	26	21
	27	22
	28	23
	30	24
com/mojang/realmsclient/gui/screens/RealmsResetWorldScreen	229	289
	128	151
	129	152
	130	153
	131	154
	132	155
	134	157
	135	158
	137	159
	138	160
	139	161
	140	162
	141	167
	143	170
	144	175
	146	178
	147	183
	150	188
	152	189
	153	194
	155	199
	156	204
	158	209
	159	214
	162	219
	164	220
	165	221
	166	222
	170	226
	171	227
	175	231
	180	236
	181	237
	184	240
	185	241
	186	242
	188	245
	189	246
	192	249
	193	250
	194	251
	196	254
	197	255
	199	258
	200	259
	201	260
	210	270
	83	81
	211	271
	84	82
	212	272
	213	273
	87	94
	88	95
	89	96
	217	277
	90	97
	218	278
	91	98
	219	279
	92	99
	220	280
	93	100
	94	101
	222	283
	95	102
	223	284
	224	285
	225	286
	98	108
	227	287
	228	288
	229	289
	102	120
	106	125
	111	131
	112	132
	113	133
	114	134
	116	137
	119	141
	121	144
	122	145
	123	146
	124	147
	125	148
	126	149
	127	150
net/minecraft/client/gui/contextualbar/JumpableVehicleBar	45	42
	33	30
	34	31
	35	38
	38	33
	39	34
	40	35
	42	38
	45	42
	22	21
	23	22
	24	23
	28	27
	29	28
	31	29
net/minecraft/client/particle/HugeExplosionSeedParticle	31	41
	10	10
	11	11
	12	12
	16	16
	17	17
	18	18
	19	19
	20	20
	22	23
	23	24
	24	25
	26	27
	31	41
net/minecraft/client/renderer/entity/WolfRenderer	55	45
	35	27
	40	31
	45	35
	46	36
	47	37
	48	38
	17	16
	49	39
	50	40
	19	17
	51	41
	20	18
	52	42
	21	19
	53	43
	54	44
	55	45
	26	22
	27	23
	28	23
	30	23
net/minecraft/client/renderer/texture/package-info	0	0
net/minecraft/client/PeriodicNotificationManager	176	190
	128	146
	129	147
	130	148
	142	158
	143	159
	144	160
	145	161
	148	164
	150	165
	155	169
	156	170
	158	172
	31	36
	159	173
	32	38
	33	39
	34	40
	35	41
	163	174
	36	43
	164	175
	166	176
	167	179
	168	180
	170	182
	171	183
	173	186
	47	56
	48	57
	176	190
	49	58
	53	67
	54	83
	55	84
	56	85
	58	86
	63	93
	64	95
	65	96
	66	97
	67	98
	69	99
	70	100
	71	119
	74	101
	75	102
	76	103
	77	119
	80	105
	81	106
	83	107
	84	108
	87	111
	88	112
	90	114
	93	117
	94	119
	98	122
	99	123
	102	126
	103	127
	105	129
	108	132
	109	132
	110	133
	111	134
	113	135
	114	135
	118	139
	119	139
	120	139
	121	139
	126	144
	127	145
net/minecraft/client/gui/navigation/ScreenRectangle	135	120
	128	115
	129	116
	130	117
	131	118
	132	119
	133	120
	134	120
	135	120
	12	12
	13	13
	16	16
	20	22
	21	23
	22	24
	27	29
	31	33
	32	34
	33	35
	38	40
	39	41
	40	41
	42	41
	46	45
	48	46
	49	47
	50	48
	52	49
	56	53
	60	57
	61	58
	62	59
	63	60
	64	61
	68	65
	72	70
	73	71
	74	72
	75	73
	76	74
	77	74
	79	74
	83	78
	84	78
	85	78
	86	78
	90	82
	94	86
	98	90
	102	94
	106	98
	110	102
	115	106
	116	107
	117	108
	118	108
	119	108
	125	112
	126	113
	127	114
net/minecraft/client/renderer/entity/UndeadHorseRenderer	79	66
	32	35
	36	39
	38	41
	39	41
	42	44
	77	64
	46	47
	78	65
	79	66
	51	51
	21	26
	22	26
	23	26
	26	27
	27	28
	29	29
	31	34
net/minecraft/client/gui/screens/advancements/AdvancementTab	209	215
	128	131
	129	132
	130	133
	135	138
	136	139
	138	141
	140	143
	143	146
	147	151
	148	152
	149	153
	151	155
	152	156
	153	160
	154	155
	156	157
	158	163
	162	168
	163	169
	165	172
	166	173
	168	175
	43	49
	171	178
	44	50
	45	51
	46	52
	47	53
	175	182
	48	54
	49	55
	50	56
	51	57
	179	186
	52	58
	180	187
	53	59
	181	191
	56	62
	184	188
	185	189
	186	191
	60	66
	189	194
	190	195
	191	196
	64	70
	192	197
	193	198
	194	199
	195	200
	68	74
	196	201
	197	202
	199	204
	72	78
	200	205
	202	207
	76	82
	77	83
	205	211
	78	84
	79	85
	80	86
	209	215
	82	88
	85	91
	86	92
	89	95
	90	96
	91	97
	92	98
	95	101
	96	102
	97	103
	99	104
	100	105
	101	106
	102	107
	103	108
	105	110
	106	111
	107	112
	111	116
	112	117
	113	118
	115	119
	116	120
	117	121
	120	124
	122	125
	123	126
	124	127
	125	128
	126	129
	127	130
net/minecraft/client/player/AbstractClientPlayer	122	118
	64	62
	69	68
	74	72
	75	73
	76	74
	80	77
	81	78
	82	79
	86	83
	87	86
	89	84
	28	26
	92	89
	93	90
	30	27
	31	28
	96	93
	98	94
	35	32
	99	95
	36	33
	102	98
	103	99
	40	38
	104	100
	41	39
	105	101
	43	42
	108	104
	109	105
	110	106
	111	107
	48	46
	112	108
	49	47
	113	109
	50	48
	53	51
	117	113
	54	52
	58	56
	122	118
	63	61
net/minecraft/client/KeyboardHandler	703	700
	514	528
	515	529
	516	530
	517	531
	518	532
	519	533
	520	534
	521	535
	526	539
	528	540
	530	542
	531	543
	533	544
	534	544
	538	545
	539	546
	541	548
	543	550
	544	550
	547	551
	550	554
	551	555
	552	592
	555	557
	556	558
	557	559
	558	560
	559	561
	560	562
	561	563
	562	563
	563	564
	564	565
	565	566
	571	571
	572	572
	575	575
	576	576
	577	577
	578	578
	582	582
	584	583
	585	584
	587	586
	76	77
	588	587
	77	78
	591	592
	594	595
	595	609
	597	596
	598	597
	87	81
	599	609
	89	83
	90	84
	602	599
	603	600
	92	86
	604	601
	93	87
	605	602
	94	88
	606	603
	607	604
	608	605
	97	98
	98	99
	610	609
	99	100
	613	612
	102	103
	614	619
	103	104
	105	106
	617	613
	106	107
	618	614
	107	108
	619	615
	620	619
	110	92
	622	616
	111	93
	623	619
	112	94
	626	622
	115	112
	627	623
	116	113
	117	114
	119	116
	631	627
	120	117
	632	628
	633	629
	122	120
	634	630
	635	631
	125	123
	637	634
	126	124
	638	635
	639	636
	128	126
	129	127
	641	638
	130	128
	644	641
	133	132
	134	133
	646	642
	135	134
	647	643
	648	644
	137	96
	650	645
	651	646
	652	647
	142	140
	654	648
	143	141
	655	649
	656	650
	657	650
	146	144
	659	651
	150	151
	662	654
	151	152
	663	655
	664	656
	154	155
	666	658
	155	156
	158	159
	670	662
	159	160
	671	663
	673	665
	162	163
	163	164
	676	668
	677	669
	166	167
	678	670
	167	168
	679	671
	680	672
	681	673
	170	169
	682	674
	171	170
	684	677
	685	678
	174	172
	686	679
	175	173
	687	680
	688	681
	177	178
	178	179
	690	684
	691	685
	692	687
	181	175
	693	689
	182	176
	694	689
	697	693
	187	183
	699	696
	188	184
	700	697
	189	185
	190	186
	191	187
	703	700
	192	188
	195	191
	196	191
	197	192
	198	193
	199	194
	203	197
	204	198
	205	199
	208	202
	209	202
	210	203
	211	204
	212	205
	216	208
	217	209
	218	210
	219	211
	220	212
	223	215
	224	216
	225	217
	227	220
	230	223
	231	224
	232	225
	233	226
	234	227
	236	229
	237	230
	239	233
	242	236
	243	237
	244	238
	246	240
	248	243
	251	246
	252	247
	253	248
	254	249
	255	250
	256	251
	258	254
	260	257
	263	260
	264	261
	265	262
	266	263
	267	264
	270	267
	271	268
	272	269
	273	270
	275	271
	276	272
	277	273
	279	274
	280	275
	283	278
	284	279
	285	280
	286	281
	289	284
	290	285
	291	286
	293	293
	296	296
	297	296
	298	297
	299	298
	300	310
	304	313
	305	314
	306	315
	307	316
	310	319
	311	320
	312	321
	315	324
	316	325
	317	326
	320	329
	321	330
	322	331
	325	334
	326	335
	327	336
	330	339
	334	344
	335	345
	336	403
	339	346
	341	348
	342	349
	343	350
	345	351
	346	352
	347	353
	348	354
	349	355
	350	356
	352	358
	353	359
	354	360
	355	361
	358	364
	359	365
	363	369
	364	370
	365	371
	366	372
	367	373
	368	374
	369	375
	370	376
	372	378
	373	381
	374	382
	375	383
	376	394
	377	395
	380	398
	381	399
	387	403
	390	406
	391	407
	392	408
	394	411
	395	412
	396	413
	400	417
	401	418
	402	419
	403	420
	404	421
	406	423
	408	426
	409	427
	412	430
	413	431
	414	592
	417	432
	420	433
	421	434
	422	435
	423	436
	424	437
	425	438
	426	439
	428	441
	429	442
	430	443
	431	444
	432	445
	439	448
	441	449
	442	450
	444	462
	445	452
	449	466
	450	466
	451	467
	452	468
	453	469
	454	470
	455	471
	456	472
	457	473
	459	476
	460	479
	461	480
	462	481
	463	484
	464	486
	465	487
	471	491
	472	492
	473	493
	475	494
	476	495
	477	496
	478	497
	479	498
	480	499
	484	503
	492	507
	495	509
	496	518
	497	519
	500	520
	501	521
	502	522
	504	525
	506	510
	507	510
	508	511
	509	512
	511	515
net/minecraft/client/gui/render/pip/GuiBannerResultRenderer	40	46
	32	27
	34	28
	35	30
	36	42
	21	17
	22	18
	40	46
	26	22
	31	26
net/minecraft/client/resources/model/sprite/MaterialBaker	88	87
	64	57
	34	29
	66	57
	35	30
	36	31
	70	61
	71	62
	40	34
	76	66
	77	67
	46	38
	47	39
	81	71
	50	41
	82	75
	51	42
	53	43
	85	78
	54	44
	86	84
	56	46
	88	87
	62	56
	63	57
net/minecraft/client/renderer/fog/environment/BlindnessFogEnvironment	44	45
	32	32
	36	36
	37	37
	38	38
	39	39
	41	41
	44	45
	17	17
	22	22
	23	23
	24	24
	25	25
	26	26
	27	27
	28	28
	29	29
net/minecraft/client/renderer/entity/BoatRenderer	35	39
	32	34
	33	35
	35	39
	20	20
	21	21
	22	22
	23	23
	27	27
net/minecraft/client/gui/screens/achievement/StatsScreen	632	640
	512	389
	513	390
	514	391
	518	395
	519	396
	520	397
	521	398
	522	399
	523	400
	524	401
	525	402
	526	403
	527	404
	528	405
	529	406
	531	407
	532	408
	534	409
	535	410
	537	412
	541	416
	546	421
	553	428
	554	432
	555	435
	556	436
	557	437
	561	441
	562	442
	563	443
	564	444
	570	559
	571	560
	573	562
	574	563
	575	564
	578	567
	582	571
	73	67
	587	576
	591	580
	82	74
	84	75
	85	76
	86	77
	601	590
	90	81
	602	592
	91	82
	92	83
	604	593
	93	84
	605	594
	94	85
	606	595
	95	86
	607	596
	96	88
	97	89
	609	598
	98	90
	610	599
	100	91
	101	92
	613	602
	102	93
	614	603
	103	94
	615	604
	104	95
	616	605
	105	96
	106	97
	618	607
	107	98
	619	608
	108	99
	109	100
	621	610
	110	101
	113	104
	625	614
	114	105
	626	615
	115	106
	627	616
	628	617
	117	109
	118	110
	632	621
	122	115
	123	116
	124	117
	125	118
	126	119
	127	120
	128	121
	129	122
	131	124
	134	127
	135	136
	137	128
	138	129
	139	130
	140	131
	142	133
	144	136
	148	140
	149	149
	151	141
	153	142
	154	143
	155	144
	156	145
	157	146
	158	147
	159	149
	163	153
	164	153
	166	153
	171	158
	172	159
	173	160
	177	164
	178	165
	179	166
	183	170
	184	171
	189	630
	190	631
	191	632
	192	633
	193	634
	197	638
	198	639
	199	640
	203	179
	204	180
	206	181
	207	182
	208	184
	209	185
	211	187
	215	191
	220	196
	224	200
	230	207
	231	209
	232	210
	233	211
	236	214
	241	219
	242	220
	243	221
	244	222
	245	223
	246	224
	247	225
	251	230
	257	174
	272	253
	277	251
	278	252
	280	254
	281	255
	282	256
	284	257
	285	259
	286	260
	288	262
	289	263
	290	264
	294	268
	295	269
	299	273
	300	274
	302	276
	303	277
	304	278
	308	282
	309	283
	313	287
	314	288
	315	289
	316	291
	317	292
	320	295
	324	299
	327	302
	332	307
	336	311
	340	315
	341	316
	342	317
	344	319
	345	320
	346	320
	348	320
	352	325
	353	326
	354	327
	355	328
	356	329
	358	331
	359	332
	362	335
	363	336
	366	339
	367	340
	368	341
	369	343
	370	344
	372	346
	375	349
	376	350
	377	351
	378	352
	380	354
	381	355
	384	528
	388	533
	389	534
	393	537
	394	538
	395	539
	396	540
	397	541
	398	542
	399	543
	401	545
	402	546
	403	547
	406	550
	407	551
	410	552
	416	360
	425	453
	426	455
	427	456
	428	457
	431	460
	436	465
	437	466
	439	467
	440	468
	441	470
	443	472
	444	473
	446	475
	448	478
	450	481
	451	482
	452	486
	454	490
	457	493
	458	494
	459	495
	463	499
	468	504
	472	509
	473	510
	474	511
	478	515
	479	516
	480	517
	484	521
	485	522
	504	383
	506	381
	507	384
	508	385
	509	386
	510	387
	511	388
net/minecraft/client/renderer/entity/layers/WitchItemLayer	28	27
	11	11
	12	12
	16	15
	17	16
	18	17
	19	18
	20	19
	21	20
	22	21
	23	22
	24	23
	25	27
	27	25
	28	27
net/minecraft/client/renderer/fog/environment/AtmosphericFogEnvironment	119	98
	31	27
	33	28
	34	29
	35	30
	36	31
	37	32
	38	33
	39	34
	40	35
	41	36
	42	37
	47	42
	48	43
	50	44
	51	44
	54	45
	55	46
	57	47
	59	47
	63	51
	64	52
	65	53
	66	54
	68	57
	69	58
	71	61
	76	66
	78	67
	79	68
	80	69
	82	70
	85	71
	86	72
	88	73
	90	73
	92	74
	93	75
	94	75
	98	77
	99	78
	100	79
	101	80
	102	81
	104	83
	107	86
	108	87
	109	88
	110	89
	111	90
	112	91
	113	92
	114	93
	115	94
	119	98
net/minecraft/client/particle/NoRenderParticle	16	16
	16	16
	7	7
	8	8
	11	11
	12	12
net/minecraft/client/telemetry/TelemetryEventLog	38	35
	20	18
	36	33
	21	19
	37	34
	22	20
	38	35
	25	23
	27	25
	28	26
	29	27
	31	29
net/minecraft/client/model/animal/turtle/BabyTurtleModel	53	33
	15	13
	16	14
	19	17
	20	18
	22	19
	23	19
	24	19
	25	19
	27	20
	28	20
	29	20
	30	20
	32	21
	33	22
	34	22
	35	22
	37	24
	38	25
	39	25
	40	25
	42	27
	43	28
	44	28
	45	28
	47	30
	48	31
	49	31
	50	31
	53	33
net/minecraft/client/gui/components/AbstractStringWidget	79	80
	65	66
	66	67
	67	68
	70	71
	71	72
	75	76
	76	77
	77	78
	79	80
	19	19
	20	20
	21	21
	28	28
	29	29
	30	30
	32	32
	35	35
	37	38
	38	39
	42	43
	43	44
	44	45
	45	46
	46	47
	47	48
	48	49
	52	53
	53	54
	57	58
	60	61
net/minecraft/client/gui/screens/inventory/SignEditScreen	43	42
	35	35
	36	36
	22	23
	38	37
	39	38
	24	24
	25	25
	26	26
	43	42
	30	30
net/minecraft/client/resources/server/DownloadedPackSource	447	446
	256	259
	260	259
	263	260
	265	261
	266	262
	267	263
	268	264
	269	265
	271	268
	274	271
	279	275
	283	279
	284	279
	286	279
	290	283
	291	284
	292	285
	293	286
	295	287
	296	288
	298	289
	299	290
	300	291
	301	292
	305	296
	306	297
	307	298
	310	301
	311	302
	312	303
	313	304
	314	305
	315	306
	317	309
	319	311
	66	65
	322	314
	67	66
	323	315
	324	316
	325	317
	71	70
	72	71
	328	319
	331	322
	332	323
	333	324
	336	326
	339	330
	340	330
	342	330
	346	334
	347	335
	348	336
	94	84
	351	339
	96	87
	352	340
	97	88
	98	89
	355	343
	356	344
	101	92
	102	93
	103	93
	359	347
	360	348
	105	95
	363	351
	108	100
	109	101
	366	354
	367	356
	368	357
	113	105
	369	358
	114	106
	371	360
	116	107
	372	361
	117	107
	120	108
	376	365
	377	367
	378	368
	123	126
	379	369
	380	370
	125	122
	381	371
	126	123
	382	372
	127	124
	384	374
	385	375
	130	125
	133	130
	134	131
	390	380
	391	381
	392	382
	137	134
	393	384
	138	135
	394	387
	395	390
	140	137
	397	392
	142	140
	143	141
	400	395
	401	396
	402	397
	147	144
	403	398
	148	145
	149	146
	150	147
	406	401
	151	148
	407	402
	410	405
	155	151
	411	406
	156	152
	157	153
	158	154
	414	409
	415	410
	416	413
	162	157
	163	158
	419	418
	164	159
	420	419
	168	162
	424	423
	169	163
	425	424
	170	164
	426	425
	427	426
	172	166
	429	428
	175	169
	176	170
	432	432
	177	171
	433	433
	178	172
	179	173
	435	435
	181	175
	439	439
	184	178
	440	440
	441	441
	442	442
	189	189
	446	445
	447	446
	195	192
	196	193
	197	195
	198	197
	199	199
	200	201
	201	203
	202	205
	207	211
	211	212
	213	212
	216	215
	217	216
	222	227
	228	230
	229	231
	230	232
	231	233
	233	235
	236	238
	237	239
	238	240
	240	243
	241	244
	246	249
	250	254
	252	256
	253	257
	254	258
net/minecraft/client/model/animal/panda/PandaModel	126	113
	18	15
	19	16
	22	19
	23	20
	25	21
	26	23
	27	24
	28	26
	29	28
	30	30
	31	32
	33	34
	34	36
	35	36
	36	37
	39	39
	40	40
	41	41
	42	41
	43	42
	44	43
	45	44
	46	45
	48	46
	53	50
	55	51
	56	52
	57	53
	59	54
	60	55
	62	57
	65	60
	66	61
	67	62
	68	63
	69	64
	70	65
	74	69
	75	70
	77	71
	78	72
	80	73
	81	74
	84	77
	85	78
	86	79
	87	80
	90	83
	91	84
	92	85
	93	86
	96	89
	97	90
	98	91
	99	92
	100	93
	102	94
	105	97
	106	98
	108	99
	109	100
	110	101
	111	102
	113	104
	116	107
	117	108
	120	109
	121	110
	124	111
	125	112
	126	113
com/mojang/realmsclient/gui/screens/RealmsSelectFileToUploadScreen	107	114
	64	70
	65	71
	66	72
	67	73
	70	76
	71	77
	72	79
	74	81
	76	82
	77	83
	78	84
	79	85
	83	89
	84	90
	86	93
	87	94
	91	98
	92	99
	95	102
	96	103
	98	105
	101	108
	102	109
	40	38
	41	39
	42	40
	106	113
	43	41
	107	114
	44	42
	45	43
	49	47
	50	48
	51	49
	52	50
	53	51
	54	52
	55	53
	57	55
	60	59
	61	61
	62	66
	63	68
net/minecraft/client/renderer/state/package-info	0	0
net/minecraft/client/resources/IndexedAssetSource	51	66
	32	34
	33	35
	34	36
	35	37
	37	38
	38	39
	39	40
	40	41
	42	42
	45	60
	46	61
	47	62
	48	63
	51	66
	25	25
	27	26
	29	27
	30	45
	31	33
net/minecraft/client/model/animal/cow/CowModel	62	59
	23	20
	24	21
	27	24
	28	25
	32	29
	33	30
	35	31
	36	33
	37	34
	38	36
	39	38
	40	40
	41	42
	43	44
	44	46
	45	46
	46	46
	47	47
	50	49
	51	49
	52	50
	53	50
	54	51
	55	52
	56	53
	57	54
	58	55
	62	59
net/minecraft/client/model/monster/slime/SlimeModel	56	31
	32	25
	33	26
	35	27
	36	27
	37	27
	40	28
	41	28
	42	28
	45	29
	46	29
	15	14
	47	29
	16	15
	50	30
	19	18
	51	30
	20	19
	52	30
	22	20
	23	20
	24	20
	56	31
	28	21
com/mojang/blaze3d/platform/package-info	0	0
net/minecraft/client/gui/components/toasts/ToastManager	270	274
	256	261
	257	262
	258	263
	260	265
	263	268
	264	274
	266	269
	267	270
	268	271
	269	272
	270	274
	39	35
	40	36
	41	37
	44	40
	45	41
	46	42
	47	43
	49	44
	50	45
	51	46
	54	49
	55	50
	56	51
	58	53
	61	56
	62	57
	63	58
	64	59
	65	60
	66	61
	68	63
	69	64
	70	65
	71	66
	72	67
	74	70
	78	75
	79	76
	80	77
	82	79
	85	82
	86	98
	88	83
	89	84
	90	85
	92	88
	93	89
	95	92
	96	95
	98	98
	101	101
	102	102
	103	104
	104	105
	105	106
	106	107
	107	108
	111	113
	115	117
	120	122
	121	123
	122	124
	125	128
	126	129
	127	130
	130	134
	134	138
	135	139
	136	140
	137	141
	140	144
	141	145
	144	148
	145	149
	146	150
	148	152
	151	155
	152	156
	154	158
	157	161
	161	165
	165	169
	166	172
	168	174
	171	177
	172	188
	173	179
	175	182
	176	183
	177	184
	181	190
	197	205
	198	207
	199	208
	200	209
	201	210
	202	211
	205	214
	209	218
	210	219
	211	220
	212	221
	213	222
	214	223
	215	224
	218	227
	222	231
	223	232
	224	233
	225	234
	227	236
	229	238
	232	241
	234	242
	235	243
	236	244
	239	247
	240	248
	243	251
	244	252
	246	253
	248	254
	250	255
	252	256
	253	257
	255	260
net/minecraft/client/renderer/Projection	102	100
	66	66
	67	67
	68	68
	69	69
	70	70
	72	71
	78	76
	82	80
	86	84
	23	20
	24	34
	90	88
	27	26
	28	27
	29	28
	30	29
	94	92
	31	30
	32	31
	33	32
	34	34
	98	96
	37	37
	38	52
	102	100
	41	43
	42	44
	43	45
	44	46
	45	47
	46	48
	47	49
	48	50
	49	52
	52	55
	53	56
	54	57
	55	58
	58	61
	59	62
	62	64
	63	65
net/minecraft/client/gui/screens/inventory/tooltip/ClientTooltipPositioner	0	0
net/minecraft/client/gui/screens/recipebook/RecipeButton	191	172
	129	114
	132	117
	136	121
	140	125
	141	126
	146	130
	147	131
	148	132
	149	133
	150	134
	154	138
	155	139
	156	140
	158	143
	163	148
	164	149
	165	150
	166	150
	167	150
	42	37
	170	152
	43	38
	44	39
	172	154
	47	42
	176	158
	49	43
	50	46
	51	47
	53	48
	181	163
	54	49
	55	50
	56	51
	58	53
	186	168
	187	169
	61	56
	62	57
	190	171
	191	172
	64	58
	67	60
	69	62
	70	63
	72	64
	73	65
	76	69
	80	74
	86	80
	87	81
	88	82
	90	84
	93	86
	94	87
	96	89
	100	92
	101	93
	102	94
	104	95
	105	96
	106	97
	107	98
	109	99
	112	102
	114	103
	115	104
	119	105
	120	106
	121	107
	124	110
	126	111
	127	112
net/minecraft/client/gui/screens/reporting/ChatSelectionScreen	441	436
	260	271
	282	301
	283	303
	284	304
	285	305
	287	306
	288	307
	289	308
	290	310
	291	311
	292	312
	294	314
	295	315
	297	318
	298	319
	302	323
	303	324
	306	327
	307	328
	308	329
	310	330
	311	331
	58	56
	314	334
	59	57
	315	335
	60	58
	316	336
	61	59
	62	60
	63	61
	319	339
	320	340
	321	341
	67	65
	323	342
	324	347
	69	66
	70	67
	327	350
	72	68
	73	68
	74	68
	330	354
	331	353
	76	69
	332	354
	77	70
	333	355
	78	71
	79	72
	80	73
	336	358
	337	359
	82	74
	83	75
	84	76
	341	363
	87	79
	346	368
	91	83
	92	84
	93	85
	351	373
	96	88
	352	374
	97	89
	100	92
	101	93
	357	379
	358	379
	360	379
	105	97
	106	98
	108	99
	365	384
	110	100
	111	101
	112	102
	113	103
	114	104
	370	389
	116	105
	117	106
	118	107
	375	394
	122	111
	123	112
	379	398
	380	399
	381	400
	382	401
	127	116
	384	403
	135	125
	136	126
	137	127
	396	416
	141	131
	397	418
	142	132
	398	419
	143	133
	399	420
	144	134
	400	421
	146	136
	404	425
	405	426
	150	140
	406	427
	151	141
	152	142
	408	428
	153	144
	409	429
	154	146
	410	430
	155	147
	156	148
	159	152
	160	154
	416	230
	417	232
	162	155
	418	233
	163	156
	164	157
	166	160
	422	237
	167	161
	423	238
	425	239
	426	240
	171	165
	427	241
	172	166
	173	167
	429	242
	174	168
	430	243
	175	169
	434	247
	179	173
	183	177
	441	436
	188	183
	189	184
	190	185
	191	186
	194	189
	195	190
	198	193
	199	194
	200	195
	201	196
	202	197
	204	199
	209	205
	214	209
	215	210
	216	211
	217	212
	219	214
	223	218
	224	219
	225	219
	227	219
	231	223
	236	277
	243	254
	247	258
	251	262
	255	266
net/minecraft/client/multiplayer/chat/GuiMessage	35	33
	32	16
	17	24
	35	19
	21	29
	25	33
	31	15
net/minecraft/client/renderer/special/ConduitSpecialRenderer	48	60
	48	49
	35	60
	21	19
	22	20
	23	21
	41	32
	42	43
	46	47
	30	56
	47	48
net/minecraft/client/sounds/MusicManager	198	190
	129	125
	130	126
	131	127
	132	128
	135	130
	136	131
	140	137
	141	137
	144	137
	148	142
	149	143
	150	144
	151	145
	154	149
	30	29
	158	153
	31	30
	159	154
	32	31
	160	155
	35	34
	36	35
	37	36
	38	37
	39	38
	43	42
	44	43
	45	44
	46	63
	175	168
	176	169
	49	46
	177	170
	50	47
	178	171
	51	48
	52	49
	181	174
	182	175
	55	52
	183	176
	56	53
	184	177
	57	54
	186	179
	187	180
	188	181
	61	58
	63	59
	64	60
	193	186
	66	63
	69	66
	198	190
	73	70
	74	71
	75	72
	77	74
	78	75
	79	76
	80	78
	82	81
	83	82
	86	85
	87	86
	88	87
	90	89
	93	92
	94	93
	96	95
	99	98
	100	99
	101	100
	102	101
	104	104
	105	105
	108	108
	109	109
	111	110
	112	111
	114	113
	117	114
	118	115
	119	116
	124	119
	125	120
	126	121
net/minecraft/client/renderer/entity/SnifferRenderer	43	37
	32	28
	33	29
	34	30
	35	31
	36	32
	37	33
	38	34
	43	37
	16	15
	17	16
	21	19
	26	23
	31	27
net/minecraft/client/gui/screens/inventory/GrindstoneScreen	28	27
	16	16
	20	20
	21	21
	22	22
	23	23
	25	24
	26	25
	28	27
	15	15
net/minecraft/client/ResourceLoadStateTracker	106	104
	65	65
	66	66
	67	67
	68	68
	70	70
	82	93
	83	94
	84	95
	23	21
	87	98
	24	22
	88	99
	25	23
	89	100
	27	26
	91	101
	28	29
	92	102
	94	104
	31	32
	32	33
	33	34
	36	37
	37	38
	40	41
	41	42
	105	81
	106	82
	43	44
	45	46
	48	49
	49	50
	50	51
	51	52
	53	54
	59	60
	60	61
	63	64
net/minecraft/client/renderer/entity/state/CatRenderState	0	0
net/minecraft/client/particle/SplashParticle	28	39
	17	19
	23	25
	24	26
	10	12
	11	13
	12	14
	28	39
	13	15
	14	16
	15	17
net/minecraft/client/gui/screens/friends/IncomingEntry	80	70
	64	52
	65	53
	66	54
	70	58
	75	63
	76	64
	77	66
	78	67
	79	69
	80	70
	29	31
	30	32
	31	33
	33	35
	34	36
	36	38
	37	39
	38	40
	39	41
	40	41
	41	41
	42	41
	43	41
	44	41
	45	41
	46	42
	48	43
	49	44
	50	45
	51	46
	52	46
	53	46
	54	46
	55	46
	56	46
	57	46
	58	47
	59	48
net/minecraft/client/particle/ReversePortalParticle	50	56
	33	31
	35	32
	36	33
	37	34
	38	36
	10	12
	12	13
	44	42
	13	14
	45	43
	14	15
	49	56
	18	19
	50	56
	19	20
	24	25
	25	26
	26	27
	28	28
	29	29
	30	36
net/minecraft/client/model/monster/slime/SulfurCubeModel	42	29
	33	26
	34	27
	36	28
	37	28
	38	28
	42	29
	16	15
	17	16
	20	19
	21	20
	23	21
	24	21
	25	21
	29	22
net/minecraft/client/gui/font/glyphs/EffectGlyph	0	0
net/minecraft/client/renderer/LightmapRenderStateExtractor	101	88
	64	56
	66	57
	67	58
	68	58
	69	59
	70	60
	71	61
	73	63
	78	67
	80	68
	81	69
	83	70
	85	71
	86	72
	88	73
	89	74
	90	75
	91	76
	92	77
	29	28
	30	29
	94	79
	31	30
	96	82
	97	83
	34	33
	35	35
	99	84
	36	36
	100	85
	37	37
	101	88
	40	40
	41	41
	45	45
	46	46
	47	88
	50	47
	51	48
	52	49
	53	88
	56	50
	57	51
	58	52
	60	53
	61	54
	63	55
net/minecraft/client/gui/components/toasts/AdvancementToast	92	87
	65	62
	66	87
	69	63
	70	64
	72	65
	73	66
	74	67
	76	69
	77	70
	78	71
	79	72
	80	73
	82	75
	83	76
	84	78
	85	79
	86	80
	91	85
	92	87
	30	28
	31	29
	32	30
	36	34
	41	39
	42	40
	43	41
	44	45
	47	43
	48	45
	52	50
	56	54
	57	55
	62	60
	63	61
net/minecraft/client/renderer/entity/layers/ItemInHandLayer	61	64
	20	20
	21	21
	25	26
	26	27
	27	28
	30	39
	31	61
	34	40
	35	41
	38	42
	39	43
	42	44
	43	45
	44	46
	45	47
	46	48
	47	49
	48	50
	51	53
	52	54
	53	55
	56	58
	57	59
	58	61
	61	64
net/minecraft/client/renderer/state/level/QuadParticleRenderState	197	215
	141	158
	142	159
	144	162
	145	163
	146	164
	147	165
	148	166
	149	167
	150	168
	151	169
	152	170
	153	171
	154	172
	155	173
	156	174
	157	175
	158	176
	159	177
	160	178
	161	179
	164	182
	165	183
	166	184
	39	37
	167	185
	40	39
	41	40
	45	44
	46	45
	47	46
	50	49
	54	53
	55	54
	56	61
	184	202
	58	55
	59	56
	187	205
	188	206
	61	61
	191	209
	64	64
	192	210
	193	211
	194	212
	197	215
	82	84
	84	85
	85	86
	86	87
	87	88
	88	89
	91	105
	92	106
	93	107
	97	111
	98	112
	100	114
net/minecraft/client/model/animal/golem/SnowGolemModel	84	65
	64	50
	66	51
	67	52
	68	53
	70	54
	71	55
	73	56
	74	57
	76	58
	77	59
	79	60
	80	61
	81	62
	84	65
	24	22
	25	23
	26	24
	27	25
	28	26
	29	27
	32	30
	33	31
	34	32
	36	33
	38	34
	39	35
	40	35
	41	35
	43	37
	44	37
	45	38
	46	39
	48	40
	49	41
	50	41
	51	41
	53	43
	54	44
	55	44
	56	44
	59	46
com/mojang/blaze3d/GpuFormat	111	86
	97	78
	82	70
	104	82
	74	65
	90	74
	75	66
	76	67
	111	86
net/minecraft/client/model/animal/equine/AbstractEquineModel	218	178
	33	29
	34	30
	35	31
	37	32
	38	33
	39	34
	40	35
	42	36
	43	37
	46	48
	47	49
	48	50
	49	51
	50	52
	51	53
	52	54
	53	55
	54	56
	57	59
	58	60
	59	61
	60	63
	61	63
	62	64
	66	66
	67	68
	68	68
	69	69
	72	71
	73	72
	74	72
	76	74
	77	74
	78	74
	81	75
	82	75
	83	75
	87	76
	88	77
	89	77
	90	77
	92	79
	93	80
	94	80
	95	80
	97	82
	98	83
	99	83
	100	83
	102	85
	103	86
	104	86
	105	86
	108	88
	109	90
	110	90
	111	91
	114	93
	115	94
	116	94
	119	96
	120	97
	121	97
	125	99
	130	103
	133	104
	135	105
	136	106
	137	107
	138	108
	139	109
	142	112
	143	113
	144	114
	145	115
	146	116
	148	117
	149	118
	151	119
	152	120
	153	121
	156	122
	157	123
	158	124
	160	125
	162	126
	163	127
	164	128
	165	129
	166	130
	168	131
	169	132
	170	133
	171	134
	172	135
	173	136
	174	137
	175	138
	176	139
	177	140
	179	141
	180	142
	181	143
	182	144
	184	145
	185	146
	187	148
	189	150
	193	153
	196	156
	200	160
	204	164
	208	168
	212	172
	216	176
	217	177
	218	178
net/minecraft/client/gui/screens/ErrorScreen	39	38
	34	33
	35	34
	39	38
	13	12
	14	13
	15	14
	19	18
	21	20
	22	22
	26	26
	28	27
	29	28
	30	29
net/minecraft/client/PrioritizeChunkUpdates	27	25
	16	15
	22	20
	23	21
	24	22
	27	25
	15	14
net/minecraft/client/model/animal/panda/package-info	0	0
net/minecraft/client/gui/components/debug/DebugScreenProfile	25	24
	16	16
	17	17
	20	20
	25	24
	15	15
net/minecraft/client/resources/sounds/AbstractSoundInstance	115	117
	65	68
	70	73
	75	78
	80	83
	85	88
	90	93
	28	28
	29	29
	95	98
	32	32
	33	33
	34	34
	35	35
	100	103
	39	39
	105	108
	44	45
	45	46
	46	47
	110	113
	48	49
	49	50
	50	51
	115	117
	52	53
	55	56
	60	63
net/minecraft/client/renderer/entity/BoggedRenderer	34	30
	32	28
	17	16
	33	29
	18	17
	34	30
	22	20
	27	24
	15	15
net/minecraft/client/renderer/texture/MipmapGenerator	196	197
	13	15
	21	18
	22	19
	24	20
	25	21
	26	23
	27	24
	28	25
	29	26
	30	27
	31	28
	33	29
	34	31
	35	32
	36	34
	37	35
	38	36
	39	37
	40	38
	44	43
	48	47
	52	51
	53	52
	54	53
	55	54
	56	55
	57	56
	58	57
	60	59
	61	60
	63	61
	64	62
	65	63
	66	64
	69	67
	70	68
	71	70
	72	74
	77	77
	80	80
	81	81
	82	82
	83	83
	84	84
	85	85
	86	86
	89	89
	92	99
	93	100
	96	103
	97	104
	98	105
	99	106
	100	107
	104	111
	105	112
	108	114
	110	115
	112	116
	113	119
	114	120
	116	122
	117	123
	118	124
	120	126
	121	127
	123	128
	124	129
	126	131
	127	132
	128	133
	129	134
	130	135
	131	136
	133	138
	134	139
	136	141
	138	144
	142	148
	145	151
	146	152
	150	156
	158	161
	159	162
	160	163
	161	164
	163	165
	164	166
	165	167
	166	168
	167	169
	169	172
	170	173
	171	174
	172	175
	173	176
	175	179
	176	180
	177	181
	178	182
	179	183
	181	186
	182	187
	183	188
	184	189
	185	190
	187	193
	188	194
	189	195
	190	196
	192	197
	193	197
	194	197
	195	197
	196	197
com/mojang/realmsclient/dto/RealmsSlotUpdateDto	34	33
	34	33
	21	20
	27	26
net/minecraft/client/renderer/state/level/ParticlesRenderState	24	24
	17	17
	18	18
	21	21
	22	22
	24	24
	12	12
	13	13
	14	14
net/minecraft/client/gui/screens/MenuScreens	113	118
	69	63
	70	64
	71	65
	73	67
	76	83
	77	84
	78	85
	79	86
	80	87
	81	88
	83	89
	84	90
	86	91
	87	92
	88	93
	89	94
	90	95
	91	96
	92	97
	93	98
	94	99
	95	100
	96	101
	97	102
	98	103
	99	104
	100	105
	101	106
	102	107
	103	108
	41	44
	42	45
	106	70
	107	72
	44	46
	108	73
	45	50
	109	74
	110	75
	47	48
	48	50
	113	79
	52	54
	57	115
	59	116
	60	117
	61	118
net/minecraft/client/gui/layouts/AbstractLayout	85	85
	66	66
	70	70
	74	74
	75	75
	12	12
	76	76
	13	13
	77	77
	14	14
	78	78
	15	15
	16	16
	81	81
	82	82
	83	83
	20	20
	84	84
	21	21
	85	85
	22	22
	23	23
	24	24
	25	25
	29	29
	30	30
	31	31
	32	32
	33	33
	34	34
	38	38
	43	43
	48	48
	53	53
	61	61
	62	62
	63	63
net/minecraft/client/renderer/CubeMap	130	121
	128	119
	129	120
	130	121
	43	38
	44	39
	45	40
	46	41
	47	42
	50	45
	51	46
	52	47
	53	48
	55	49
	56	50
	57	51
	58	52
	59	53
	60	54
	62	55
	63	56
	64	57
	65	58
	66	59
	67	60
	68	61
	70	65
	71	66
	72	67
	73	68
	74	69
	76	70
	77	71
	78	72
	79	73
	81	75
	84	79
	85	80
	86	81
	87	82
	88	83
	89	84
	91	85
	92	86
	93	87
	94	88
	96	89
	97	90
	98	91
	99	92
	101	93
	102	94
	103	95
	104	96
	106	97
	107	98
	108	99
	109	100
	111	101
	112	102
	113	103
	114	104
	116	106
	117	107
	123	115
	124	116
net/minecraft/client/renderer/entity/state/FallingBlockRenderState	0	0
net/minecraft/client/renderer/item/properties/conditional/IsViewEntity	24	26
	17	19
	18	20
	19	21
	24	26
com/mojang/blaze3d/vulkan/glsl/SpvSampler	0	0
com/mojang/realmsclient/client/worldupload/RealmsUploadCanceledException	10	10
	10	10
net/minecraft/client/gui/screens/worldselection/WorldCreationUiState	332	328
	257	252
	261	256
	263	257
	264	261
	265	263
	266	264
	267	265
	268	266
	269	267
	270	270
	271	271
	274	272
	277	274
	280	277
	286	321
	287	323
	288	324
	292	328
	297	280
	301	284
	305	288
	306	289
	307	290
	310	293
	55	54
	56	55
	57	56
	58	57
	59	58
	60	59
	61	60
	62	61
	63	62
	64	63
	65	64
	66	65
	67	66
	68	67
	69	68
	70	69
	326	307
	327	308
	328	309
	73	72
	329	310
	74	73
	332	313
	77	76
	78	77
	79	78
	81	81
	82	82
	83	83
	85	86
	86	87
	88	89
	91	92
	92	93
	93	94
	94	95
	97	98
	99	100
	100	101
	101	102
	104	106
	106	109
	110	112
	111	113
	112	114
	117	120
	121	124
	125	128
	126	129
	127	130
	130	133
	131	133
	133	133
	137	137
	138	138
	139	139
	142	142
	143	142
	145	142
	149	146
	153	150
	154	151
	155	152
	158	155
	159	156
	161	157
	162	158
	164	160
	165	160
	167	160
	171	165
	172	166
	173	167
	174	168
	177	171
	181	175
	182	176
	183	177
	186	180
	187	180
	189	180
	193	184
	194	185
	195	186
	198	189
	199	189
	201	189
	205	193
	206	194
	207	195
	208	196
	211	199
	215	203
	216	204
	217	205
	220	208
	221	209
	222	209
	225	210
	226	219
	228	221
	232	226
	236	230
	237	231
	238	232
	239	233
	241	235
	244	238
	248	243
	249	244
	253	248
net/minecraft/client/server/LanServerPinger	105	89
	66	57
	67	58
	70	61
	74	65
	75	66
	76	67
	78	69
	79	70
	80	70
	82	70
	86	76
	87	77
	88	78
	91	80
	92	81
	29	26
	30	27
	94	82
	31	28
	32	29
	33	30
	97	84
	98	85
	35	31
	99	86
	36	32
	101	88
	102	89
	103	89
	40	35
	41	36
	105	89
	43	38
	45	40
	47	41
	48	42
	49	43
	50	44
	51	45
	55	49
	56	50
	59	53
	63	56
net/minecraft/client/renderer/entity/ArmorStandRenderer	103	93
	64	62
	65	63
	66	64
	67	65
	68	66
	72	69
	73	70
	74	71
	78	74
	80	75
	81	76
	83	78
	87	81
	92	86
	29	28
	93	87
	31	29
	32	30
	96	89
	33	33
	97	90
	34	34
	98	91
	35	35
	100	93
	37	38
	101	93
	38	39
	39	40
	103	93
	40	41
	44	44
	49	48
	54	52
	55	53
	56	54
	57	55
	58	56
	59	57
	60	58
	61	59
	62	60
	63	61
net/minecraft/client/renderer/entity/VindicatorRenderer	35	45
	16	17
	18	21
	35	45
	21	32
	22	33
	24	35
	26	38
	30	41
net/minecraft/client/renderer/entity/state/ArmorStandRenderState	0	0
com/mojang/blaze3d/systems/GpuSurface	150	115
	143	107
	16	14
	144	109
	17	15
	145	110
	146	111
	21	18
	22	19
	150	115
	24	21
	25	23
	28	26
	29	27
	31	28
	32	29
	34	31
	35	32
	36	34
	39	37
	43	41
	47	45
	51	49
	55	53
	56	54
	58	55
	59	56
	61	58
	62	59
	63	60
	64	62
	67	65
	68	66
	70	67
	71	68
	73	69
	74	70
	76	71
	77	72
	79	73
	80	74
	82	75
	83	76
	87	78
	88	79
	89	81
	92	84
	93	85
	95	86
	96	87
	98	89
	99	90
	100	92
net/minecraft/client/renderer/entity/ZoglinRenderer	18	17
	18	17
	13	13
	14	14
net/minecraft/client/renderer/entity/IllusionerRenderer	75	85
	64	76
	66	78
	70	81
	75	85
	22	22
	24	26
	27	37
	28	38
	30	40
	32	43
	33	44
	37	47
	42	51
	47	55
	48	56
	49	57
	50	58
	51	59
	55	62
	56	63
	57	65
	58	66
	59	67
	60	72
	61	73
com/mojang/blaze3d/vertex/VertexSorting	30	31
	17	17
	21	21
	22	22
	23	23
	24	24
	25	26
	10	10
	26	27
	27	26
	13	13
	29	30
	30	31
net/minecraft/client/multiplayer/MultiPlayerGameMode	562	561
	512	513
	513	514
	514	515
	515	516
	518	519
	522	523
	529	527
	533	531
	537	536
	541	540
	545	544
	549	548
	553	552
	554	553
	557	556
	558	557
	561	560
	562	561
	89	91
	90	92
	91	93
	94	96
	95	97
	98	100
	99	101
	100	102
	101	103
	104	106
	105	107
	107	110
	108	111
	109	112
	112	115
	116	119
	117	120
	120	122
	121	123
	122	124
	123	125
	126	127
	128	128
	129	129
	133	130
	134	131
	137	133
	138	134
	140	135
	141	136
	142	137
	144	140
	145	141
	148	144
	152	151
	153	152
	156	153
	157	154
	160	156
	161	157
	162	158
	163	159
	164	160
	166	163
	167	164
	168	165
	171	167
	172	168
	173	169
	174	170
	175	171
	177	174
	179	177
	180	178
	181	179
	182	180
	185	183
	186	184
	187	185
	188	186
	190	189
	191	190
	193	192
	194	193
	195	194
	196	195
	197	196
	198	197
	200	200
	203	204
	207	209
	208	210
	209	211
	210	212
	211	213
	213	216
	214	217
	215	218
	216	219
	217	220
	219	222
	222	225
	224	226
	225	227
	226	228
	229	229
	230	230
	231	231
	232	232
	233	233
	234	234
	236	237
	237	238
	238	239
	240	241
	243	242
	244	243
	246	244
	247	245
	248	246
	251	248
	253	249
	254	250
	255	253
	256	255
	260	265
	262	266
	263	267
	264	268
	265	269
	266	270
	268	273
	269	274
	270	275
	273	277
	274	278
	275	279
	278	282
	279	283
	280	286
	282	283
	286	291
	287	292
	288	293
	289	294
	291	296
	294	299
	296	300
	297	301
	299	303
	301	305
	306	308
	307	309
	311	313
	312	314
	313	315
	314	316
	316	318
	319	321
	321	322
	322	323
	325	325
	326	326
	327	327
	328	328
	331	330
	335	335
	336	336
	337	337
	338	338
	342	340
	343	341
	345	342
	346	343
	347	344
	348	345
	350	348
	351	349
	352	350
	354	353
	355	354
	356	355
	357	356
	362	361
	363	374
	367	362
	369	364
	371	365
	372	366
	373	367
	375	369
	377	372
	381	380
	382	381
	384	383
	385	384
	386	385
	387	386
	388	387
	389	388
	390	389
	391	390
	394	392
	397	394
	398	395
	400	397
	405	400
	406	401
	408	404
	409	405
	411	408
	415	413
	419	419
	423	423
	424	424
	425	425
	426	426
	427	427
	430	430
	431	431
	436	434
	437	435
	440	438
	441	439
	442	440
	443	441
	444	441
	446	441
	451	445
	452	446
	453	447
	454	476
	456	449
	457	450
	458	451
	459	453
	460	454
	463	457
	465	458
	466	460
	467	461
	468	462
	469	463
	470	464
	473	468
	476	469
	477	476
	480	479
	481	480
	484	483
	485	484
	488	487
	489	488
	491	490
	495	493
	497	495
	498	499
	499	500
	501	502
	504	505
	505	506
	506	507
	507	508
	510	511
	511	512
net/minecraft/client/gui/screens/GenericMessageScreen	45	44
	36	36
	42	41
	43	42
	44	43
	13	13
	45	44
	14	14
	18	18
	19	19
	20	20
	24	24
	25	25
	27	27
	31	31
com/mojang/realmsclient/dto/RealmsJoinInformation	37	28
	32	22
	34	24
	35	26
	36	27
	37	28
	29	19
	30	20
	31	21
net/minecraft/client/model/animal/sheep/package-info	0	0
com/mojang/blaze3d/systems/RenderSystem	389	386
	256	253
	257	256
	259	261
	261	263
	262	266
	263	266
	264	254
	267	257
	270	268
	273	271
	274	272
	276	274
	280	280
	284	284
	285	285
	287	287
	292	292
	293	293
	294	294
	296	297
	297	298
	298	299
	300	302
	301	303
	46	42
	302	304
	47	43
	48	44
	304	307
	49	45
	305	308
	50	46
	306	309
	51	47
	52	48
	308	311
	54	50
	55	51
	56	52
	57	53
	58	54
	59	55
	60	56
	321	323
	322	324
	323	325
	324	326
	328	329
	329	330
	331	332
	334	335
	338	339
	339	340
	343	344
	344	373
	90	83
	347	345
	348	346
	94	87
	350	347
	95	88
	351	348
	97	90
	353	349
	98	92
	354	350
	356	351
	101	95
	359	354
	105	99
	361	355
	106	100
	362	357
	363	358
	108	102
	365	361
	111	105
	367	362
	368	363
	370	366
	115	109
	116	110
	372	368
	117	111
	373	371
	119	112
	375	371
	120	113
	123	116
	379	376
	381	378
	384	381
	129	120
	130	121
	133	125
	389	386
	137	129
	138	130
	141	134
	145	138
	146	139
	149	142
	150	143
	153	146
	157	150
	161	154
	165	158
	166	159
	168	161
	169	162
	170	163
	171	165
	174	168
	175	169
	176	170
	177	171
	178	172
	179	173
	181	176
	182	177
	184	179
	187	182
	188	183
	191	186
	192	187
	195	190
	196	191
	197	192
	198	193
	201	196
	202	197
	203	198
	204	199
	207	202
	208	203
	209	204
	210	205
	213	209
	214	210
	218	214
	219	215
	223	219
	224	220
	228	224
	229	226
	230	227
	231	228
	232	229
	237	234
	238	235
	241	239
	245	243
	246	244
	250	248
	251	249
	255	252
net/minecraft/client/model/animal/golem/package-info	0	0
net/minecraft/client/model/ambient/package-info	0	0
com/mojang/blaze3d/audio/SoundBuffer	77	75
	64	62
	65	63
	69	67
	73	71
	77	75
	23	18
	24	19
	25	20
	26	21
	30	24
	31	25
	32	26
	34	29
	35	30
	36	31
	37	32
	38	33
	40	36
	41	37
	42	38
	44	41
	45	42
	46	43
	49	46
	53	50
	54	51
	55	52
	56	53
	59	57
	60	58
	63	61
net/minecraft/client/gui/font/FontTexture	131	120
	128	116
	129	117
	131	120
	28	25
	29	26
	30	27
	31	28
	32	29
	33	30
	34	31
	35	32
	38	36
	39	37
	42	39
	44	40
	45	41
	47	42
	48	43
	52	44
	54	45
	57	48
	59	50
	61	52
	63	53
	64	54
	65	55
	66	56
	70	59
	75	66
	76	70
	78	67
	79	68
	80	70
	92	84
	93	85
	94	86
	95	87
	96	88
	99	92
	100	93
	101	94
	102	95
	104	98
	107	99
	108	100
	110	102
	111	103
	113	104
	114	105
	116	106
	117	107
	118	108
	121	110
	122	111
	124	112
	125	113
	126	114
